year,lat,lon,fires
2015,27.85,77.35,2
2015,27.85,77.45,13
2015,27.95,77.25,9
2015,27.95,77.35,7
2015,27.95,77.45,69
2015,27.95,77.55,9
2015,28.05,76.55,2
2015,28.05,77.25,5
2015,28.05,77.35,21
2015,28.05,77.45,12
2015,28.15,76.05,3
2015,28.15,76.65,1
2015,28.15,77.15,4
2015,28.15,77.25,5
2015,28.15,77.35,24
2015,28.15,77.45,5
2015,28.25,77.25,1
2015,28.25,77.35,14
2015,28.25,77.45,4
2015,28.35,76.05,4
2015,28.35,76.15,1
2015,28.35,76.65,1
2015,28.35,76.75,1
2015,28.35,77.25,1
2015,28.35,77.35,1
2015,28.45,76.35,2
2015,28.45,76.55,1
2015,28.45,76.65,1
2015,28.45,76.95,2
2015,28.45,77.35,1
2015,28.55,76.15,3
2015,28.55,76.45,2
2015,28.55,76.55,2
2015,28.55,76.75,1
2015,28.55,76.85,1
2015,28.55,77.05,1
2015,28.65,75.55,1
2015,28.65,76.45,1
2015,28.65,76.55,2
2015,28.65,76.65,4
2015,28.75,75.85,1
2015,28.75,76.15,1
2015,28.75,76.35,3
2015,28.75,76.45,1
2015,28.75,76.55,7
2015,28.75,76.65,1
2015,28.75,76.75,4
2015,28.75,76.85,1
2015,28.75,76.95,5
2015,28.85,76.05,3
2015,28.85,76.15,2
2015,28.85,76.25,5
2015,28.85,76.45,2
2015,28.85,76.55,2
2015,28.85,76.65,5
2015,28.85,76.85,2
2015,28.85,76.95,2
2015,28.85,77.05,1
2015,28.95,76.05,2
2015,28.95,76.15,10
2015,28.95,76.25,1
2015,28.95,76.35,7
2015,28.95,76.45,7
2015,28.95,76.55,3
2015,28.95,76.65,3
2015,28.95,76.75,7
2015,28.95,76.85,4
2015,28.95,76.95,3
2015,28.95,77.05,3
2015,28.95,77.15,5
2015,29.05,75.45,1
2015,29.05,75.65,1
2015,29.05,75.75,3
2015,29.05,75.85,1
2015,29.05,76.05,3
2015,29.05,76.15,5
2015,29.05,76.25,7
2015,29.05,76.35,13
2015,29.05,76.45,12
2015,29.05,76.55,11
2015,29.05,76.65,10
2015,29.05,76.75,4
2015,29.05,76.85,4
2015,29.05,76.95,3
2015,29.05,77.05,2
2015,29.05,77.15,6
2015,29.15,75.75,4
2015,29.15,75.85,1
2015,29.15,75.95,5
2015,29.15,76.05,23
2015,29.15,76.15,7
2015,29.15,76.25,13
2015,29.15,76.35,2
2015,29.15,76.45,5
2015,29.15,76.55,9
2015,29.15,76.65,3
2015,29.15,76.75,2
2015,29.15,76.85,6
2015,29.15,76.95,4
2015,29.15,77.05,1
2015,29.15,77.15,1
2015,29.25,75.65,3
2015,29.25,75.75,11
2015,29.25,75.85,1
2015,29.25,75.95,1
2015,29.25,76.05,3
2015,29.25,76.15,6
2015,29.25,76.25,7
2015,29.25,76.35,3
2015,29.25,76.45,15
2015,29.25,76.55,2
2015,29.25,76.65,5
2015,29.25,76.85,10
2015,29.25,76.95,4
2015,29.25,77.05,8
2015,29.25,77.15,2
2015,29.35,74.65,1
2015,29.35,74.95,1
2015,29.35,75.05,1
2015,29.35,75.15,10
2015,29.35,76.25,1
2015,29.35,76.35,6
2015,29.35,76.45,7
2015,29.35,76.55,9
2015,29.35,76.65,9
2015,29.35,76.75,4
2015,29.35,76.85,4
2015,29.35,76.95,7
2015,29.35,77.05,6
2015,29.35,77.15,1
2015,29.45,74.65,120
2015,29.45,74.75,132
2015,29.45,74.85,229
2015,29.45,74.95,167
2015,29.45,75.05,34
2015,29.45,75.15,18
2015,29.45,75.25,23
2015,29.45,75.35,6
2015,29.45,75.45,22
2015,29.45,75.55,7
2015,29.45,75.65,2
2015,29.45,75.75,6
2015,29.45,75.85,3
2015,29.45,75.95,1
2015,29.45,76.05,1
2015,29.45,76.15,8
2015,29.45,76.25,1
2015,29.45,76.35,1
2015,29.45,76.45,8
2015,29.45,76.55,24
2015,29.45,76.65,22
2015,29.45,76.75,4
2015,29.45,76.85,22
2015,29.45,76.95,10
2015,29.45,77.05,15
2015,29.45,77.15,1
2015,29.55,74.55,27
2015,29.55,74.65,291
2015,29.55,74.75,206
2015,29.55,74.85,166
2015,29.55,74.95,151
2015,29.55,75.05,126
2015,29.55,75.15,172
2015,29.55,75.25,184
2015,29.55,75.35,162
2015,29.55,75.45,175
2015,29.55,75.55,176
2015,29.55,75.65,64
2015,29.55,75.75,39
2015,29.55,75.85,74
2015,29.55,75.95,21
2015,29.55,76.05,48
2015,29.55,76.15,21
2015,29.55,76.25,1
2015,29.55,76.35,10
2015,29.55,76.45,11
2015,29.55,76.55,36
2015,29.55,76.65,63
2015,29.55,76.75,59
2015,29.55,76.85,38
2015,29.55,76.95,47
2015,29.55,77.05,36
2015,29.65,74.55,16
2015,29.65,74.65,20
2015,29.65,74.95,17
2015,29.65,75.05,52
2015,29.65,75.15,98
2015,29.65,75.25,70
2015,29.65,75.35,125
2015,29.65,75.45,132
2015,29.65,75.55,228
2015,29.65,75.65,306
2015,29.65,75.75,235
2015,29.65,75.85,134
2015,29.65,75.95,101
2015,29.65,76.05,37
2015,29.65,76.15,35
2015,29.65,76.25,9
2015,29.65,76.35,18
2015,29.65,76.45,6
2015,29.65,76.55,10
2015,29.65,76.65,63
2015,29.65,76.75,90
2015,29.65,76.85,74
2015,29.65,76.95,43
2015,29.65,77.05,29
2015,29.65,77.15,4
2015,29.75,74.65,3
2015,29.75,74.95,2
2015,29.75,75.05,8
2015,29.75,75.15,26
2015,29.75,75.25,102
2015,29.75,75.35,127
2015,29.75,75.45,204
2015,29.75,75.55,231
2015,29.75,75.65,251
2015,29.75,75.75,261
2015,29.75,75.85,242
2015,29.75,75.95,199
2015,29.75,76.05,210
2015,29.75,76.15,84
2015,29.75,76.25,48
2015,29.75,76.35,17
2015,29.75,76.45,2
2015,29.75,76.55,7
2015,29.75,76.65,31
2015,29.75,76.75,61
2015,29.75,76.85,69
2015,29.75,76.95,49
2015,29.75,77.05,69
2015,29.75,77.15,10
2015,29.85,74.55,45
2015,29.85,74.65,48
2015,29.85,74.75,16
2015,29.85,74.85,15
2015,29.85,74.95,16
2015,29.85,75.05,34
2015,29.85,75.15,64
2015,29.85,75.25,39
2015,29.85,75.35,19
2015,29.85,75.45,58
2015,29.85,75.55,81
2015,29.85,75.65,181
2015,29.85,75.75,214
2015,29.85,75.85,207
2015,29.85,75.95,228
2015,29.85,76.05,188
2015,29.85,76.15,198
2015,29.85,76.25,152
2015,29.85,76.35,112
2015,29.85,76.45,25
2015,29.85,76.55,37
2015,29.85,76.65,9
2015,29.85,76.75,18
2015,29.85,76.85,32
2015,29.85,76.95,22
2015,29.85,77.05,42
2015,29.85,77.15,22
2015,29.95,74.35,1
2015,29.95,74.45,21
2015,29.95,74.55,155
2015,29.95,74.65,35
2015,29.95,74.75,32
2015,29.95,74.85,40
2015,29.95,74.95,43
2015,29.95,75.05,33
2015,29.95,75.15,52
2015,29.95,75.25,78
2015,29.95,75.35,81
2015,29.95,75.45,159
2015,29.95,75.55,178
2015,29.95,75.65,215
2015,29.95,75.75,247
2015,29.95,75.85,181
2015,29.95,75.95,236
2015,29.95,76.05,163
2015,29.95,76.15,207
2015,29.95,76.25,131
2015,29.95,76.35,108
2015,29.95,76.45,62
2015,29.95,76.55,96
2015,29.95,76.65,55
2015,29.95,76.75,96
2015,29.95,76.85,42
2015,29.95,76.95,33
2015,29.95,77.05,18
2015,29.95,77.15,14
2015,29.95,77.25,6
2015,30.05,73.85,1
2015,30.05,74.05,9
2015,30.05,74.15,9
2015,30.05,74.25,11
2015,30.05,74.35,24
2015,30.05,74.45,194
2015,30.05,74.55,175
2015,30.05,74.65,123
2015,30.05,74.75,34
2015,30.05,74.85,54
2015,30.05,74.95,110
2015,30.05,75.05,78
2015,30.05,75.15,119
2015,30.05,75.25,150
2015,30.05,75.35,163
2015,30.05,75.45,135
2015,30.05,75.55,232
2015,30.05,75.65,276
2015,30.05,75.75,239
2015,30.05,75.85,230
2015,30.05,75.95,214
2015,30.05,76.05,200
2015,30.05,76.15,165
2015,30.05,76.25,86
2015,30.05,76.35,118
2015,30.05,76.45,57
2015,30.05,76.55,37
2015,30.05,76.65,79
2015,30.05,76.75,76
2015,30.05,76.85,27
2015,30.05,76.95,11
2015,30.05,77.05,28
2015,30.05,77.15,10
2015,30.05,77.25,6
2015,30.05,77.35,3
2015,30.15,73.95,4
2015,30.15,74.05,9
2015,30.15,74.15,31
2015,30.15,74.25,95
2015,30.15,74.35,127
2015,30.15,74.45,89
2015,30.15,74.55,183
2015,30.15,74.65,167
2015,30.15,74.75,107
2015,30.15,74.85,86
2015,30.15,74.95,52
2015,30.15,75.05,117
2015,30.15,75.15,193
2015,30.15,75.25,174
2015,30.15,75.35,244
2015,30.15,75.45,200
2015,30.15,75.55,234
2015,30.15,75.65,252
2015,30.15,75.75,244
2015,30.15,75.85,187
2015,30.15,75.95,206
2015,30.15,76.05,229
2015,30.15,76.15,175
2015,30.15,76.25,161
2015,30.15,76.35,125
2015,30.15,76.45,75
2015,30.15,76.55,42
2015,30.15,76.65,47
2015,30.15,76.75,65
2015,30.15,76.85,51
2015,30.15,76.95,26
2015,30.15,77.05,36
2015,30.15,77.15,10
2015,30.15,77.25,6
2015,30.15,77.35,9
2015,30.15,77.45,3
2015,30.25,73.95,47
2015,30.25,74.05,107
2015,30.25,74.15,11
2015,30.25,74.25,70
2015,30.25,74.35,99
2015,30.25,74.45,190
2015,30.25,74.55,147
2015,30.25,74.65,139
2015,30.25,74.75,75
2015,30.25,74.85,127
2015,30.25,74.95,78
2015,30.25,75.05,123
2015,30.25,75.15,214
2015,30.25,75.25,204
2015,30.25,75.35,239
2015,30.25,75.45,260
2015,30.25,75.55,282
2015,30.25,75.65,303
2015,30.25,75.75,240
2015,30.25,75.85,148
2015,30.25,75.95,220
2015,30.25,76.05,208
2015,30.25,76.15,219
2015,30.25,76.25,227
2015,30.25,76.35,140
2015,30.25,76.45,149
2015,30.25,76.55,103
2015,30.25,76.65,32
2015,30.25,76.75,29
2015,30.25,76.85,57
2015,30.25,76.95,33
2015,30.25,77.05,51
2015,30.25,77.15,32
2015,30.25,77.25,29
2015,30.25,77.35,14
2015,30.25,77.45,14
2015,30.25,77.55,1
2015,30.35,73.85,9
2015,30.35,73.95,148
2015,30.35,74.05,152
2015,30.35,74.15,105
2015,30.35,74.25,95
2015,30.35,74.35,161
2015,30.35,74.45,219
2015,30.35,74.55,243
2015,30.35,74.65,230
2015,30.35,74.75,217
2015,30.35,74.85,185
2015,30.35,74.95,151
2015,30.35,75.05,242
2015,30.35,75.15,224
2015,30.35,75.25,271
2015,30.35,75.35,253
2015,30.35,75.45,265
2015,30.35,75.55,195
2015,30.35,75.65,267
2015,30.35,75.75,296
2015,30.35,75.85,206
2015,30.35,75.95,199
2015,30.35,76.05,197
2015,30.35,76.15,190
2015,30.35,76.25,195
2015,30.35,76.35,130
2015,30.35,76.45,77
2015,30.35,76.55,96
2015,30.35,76.65,98
2015,30.35,76.75,75
2015,30.35,76.85,6
2015,30.35,76.95,18
2015,30.35,77.05,19
2015,30.35,77.15,34
2015,30.35,77.25,19
2015,30.35,77.35,12
2015,30.35,77.45,2
2015,30.45,73.95,85
2015,30.45,74.05,189
2015,30.45,74.15,280
2015,30.45,74.25,258
2015,30.45,74.35,159
2015,30.45,74.45,162
2015,30.45,74.55,172
2015,30.45,74.65,247
2015,30.45,74.75,238
2015,30.45,74.85,259
2015,30.45,74.95,205
2015,30.45,75.05,258
2015,30.45,75.15,265
2015,30.45,75.25,281
2015,30.45,75.35,281
2015,30.45,75.45,272
2015,30.45,75.55,254
2015,30.45,75.65,275
2015,30.45,75.75,224
2015,30.45,75.85,196
2015,30.45,75.95,188
2015,30.45,76.05,227
2015,30.45,76.15,147
2015,30.45,76.25,237
2015,30.45,76.35,245
2015,30.45,76.45,218
2015,30.45,76.55,49
2015,30.45,76.65,36
2015,30.45,76.75,53
2015,30.45,76.85,28
2015,30.45,76.95,16
2015,30.45,77.05,18
2015,30.45,77.15,20
2015,30.45,77.25,2
2015,30.45,77.35,1
2015,30.55,73.95,1
2015,30.55,74.05,77
2015,30.55,74.15,253
2015,30.55,74.25,268
2015,30.55,74.35,298
2015,30.55,74.45,171
2015,30.55,74.55,193
2015,30.55,74.65,232
2015,30.55,74.75,166
2015,30.55,74.85,218
2015,30.55,74.95,274
2015,30.55,75.05,235
2015,30.55,75.15,279
2015,30.55,75.25,273
2015,30.55,75.35,237
2015,30.55,75.45,308
2015,30.55,75.55,271
2015,30.55,75.65,259
2015,30.55,75.75,217
2015,30.55,75.85,126
2015,30.55,75.95,159
2015,30.55,76.05,164
2015,30.55,76.15,240
2015,30.55,76.25,193
2015,30.55,76.35,233
2015,30.55,76.45,156
2015,30.55,76.55,86
2015,30.55,76.65,43
2015,30.55,76.75,50
2015,30.55,76.85,9
2015,30.55,76.95,13
2015,30.55,77.05,4
2015,30.55,77.15,3
2015,30.65,74.05,1
2015,30.65,74.15,66
2015,30.65,74.25,229
2015,30.65,74.35,302
2015,30.65,74.45,298
2015,30.65,74.55,143
2015,30.65,74.65,172
2015,30.65,74.75,119
2015,30.65,74.85,185
2015,30.65,74.95,211
2015,30.65,75.05,258
2015,30.65,75.15,261
2015,30.65,75.25,284
2015,30.65,75.35,272
2015,30.65,75.45,239
2015,30.65,75.55,225
2015,30.65,75.65,212
2015,30.65,75.75,177
2015,30.65,75.85,170
2015,30.65,75.95,152
2015,30.65,76.05,189
2015,30.65,76.15,152
2015,30.65,76.25,136
2015,30.65,76.35,124
2015,30.65,76.45,176
2015,30.65,76.55,97
2015,30.65,76.65,35
2015,30.65,76.75,28
2015,30.65,76.85,14
2015,30.65,76.95,1
2015,30.75,74.25,65
2015,30.75,74.35,217
2015,30.75,74.45,273
2015,30.75,74.55,202
2015,30.75,74.65,133
2015,30.75,74.75,191
2015,30.75,74.85,152
2015,30.75,74.95,242
2015,30.75,75.05,226
2015,30.75,75.15,221
2015,30.75,75.25,259
2015,30.75,75.35,237
2015,30.75,75.45,264
2015,30.75,75.55,261
2015,30.75,75.65,194
2015,30.75,75.75,176
2015,30.75,75.85,141
2015,30.75,75.95,172
2015,30.75,76.05,156
2015,30.75,76.15,143
2015,30.75,76.25,159
2015,30.75,76.35,128
2015,30.75,76.45,158
2015,30.75,76.55,69
2015,30.75,76.65,18
2015,30.85,74.35,148
2015,30.85,74.45,262
2015,30.85,74.55,206
2015,30.85,74.65,200
2015,30.85,74.75,199
2015,30.85,74.85,235
2015,30.85,74.95,234
2015,30.85,75.05,202
2015,30.85,75.15,181
2015,30.85,75.25,239
2015,30.85,75.35,214
2015,30.85,75.45,209
2015,30.85,75.55,189
2015,30.85,75.65,191
2015,30.85,75.75,146
2015,30.85,75.85,57
2015,30.85,75.95,62
2015,30.85,76.05,131
2015,30.85,76.15,126
2015,30.85,76.25,181
2015,30.85,76.35,127
2015,30.85,76.45,102
2015,30.85,76.55,49
2015,30.85,76.65,16
2015,30.85,76.75,3
2015,30.95,74.45,67
2015,30.95,74.55,87
2015,30.95,74.65,161
2015,30.95,74.75,257
2015,30.95,74.85,242
2015,30.95,74.95,232
2015,30.95,75.05,264
2015,30.95,75.15,177
2015,30.95,75.25,224
2015,30.95,75.35,152
2015,30.95,75.45,190
2015,30.95,75.55,177
2015,30.95,75.65,159
2015,30.95,75.75,69
2015,30.95,75.85,40
2015,30.95,75.95,75
2015,30.95,76.05,96
2015,30.95,76.15,102
2015,30.95,76.25,133
2015,30.95,76.35,88
2015,30.95,76.45,58
2015,30.95,76.55,16
2015,30.95,76.65,8
2015,30.95,76.85,1
2015,31.05,74.55,17
2015,31.05,74.65,96
2015,31.05,74.75,201
2015,31.05,74.85,213
2015,31.05,74.95,197
2015,31.05,75.05,219
2015,31.05,75.15,184
2015,31.05,75.25,154
2015,31.05,75.35,153
2015,31.05,75.45,158
2015,31.05,75.55,172
2015,31.05,75.65,146
2015,31.05,75.75,133
2015,31.05,75.85,132
2015,31.05,75.95,139
2015,31.05,76.05,132
2015,31.05,76.15,103
2015,31.05,76.25,66
2015,31.05,76.35,5
2015,31.05,76.55,9
2015,31.15,74.55,132
2015,31.15,74.65,100
2015,31.15,74.75,136
2015,31.15,74.85,114
2015,31.15,74.95,115
2015,31.15,75.05,88
2015,31.15,75.15,157
2015,31.15,75.25,179
2015,31.15,75.35,149
2015,31.15,75.45,115
2015,31.15,75.55,106
2015,31.15,75.65,155
2015,31.15,75.75,109
2015,31.15,75.85,112
2015,31.15,75.95,85
2015,31.15,76.05,81
2015,31.15,76.15,63
2015,31.15,76.25,26
2015,31.15,76.55,9
2015,31.25,74.55,111
2015,31.25,74.65,128
2015,31.25,74.75,133
2015,31.25,74.85,140
2015,31.25,74.95,140
2015,31.25,75.05,119
2015,31.25,75.15,193
2015,31.25,75.25,188
2015,31.25,75.35,106
2015,31.25,75.45,86
2015,31.25,75.55,45
2015,31.25,75.65,42
2015,31.25,75.75,54
2015,31.25,75.85,71
2015,31.25,75.95,87
2015,31.25,76.05,54
2015,31.25,76.15,31
2015,31.25,76.35,5
2015,31.25,76.45,2
2015,31.25,76.55,2
2015,31.35,74.55,59
2015,31.35,74.65,140
2015,31.35,74.75,102
2015,31.35,74.85,115
2015,31.35,74.95,160
2015,31.35,75.05,141
2015,31.35,75.15,115
2015,31.35,75.25,147
2015,31.35,75.35,122
2015,31.35,75.45,56
2015,31.35,75.55,17
2015,31.35,75.65,38
2015,31.35,75.75,59
2015,31.35,75.85,31
2015,31.35,75.95,21
2015,31.35,76.05,5
2015,31.35,76.15,1
2015,31.35,76.35,1
2015,31.45,74.55,2
2015,31.45,74.65,93
2015,31.45,74.75,117
2015,31.45,74.85,82
2015,31.45,74.95,56
2015,31.45,75.05,79
2015,31.45,75.15,117
2015,31.45,75.25,113
2015,31.45,75.35,140
2015,31.45,75.45,116
2015,31.45,75.55,70
2015,31.45,75.65,35
2015,31.45,75.75,29
2015,31.45,75.85,3
2015,31.45,75.95,1
2015,31.45,76.05,1
2015,31.55,74.55,12
2015,31.55,74.65,38
2015,31.55,74.75,67
2015,31.55,74.85,53
2015,31.55,74.95,55
2015,31.55,75.05,103
2015,31.55,75.15,88
2015,31.55,75.25,69
2015,31.55,75.35,69
2015,31.55,75.45,170
2015,31.55,75.55,110
2015,31.55,75.65,33
2015,31.55,75.75,13
2015,31.55,75.85,4
2015,31.65,74.55,26
2015,31.65,74.65,49
2015,31.65,74.75,19
2015,31.65,74.85,6
2015,31.65,74.95,50
2015,31.65,75.05,119
2015,31.65,75.15,101
2015,31.65,75.25,79
2015,31.65,75.35,65
2015,31.65,75.45,77
2015,31.65,75.55,141
2015,31.65,75.65,29
2015,31.65,75.75,1
2015,31.65,75.85,2
2015,31.75,74.45,2
2015,31.75,74.55,35
2015,31.75,74.65,24
2015,31.75,74.75,20
2015,31.75,74.85,19
2015,31.75,74.95,102
2015,31.75,75.05,70
2015,31.75,75.15,51
2015,31.75,75.25,32
2015,31.75,75.35,77
2015,31.75,75.45,43
2015,31.75,75.55,59
2015,31.75,75.65,40
2015,31.75,75.75,1
2015,31.85,74.55,19
2015,31.85,74.65,47
2015,31.85,74.75,58
2015,31.85,74.85,38
2015,31.85,74.95,70
2015,31.85,75.05,46
2015,31.85,75.15,46
2015,31.85,75.25,23
2015,31.85,75.35,49
2015,31.85,75.45,51
2015,31.85,75.55,42
2015,31.85,75.65,19
2015,31.85,75.75,1
2015,31.95,74.65,2
2015,31.95,74.75,10
2015,31.95,74.85,82
2015,31.95,74.95,91
2015,31.95,75.05,64
2015,31.95,75.15,51
2015,31.95,75.25,41
2015,31.95,75.35,44
2015,31.95,75.45,38
2015,31.95,75.55,28
2015,31.95,75.65,26
2015,31.95,75.75,6
2015,32.05,74.95,21
2015,32.05,75.05,34
2015,32.05,75.15,48
2015,32.05,75.25,32
2015,32.05,75.35,36
2015,32.05,75.45,10
2015,32.05,75.55,5
2015,32.05,75.65,2
2015,32.05,75.75,2
2015,32.15,75.15,3
2015,32.15,75.25,4
2015,32.15,75.35,26
2015,32.15,75.45,16
2015,32.15,75.65,1
2015,32.25,75.35,13
2015,32.25,75.45,7
2015,32.35,75.35,3
2015,32.35,75.45,1
2016,27.75,76.95,1
2016,27.75,77.05,2
2016,27.85,77.35,2
2016,27.85,77.45,9
2016,27.95,76.05,1
2016,27.95,77.05,1
2016,27.95,77.15,1
2016,27.95,77.25,3
2016,27.95,77.35,5
2016,27.95,77.45,85
2016,27.95,77.55,5
2016,28.05,75.95,2
2016,28.05,76.05,2
2016,28.05,76.25,4
2016,28.05,76.45,1
2016,28.05,76.55,1
2016,28.05,77.15,1
2016,28.05,77.25,11
2016,28.05,77.35,37
2016,28.05,77.45,13
2016,28.05,77.55,1
2016,28.15,76.55,1
2016,28.15,76.65,10
2016,28.15,76.75,5
2016,28.15,76.95,1
2016,28.15,77.05,4
2016,28.15,77.15,5
2016,28.15,77.25,4
2016,28.15,77.35,18
2016,28.15,77.45,17
2016,28.25,76.35,1
2016,28.25,76.55,2
2016,28.25,76.65,1
2016,28.25,76.75,2
2016,28.25,77.15,6
2016,28.25,77.25,4
2016,28.25,77.35,18
2016,28.25,77.45,2
2016,28.35,76.25,1
2016,28.35,76.45,1
2016,28.35,76.65,1
2016,28.35,76.75,2
2016,28.35,76.85,5
2016,28.35,76.95,1
2016,28.35,77.25,4
2016,28.35,77.35,2
2016,28.35,77.45,2
2016,28.45,76.15,1
2016,28.45,76.25,1
2016,28.45,76.45,1
2016,28.45,76.55,1
2016,28.45,76.65,5
2016,28.45,76.75,2
2016,28.45,76.85,2
2016,28.45,76.95,3
2016,28.45,77.15,1
2016,28.45,77.35,10
2016,28.45,77.45,3
2016,28.55,76.25,1
2016,28.55,76.35,1
2016,28.55,76.45,4
2016,28.55,76.55,3
2016,28.55,76.65,1
2016,28.55,76.75,3
2016,28.55,76.85,4
2016,28.55,76.95,1
2016,28.55,77.25,1
2016,28.65,75.55,1
2016,28.65,76.25,1
2016,28.65,76.35,1
2016,28.65,76.45,9
2016,28.65,76.55,11
2016,28.65,76.65,3
2016,28.65,76.75,1
2016,28.65,76.85,5
2016,28.65,76.95,1
2016,28.75,76.05,3
2016,28.75,76.15,1
2016,28.75,76.25,1
2016,28.75,76.35,2
2016,28.75,76.45,16
2016,28.75,76.55,15
2016,28.75,76.65,20
2016,28.75,76.75,6
2016,28.75,76.85,8
2016,28.85,75.75,1
2016,28.85,76.05,10
2016,28.85,76.15,10
2016,28.85,76.25,5
2016,28.85,76.35,9
2016,28.85,76.45,17
2016,28.85,76.55,9
2016,28.85,76.65,7
2016,28.85,76.75,5
2016,28.85,76.85,1
2016,28.85,76.95,4
2016,28.85,77.05,2
2016,28.85,77.15,5
2016,28.95,75.95,3
2016,28.95,76.05,16
2016,28.95,76.15,7
2016,28.95,76.25,9
2016,28.95,76.35,18
2016,28.95,76.45,22
2016,28.95,76.55,18
2016,28.95,76.65,11
2016,28.95,76.75,7
2016,28.95,76.85,13
2016,28.95,76.95,8
2016,28.95,77.05,3
2016,28.95,77.15,2
2016,29.05,75.45,1
2016,29.05,75.75,25
2016,29.05,75.85,5
2016,29.05,75.95,3
2016,29.05,76.05,9
2016,29.05,76.15,23
2016,29.05,76.25,15
2016,29.05,76.35,24
2016,29.05,76.45,13
2016,29.05,76.55,15
2016,29.05,76.65,16
2016,29.05,76.75,9
2016,29.05,76.85,12
2016,29.05,76.95,7
2016,29.05,77.05,6
2016,29.05,77.15,5
2016,29.15,75.65,4
2016,29.15,75.75,13
2016,29.15,75.85,20
2016,29.15,75.95,16
2016,29.15,76.05,46
2016,29.15,76.15,15
2016,29.15,76.25,11
2016,29.15,76.35,13
2016,29.15,76.45,20
2016,29.15,76.55,20
2016,29.15,76.65,7
2016,29.15,76.75,9
2016,29.15,76.85,16
2016,29.15,76.95,5
2016,29.15,77.05,5
2016,29.15,77.15,6
2016,29.25,75.45,1
2016,29.25,75.65,4
2016,29.25,75.75,17
2016,29.25,75.85,4
2016,29.25,75.95,4
2016,29.25,76.05,9
2016,29.25,76.15,20
2016,29.25,76.25,11
2016,29.25,76.35,7
2016,29.25,76.45,22
2016,29.25,76.55,18
2016,29.25,76.65,7
2016,29.25,76.75,6
2016,29.25,76.85,23
2016,29.25,76.95,9
2016,29.25,77.05,13
2016,29.25,77.15,2
2016,29.35,74.65,1
2016,29.35,74.75,1
2016,29.35,74.95,1
2016,29.35,75.05,1
2016,29.35,75.15,18
2016,29.35,75.25,6
2016,29.35,75.35,4
2016,29.35,75.65,3
2016,29.35,75.75,13
2016,29.35,75.85,2
2016,29.35,75.95,7
2016,29.35,76.05,5
2016,29.35,76.15,4
2016,29.35,76.25,2
2016,29.35,76.35,12
2016,29.35,76.45,14
2016,29.35,76.55,13
2016,29.35,76.65,4
2016,29.35,76.75,16
2016,29.35,76.85,6
2016,29.35,76.95,16
2016,29.35,77.05,21
2016,29.35,77.15,6
2016,29.45,74.65,66
2016,29.45,74.75,104
2016,29.45,74.85,209
2016,29.45,74.95,211
2016,29.45,75.05,40
2016,29.45,75.15,15
2016,29.45,75.25,30
2016,29.45,75.35,11
2016,29.45,75.45,13
2016,29.45,75.55,17
2016,29.45,75.65,26
2016,29.45,75.75,19
2016,29.45,75.85,7
2016,29.45,75.95,4
2016,29.45,76.05,24
2016,29.45,76.15,10
2016,29.45,76.25,15
2016,29.45,76.35,15
2016,29.45,76.45,13
2016,29.45,76.55,35
2016,29.45,76.65,33
2016,29.45,76.75,15
2016,29.45,76.85,21
2016,29.45,76.95,14
2016,29.45,77.05,12
2016,29.45,77.15,1
2016,29.55,74.55,26
2016,29.55,74.65,319
2016,29.55,74.75,209
2016,29.55,74.85,166
2016,29.55,74.95,170
2016,29.55,75.05,101
2016,29.55,75.15,188
2016,29.55,75.25,223
2016,29.55,75.35,220
2016,29.55,75.45,258
2016,29.55,75.55,232
2016,29.55,75.65,135
2016,29.55,75.75,79
2016,29.55,75.85,103
2016,29.55,75.95,44
2016,29.55,76.05,58
2016,29.55,76.15,40
2016,29.55,76.25,17
2016,29.55,76.35,13
2016,29.55,76.45,19
2016,29.55,76.55,79
2016,29.55,76.65,77
2016,29.55,76.75,71
2016,29.55,76.85,44
2016,29.55,76.95,42
2016,29.55,77.05,38
2016,29.65,74.55,10
2016,29.65,74.65,33
2016,29.65,74.75,1
2016,29.65,74.85,1
2016,29.65,74.95,14
2016,29.65,75.05,60
2016,29.65,75.15,108
2016,29.65,75.25,118
2016,29.65,75.35,202
2016,29.65,75.45,201
2016,29.65,75.55,305
2016,29.65,75.65,333
2016,29.65,75.75,302
2016,29.65,75.85,223
2016,29.65,75.95,125
2016,29.65,76.05,49
2016,29.65,76.15,34
2016,29.65,76.25,16
2016,29.65,76.35,34
2016,29.65,76.45,12
2016,29.65,76.55,21
2016,29.65,76.65,77
2016,29.65,76.75,149
2016,29.65,76.85,130
2016,29.65,76.95,46
2016,29.65,77.05,59
2016,29.65,77.15,1
2016,29.75,74.45,7
2016,29.75,74.85,1
2016,29.75,74.95,15
2016,29.75,75.05,13
2016,29.75,75.15,42
2016,29.75,75.25,119
2016,29.75,75.35,282
2016,29.75,75.45,300
2016,29.75,75.55,302
2016,29.75,75.65,347
2016,29.75,75.75,289
2016,29.75,75.85,267
2016,29.75,75.95,217
2016,29.75,76.05,178
2016,29.75,76.15,68
2016,29.75,76.25,41
2016,29.75,76.35,24
2016,29.75,76.45,10
2016,29.75,76.55,11
2016,29.75,76.65,42
2016,29.75,76.75,91
2016,29.75,76.85,75
2016,29.75,76.95,82
2016,29.75,77.05,55
2016,29.75,77.15,17
2016,29.85,74.55,65
2016,29.85,74.65,58
2016,29.85,74.75,13
2016,29.85,74.85,13
2016,29.85,74.95,47
2016,29.85,75.05,53
2016,29.85,75.15,107
2016,29.85,75.25,71
2016,29.85,75.35,94
2016,29.85,75.45,125
2016,29.85,75.55,174
2016,29.85,75.65,228
2016,29.85,75.75,250
2016,29.85,75.85,254
2016,29.85,75.95,262
2016,29.85,76.05,216
2016,29.85,76.15,149
2016,29.85,76.25,169
2016,29.85,76.35,112
2016,29.85,76.45,31
2016,29.85,76.55,36
2016,29.85,76.65,21
2016,29.85,76.75,39
2016,29.85,76.85,36
2016,29.85,76.95,27
2016,29.85,77.05,47
2016,29.85,77.15,26
2016,29.95,74.35,1
2016,29.95,74.45,36
2016,29.95,74.55,177
2016,29.95,74.65,59
2016,29.95,74.75,60
2016,29.95,74.85,81
2016,29.95,74.95,109
2016,29.95,75.05,87
2016,29.95,75.15,115
2016,29.95,75.25,133
2016,29.95,75.35,161
2016,29.95,75.45,296
2016,29.95,75.55,281
2016,29.95,75.65,283
2016,29.95,75.75,308
2016,29.95,75.85,228
2016,29.95,75.95,295
2016,29.95,76.05,231
2016,29.95,76.15,239
2016,29.95,76.25,182
2016,29.95,76.35,136
2016,29.95,76.45,94
2016,29.95,76.55,113
2016,29.95,76.65,82
2016,29.95,76.75,101
2016,29.95,76.85,31
2016,29.95,76.95,38
2016,29.95,77.05,16
2016,29.95,77.15,54
2016,29.95,77.25,6
2016,30.05,73.85,1
2016,30.05,73.95,3
2016,30.05,74.05,22
2016,30.05,74.15,28
2016,30.05,74.25,12
2016,30.05,74.35,38
2016,30.05,74.45,208
2016,30.05,74.55,212
2016,30.05,74.65,132
2016,30.05,74.75,87
2016,30.05,74.85,112
2016,30.05,74.95,195
2016,30.05,75.05,173
2016,30.05,75.15,234
2016,30.05,75.25,276
2016,30.05,75.35,320
2016,30.05,75.45,249
2016,30.05,75.55,365
2016,30.05,75.65,302
2016,30.05,75.75,297
2016,30.05,75.85,348
2016,30.05,75.95,313
2016,30.05,76.05,295
2016,30.05,76.15,237
2016,30.05,76.25,142
2016,30.05,76.35,111
2016,30.05,76.45,80
2016,30.05,76.55,49
2016,30.05,76.65,83
2016,30.05,76.75,87
2016,30.05,76.85,30
2016,30.05,76.95,27
2016,30.05,77.05,36
2016,30.05,77.15,18
2016,30.05,77.25,13
2016,30.05,77.35,9
2016,30.15,73.95,8
2016,30.15,74.05,17
2016,30.15,74.15,37
2016,30.15,74.25,96
2016,30.15,74.35,140
2016,30.15,74.45,119
2016,30.15,74.55,216
2016,30.15,74.65,189
2016,30.15,74.75,165
2016,30.15,74.85,213
2016,30.15,74.95,101
2016,30.15,75.05,262
2016,30.15,75.15,262
2016,30.15,75.25,256
2016,30.15,75.35,331
2016,30.15,75.45,323
2016,30.15,75.55,333
2016,30.15,75.65,377
2016,30.15,75.75,345
2016,30.15,75.85,256
2016,30.15,75.95,281
2016,30.15,76.05,256
2016,30.15,76.15,237
2016,30.15,76.25,200
2016,30.15,76.35,193
2016,30.15,76.45,105
2016,30.15,76.55,55
2016,30.15,76.65,73
2016,30.15,76.75,79
2016,30.15,76.85,40
2016,30.15,76.95,23
2016,30.15,77.05,38
2016,30.15,77.15,27
2016,30.15,77.25,15
2016,30.15,77.35,19
2016,30.15,77.45,3
2016,30.25,73.95,49
2016,30.25,74.05,148
2016,30.25,74.15,24
2016,30.25,74.25,70
2016,30.25,74.35,106
2016,30.25,74.45,197
2016,30.25,74.55,191
2016,30.25,74.65,199
2016,30.25,74.75,114
2016,30.25,74.85,198
2016,30.25,74.95,152
2016,30.25,75.05,194
2016,30.25,75.15,353
2016,30.25,75.25,291
2016,30.25,75.35,306
2016,30.25,75.45,318
2016,30.25,75.55,383
2016,30.25,75.65,359
2016,30.25,75.75,353
2016,30.25,75.85,240
2016,30.25,75.95,240
2016,30.25,76.05,237
2016,30.25,76.15,220
2016,30.25,76.25,207
2016,30.25,76.35,176
2016,30.25,76.45,130
2016,30.25,76.55,117
2016,30.25,76.65,42
2016,30.25,76.75,49
2016,30.25,76.85,47
2016,30.25,76.95,44
2016,30.25,77.05,38
2016,30.25,77.15,45
2016,30.25,77.25,25
2016,30.25,77.35,16
2016,30.25,77.45,23
2016,30.25,77.55,2
2016,30.35,73.85,14
2016,30.35,73.95,204
2016,30.35,74.05,148
2016,30.35,74.15,132
2016,30.35,74.25,93
2016,30.35,74.35,188
2016,30.35,74.45,253
2016,30.35,74.55,322
2016,30.35,74.65,321
2016,30.35,74.75,292
2016,30.35,74.85,333
2016,30.35,74.95,274
2016,30.35,75.05,334
2016,30.35,75.15,343
2016,30.35,75.25,303
2016,30.35,75.35,339
2016,30.35,75.45,333
2016,30.35,75.55,279
2016,30.35,75.65,383
2016,30.35,75.75,401
2016,30.35,75.85,297
2016,30.35,75.95,282
2016,30.35,76.05,228
2016,30.35,76.15,228
2016,30.35,76.25,227
2016,30.35,76.35,110
2016,30.35,76.45,92
2016,30.35,76.55,114
2016,30.35,76.65,66
2016,30.35,76.75,76
2016,30.35,76.85,14
2016,30.35,76.95,38
2016,30.35,77.05,14
2016,30.35,77.15,46
2016,30.35,77.25,11
2016,30.35,77.35,24
2016,30.35,77.45,10
2016,30.35,77.55,9
2016,30.45,73.95,109
2016,30.45,74.05,244
2016,30.45,74.15,376
2016,30.45,74.25,248
2016,30.45,74.35,202
2016,30.45,74.45,223
2016,30.45,74.55,277
2016,30.45,74.65,319
2016,30.45,74.75,364
2016,30.45,74.85,313
2016,30.45,74.95,270
2016,30.45,75.05,413
2016,30.45,75.15,352
2016,30.45,75.25,341
2016,30.45,75.35,320
2016,30.45,75.45,375
2016,30.45,75.55,358
2016,30.45,75.65,380
2016,30.45,75.75,339
2016,30.45,75.85,322
2016,30.45,75.95,317
2016,30.45,76.05,252
2016,30.45,76.15,285
2016,30.45,76.25,211
2016,30.45,76.35,215
2016,30.45,76.45,175
2016,30.45,76.55,86
2016,30.45,76.65,33
2016,30.45,76.75,67
2016,30.45,76.85,32
2016,30.45,76.95,15
2016,30.45,77.05,25
2016,30.45,77.15,26
2016,30.45,77.25,11
2016,30.45,77.35,5
2016,30.55,74.05,100
2016,30.55,74.15,278
2016,30.55,74.25,296
2016,30.55,74.35,309
2016,30.55,74.45,277
2016,30.55,74.55,246
2016,30.55,74.65,259
2016,30.55,74.75,276
2016,30.55,74.85,291
2016,30.55,74.95,400
2016,30.55,75.05,358
2016,30.55,75.15,353
2016,30.55,75.25,375
2016,30.55,75.35,408
2016,30.55,75.45,381
2016,30.55,75.55,351
2016,30.55,75.65,365
2016,30.55,75.75,330
2016,30.55,75.85,191
2016,30.55,75.95,236
2016,30.55,76.05,276
2016,30.55,76.15,249
2016,30.55,76.25,179
2016,30.55,76.35,241
2016,30.55,76.45,167
2016,30.55,76.55,113
2016,30.55,76.65,45
2016,30.55,76.75,43
2016,30.55,76.85,18
2016,30.55,76.95,18
2016,30.55,77.05,8
2016,30.55,77.15,6
2016,30.65,74.15,119
2016,30.65,74.25,287
2016,30.65,74.35,331
2016,30.65,74.45,285
2016,30.65,74.55,169
2016,30.65,74.65,200
2016,30.65,74.75,166
2016,30.65,74.85,226
2016,30.65,74.95,300
2016,30.65,75.05,345
2016,30.65,75.15,367
2016,30.65,75.25,341
2016,30.65,75.35,359
2016,30.65,75.45,419
2016,30.65,75.55,386
2016,30.65,75.65,340
2016,30.65,75.75,328
2016,30.65,75.85,214
2016,30.65,75.95,303
2016,30.65,76.05,221
2016,30.65,76.15,214
2016,30.65,76.25,158
2016,30.65,76.35,146
2016,30.65,76.45,164
2016,30.65,76.55,128
2016,30.65,76.65,38
2016,30.65,76.75,30
2016,30.65,76.85,15
2016,30.65,76.95,11
2016,30.65,77.05,1
2016,30.75,74.25,99
2016,30.75,74.35,259
2016,30.75,74.45,249
2016,30.75,74.55,234
2016,30.75,74.65,174
2016,30.75,74.75,248
2016,30.75,74.85,253
2016,30.75,74.95,359
2016,30.75,75.05,352
2016,30.75,75.15,361
2016,30.75,75.25,435
2016,30.75,75.35,384
2016,30.75,75.45,325
2016,30.75,75.55,331
2016,30.75,75.65,255
2016,30.75,75.75,284
2016,30.75,75.85,246
2016,30.75,75.95,246
2016,30.75,76.05,211
2016,30.75,76.15,185
2016,30.75,76.25,177
2016,30.75,76.35,219
2016,30.75,76.45,188
2016,30.75,76.55,91
2016,30.75,76.65,17
2016,30.75,76.75,1
2016,30.75,76.85,1
2016,30.75,76.95,3
2016,30.85,74.25,2
2016,30.85,74.35,135
2016,30.85,74.45,279
2016,30.85,74.55,255
2016,30.85,74.65,266
2016,30.85,74.75,282
2016,30.85,74.85,249
2016,30.85,74.95,272
2016,30.85,75.05,289
2016,30.85,75.15,279
2016,30.85,75.25,311
2016,30.85,75.35,318
2016,30.85,75.45,259
2016,30.85,75.55,306
2016,30.85,75.65,260
2016,30.85,75.75,180
2016,30.85,75.85,65
2016,30.85,75.95,66
2016,30.85,76.05,169
2016,30.85,76.15,171
2016,30.85,76.25,212
2016,30.85,76.35,189
2016,30.85,76.45,149
2016,30.85,76.55,80
2016,30.85,76.65,22
2016,30.85,76.75,10
2016,30.85,76.85,5
2016,30.85,76.95,1
2016,30.95,74.45,70
2016,30.95,74.55,128
2016,30.95,74.65,149
2016,30.95,74.75,228
2016,30.95,74.85,311
2016,30.95,74.95,299
2016,30.95,75.05,356
2016,30.95,75.15,300
2016,30.95,75.25,328
2016,30.95,75.35,358
2016,30.95,75.45,239
2016,30.95,75.55,277
2016,30.95,75.65,218
2016,30.95,75.75,97
2016,30.95,75.85,71
2016,30.95,75.95,106
2016,30.95,76.05,185
2016,30.95,76.15,168
2016,30.95,76.25,185
2016,30.95,76.35,142
2016,30.95,76.45,78
2016,30.95,76.55,30
2016,30.95,76.65,18
2016,30.95,76.85,2
2016,31.05,74.55,20
2016,31.05,74.65,110
2016,31.05,74.75,237
2016,31.05,74.85,290
2016,31.05,74.95,302
2016,31.05,75.05,296
2016,31.05,75.15,290
2016,31.05,75.25,232
2016,31.05,75.35,222
2016,31.05,75.45,226
2016,31.05,75.55,243
2016,31.05,75.65,300
2016,31.05,75.75,195
2016,31.05,75.85,177
2016,31.05,75.95,190
2016,31.05,76.05,189
2016,31.05,76.15,168
2016,31.05,76.25,112
2016,31.05,76.35,12
2016,31.05,76.55,28
2016,31.05,76.65,3
2016,31.15,74.55,187
2016,31.15,74.65,145
2016,31.15,74.75,207
2016,31.15,74.85,202
2016,31.15,74.95,136
2016,31.15,75.05,158
2016,31.15,75.15,201
2016,31.15,75.25,201
2016,31.15,75.35,163
2016,31.15,75.45,170
2016,31.15,75.55,168
2016,31.15,75.65,262
2016,31.15,75.75,184
2016,31.15,75.85,185
2016,31.15,75.95,139
2016,31.15,76.05,125
2016,31.15,76.15,136
2016,31.15,76.25,51
2016,31.15,76.35,1
2016,31.15,76.45,1
2016,31.15,76.55,18
2016,31.25,74.55,165
2016,31.25,74.65,199
2016,31.25,74.75,174
2016,31.25,74.85,161
2016,31.25,74.95,198
2016,31.25,75.05,141
2016,31.25,75.15,233
2016,31.25,75.25,185
2016,31.25,75.35,172
2016,31.25,75.45,154
2016,31.25,75.55,80
2016,31.25,75.65,70
2016,31.25,75.75,80
2016,31.25,75.85,116
2016,31.25,75.95,148
2016,31.25,76.05,109
2016,31.25,76.15,32
2016,31.25,76.25,3
2016,31.25,76.35,10
2016,31.25,76.45,5
2016,31.25,76.55,2
2016,31.35,74.55,75
2016,31.35,74.65,175
2016,31.35,74.75,174
2016,31.35,74.85,164
2016,31.35,74.95,193
2016,31.35,75.05,189
2016,31.35,75.15,166
2016,31.35,75.25,210
2016,31.35,75.35,121
2016,31.35,75.45,104
2016,31.35,75.55,25
2016,31.35,75.65,46
2016,31.35,75.75,91
2016,31.35,75.85,38
2016,31.35,75.95,31
2016,31.35,76.05,15
2016,31.35,76.15,1
2016,31.35,76.35,9
2016,31.35,76.45,3
2016,31.45,74.55,4
2016,31.45,74.65,119
2016,31.45,74.75,150
2016,31.45,74.85,120
2016,31.45,74.95,88
2016,31.45,75.05,122
2016,31.45,75.15,126
2016,31.45,75.25,179
2016,31.45,75.35,182
2016,31.45,75.45,140
2016,31.45,75.55,100
2016,31.45,75.65,112
2016,31.45,75.75,58
2016,31.45,75.85,9
2016,31.45,75.95,3
2016,31.45,76.05,2
2016,31.55,74.55,14
2016,31.55,74.65,75
2016,31.55,74.75,109
2016,31.55,74.85,73
2016,31.55,74.95,65
2016,31.55,75.05,114
2016,31.55,75.15,120
2016,31.55,75.25,104
2016,31.55,75.35,86
2016,31.55,75.45,225
2016,31.55,75.55,158
2016,31.55,75.65,94
2016,31.55,75.75,37
2016,31.55,75.85,4
2016,31.55,75.95,4
2016,31.55,76.05,4
2016,31.65,74.55,44
2016,31.65,74.65,67
2016,31.65,74.75,42
2016,31.65,74.85,13
2016,31.65,74.95,60
2016,31.65,75.05,88
2016,31.65,75.15,134
2016,31.65,75.25,136
2016,31.65,75.35,120
2016,31.65,75.45,131
2016,31.65,75.55,215
2016,31.65,75.65,85
2016,31.65,75.75,7
2016,31.65,75.85,5
2016,31.65,76.05,1
2016,31.75,74.45,3
2016,31.75,74.55,63
2016,31.75,74.65,53
2016,31.75,74.75,42
2016,31.75,74.85,48
2016,31.75,74.95,106
2016,31.75,75.05,104
2016,31.75,75.15,87
2016,31.75,75.25,106
2016,31.75,75.35,115
2016,31.75,75.45,102
2016,31.75,75.55,133
2016,31.75,75.65,51
2016,31.75,75.75,8
2016,31.75,75.85,1
2016,31.85,74.55,13
2016,31.85,74.65,73
2016,31.85,74.75,57
2016,31.85,74.85,78
2016,31.85,74.95,88
2016,31.85,75.05,120
2016,31.85,75.15,72
2016,31.85,75.25,64
2016,31.85,75.35,120
2016,31.85,75.45,106
2016,31.85,75.55,99
2016,31.85,75.65,32
2016,31.85,75.75,11
2016,31.95,74.65,1
2016,31.95,74.75,23
2016,31.95,74.85,110
2016,31.95,74.95,106
2016,31.95,75.05,97
2016,31.95,75.15,96
2016,31.95,75.25,111
2016,31.95,75.35,104
2016,31.95,75.45,93
2016,31.95,75.55,65
2016,31.95,75.65,48
2016,31.95,75.75,12
2016,32.05,74.85,3
2016,32.05,74.95,30
2016,32.05,75.05,69
2016,32.05,75.15,89
2016,32.05,75.25,74
2016,32.05,75.35,61
2016,32.05,75.45,19
2016,32.05,75.55,31
2016,32.05,75.65,13
2016,32.05,75.75,1
2016,32.15,75.25,16
2016,32.15,75.35,32
2016,32.15,75.45,10
2016,32.15,75.55,7
2016,32.15,75.65,2
2016,32.25,75.35,11
2016,32.25,75.45,10
2016,32.25,75.55,11
2016,32.25,75.65,1
2016,32.35,75.35,5
2016,32.35,75.55,1
2016,32.35,75.65,3
2016,32.35,75.75,1
2017,27.75,77.05,1
2017,27.85,77.05,1
2017,27.85,77.35,3
2017,27.85,77.45,13
2017,27.95,77.25,3
2017,27.95,77.35,6
2017,27.95,77.45,119
2017,27.95,77.55,9
2017,28.05,75.95,1
2017,28.05,76.05,1
2017,28.05,76.55,2
2017,28.05,77.15,5
2017,28.05,77.25,5
2017,28.05,77.35,28
2017,28.05,77.45,16
2017,28.15,76.05,1
2017,28.15,76.55,1
2017,28.15,76.65,5
2017,28.15,76.75,1
2017,28.15,76.95,1
2017,28.15,77.15,1
2017,28.15,77.25,5
2017,28.15,77.35,37
2017,28.15,77.45,22
2017,28.25,76.05,2
2017,28.25,76.35,1
2017,28.25,76.85,1
2017,28.25,77.05,1
2017,28.25,77.15,1
2017,28.25,77.25,2
2017,28.25,77.35,13
2017,28.25,77.45,1
2017,28.35,76.35,1
2017,28.35,76.55,1
2017,28.35,76.85,1
2017,28.35,77.25,1
2017,28.45,75.75,1
2017,28.45,75.85,1
2017,28.45,76.45,1
2017,28.45,76.55,2
2017,28.45,76.85,1
2017,28.45,77.15,1
2017,28.45,77.35,8
2017,28.45,77.45,4
2017,28.55,76.45,3
2017,28.55,76.65,1
2017,28.55,76.75,1
2017,28.55,76.85,1
2017,28.65,75.55,2
2017,28.65,76.45,7
2017,28.65,76.55,1
2017,28.65,76.65,6
2017,28.65,76.75,4
2017,28.65,76.85,3
2017,28.75,76.05,1
2017,28.75,76.35,8
2017,28.75,76.45,11
2017,28.75,76.55,7
2017,28.75,76.65,10
2017,28.75,76.75,6
2017,28.75,76.85,7
2017,28.85,75.95,2
2017,28.85,76.05,6
2017,28.85,76.15,3
2017,28.85,76.25,8
2017,28.85,76.35,9
2017,28.85,76.45,17
2017,28.85,76.55,8
2017,28.85,76.65,7
2017,28.85,76.75,3
2017,28.85,76.85,5
2017,28.85,76.95,5
2017,28.85,77.05,3
2017,28.85,77.15,4
2017,28.95,75.55,3
2017,28.95,75.75,1
2017,28.95,75.85,1
2017,28.95,75.95,6
2017,28.95,76.05,6
2017,28.95,76.15,7
2017,28.95,76.25,11
2017,28.95,76.35,18
2017,28.95,76.45,33
2017,28.95,76.55,11
2017,28.95,76.65,10
2017,28.95,76.75,1
2017,28.95,76.85,9
2017,28.95,76.95,8
2017,28.95,77.05,4
2017,28.95,77.15,2
2017,28.95,77.25,1
2017,29.05,75.45,2
2017,29.05,75.55,1
2017,29.05,75.75,4
2017,29.05,75.85,6
2017,29.05,75.95,3
2017,29.05,76.05,3
2017,29.05,76.15,12
2017,29.05,76.25,5
2017,29.05,76.35,18
2017,29.05,76.45,10
2017,29.05,76.55,13
2017,29.05,76.65,12
2017,29.05,76.75,7
2017,29.05,76.85,4
2017,29.05,76.95,13
2017,29.05,77.05,4
2017,29.05,77.15,8
2017,29.15,75.65,1
2017,29.15,75.75,5
2017,29.15,75.85,3
2017,29.15,75.95,16
2017,29.15,76.05,14
2017,29.15,76.15,12
2017,29.15,76.25,3
2017,29.15,76.35,10
2017,29.15,76.45,12
2017,29.15,76.55,10
2017,29.15,76.65,6
2017,29.15,76.75,11
2017,29.15,76.85,2
2017,29.15,76.95,10
2017,29.15,77.05,5
2017,29.15,77.15,3
2017,29.25,75.45,2
2017,29.25,75.65,5
2017,29.25,75.75,14
2017,29.25,75.85,9
2017,29.25,75.95,4
2017,29.25,76.05,9
2017,29.25,76.15,19
2017,29.25,76.25,10
2017,29.25,76.35,8
2017,29.25,76.45,12
2017,29.25,76.55,9
2017,29.25,76.65,5
2017,29.25,76.75,11
2017,29.25,76.85,10
2017,29.25,76.95,18
2017,29.25,77.05,11
2017,29.25,77.15,2
2017,29.35,74.75,1
2017,29.35,75.15,6
2017,29.35,75.25,2
2017,29.35,75.35,1
2017,29.35,75.75,8
2017,29.35,75.85,2
2017,29.35,75.95,1
2017,29.35,76.05,2
2017,29.35,76.15,2
2017,29.35,76.25,3
2017,29.35,76.35,13
2017,29.35,76.45,6
2017,29.35,76.55,11
2017,29.35,76.65,15
2017,29.35,76.75,12
2017,29.35,76.85,13
2017,29.35,76.95,16
2017,29.35,77.05,14
2017,29.35,77.15,3
2017,29.45,74.65,51
2017,29.45,74.75,120
2017,29.45,74.85,232
2017,29.45,74.95,107
2017,29.45,75.05,25
2017,29.45,75.15,9
2017,29.45,75.25,14
2017,29.45,75.35,3
2017,29.45,75.45,15
2017,29.45,75.55,7
2017,29.45,75.65,16
2017,29.45,75.75,6
2017,29.45,75.95,4
2017,29.45,76.05,14
2017,29.45,76.15,10
2017,29.45,76.25,6
2017,29.45,76.35,18
2017,29.45,76.45,22
2017,29.45,76.55,46
2017,29.45,76.65,28
2017,29.45,76.75,5
2017,29.45,76.85,15
2017,29.45,76.95,15
2017,29.45,77.05,30
2017,29.45,77.15,6
2017,29.55,74.55,24
2017,29.55,74.65,262
2017,29.55,74.75,203
2017,29.55,74.85,144
2017,29.55,74.95,116
2017,29.55,75.05,63
2017,29.55,75.15,103
2017,29.55,75.25,189
2017,29.55,75.35,183
2017,29.55,75.45,159
2017,29.55,75.55,198
2017,29.55,75.65,65
2017,29.55,75.75,63
2017,29.55,75.85,70
2017,29.55,75.95,41
2017,29.55,76.05,72
2017,29.55,76.15,28
2017,29.55,76.25,11
2017,29.55,76.35,20
2017,29.55,76.45,37
2017,29.55,76.55,103
2017,29.55,76.65,56
2017,29.55,76.75,74
2017,29.55,76.85,52
2017,29.55,76.95,59
2017,29.55,77.05,36
2017,29.65,74.55,7
2017,29.65,74.65,26
2017,29.65,74.85,1
2017,29.65,74.95,4
2017,29.65,75.05,35
2017,29.65,75.15,65
2017,29.65,75.25,113
2017,29.65,75.35,146
2017,29.65,75.45,152
2017,29.65,75.55,239
2017,29.65,75.65,222
2017,29.65,75.75,193
2017,29.65,75.85,166
2017,29.65,75.95,115
2017,29.65,76.05,64
2017,29.65,76.15,26
2017,29.65,76.25,12
2017,29.65,76.35,42
2017,29.65,76.45,13
2017,29.65,76.55,18
2017,29.65,76.65,73
2017,29.65,76.75,103
2017,29.65,76.85,105
2017,29.65,76.95,48
2017,29.65,77.05,47
2017,29.75,74.65,1
2017,29.75,74.95,6
2017,29.75,75.05,8
2017,29.75,75.15,22
2017,29.75,75.25,116
2017,29.75,75.35,214
2017,29.75,75.45,280
2017,29.75,75.55,265
2017,29.75,75.65,320
2017,29.75,75.75,281
2017,29.75,75.85,271
2017,29.75,75.95,226
2017,29.75,76.05,198
2017,29.75,76.15,91
2017,29.75,76.25,54
2017,29.75,76.35,23
2017,29.75,76.45,8
2017,29.75,76.55,9
2017,29.75,76.65,47
2017,29.75,76.75,70
2017,29.75,76.85,81
2017,29.75,76.95,54
2017,29.75,77.05,42
2017,29.75,77.15,17
2017,29.85,74.55,39
2017,29.85,74.65,20
2017,29.85,74.75,5
2017,29.85,74.95,18
2017,29.85,75.05,17
2017,29.85,75.15,66
2017,29.85,75.25,67
2017,29.85,75.35,63
2017,29.85,75.45,95
2017,29.85,75.55,146
2017,29.85,75.65,220
2017,29.85,75.75,289
2017,29.85,75.85,216
2017,29.85,75.95,199
2017,29.85,76.05,199
2017,29.85,76.15,199
2017,29.85,76.25,124
2017,29.85,76.35,97
2017,29.85,76.45,27
2017,29.85,76.55,37
2017,29.85,76.65,31
2017,29.85,76.75,34
2017,29.85,76.85,43
2017,29.85,76.95,29
2017,29.85,77.05,24
2017,29.85,77.15,35
2017,29.95,74.45,37
2017,29.95,74.55,188
2017,29.95,74.65,72
2017,29.95,74.75,14
2017,29.95,74.85,72
2017,29.95,74.95,68
2017,29.95,75.05,61
2017,29.95,75.15,48
2017,29.95,75.25,87
2017,29.95,75.35,119
2017,29.95,75.45,228
2017,29.95,75.55,222
2017,29.95,75.65,283
2017,29.95,75.75,265
2017,29.95,75.85,234
2017,29.95,75.95,263
2017,29.95,76.05,145
2017,29.95,76.15,196
2017,29.95,76.25,132
2017,29.95,76.35,93
2017,29.95,76.45,83
2017,29.95,76.55,100
2017,29.95,76.65,58
2017,29.95,76.75,56
2017,29.95,76.85,49
2017,29.95,76.95,41
2017,29.95,77.05,31
2017,29.95,77.15,41
2017,29.95,77.25,10
2017,30.05,73.95,3
2017,30.05,74.05,18
2017,30.05,74.15,24
2017,30.05,74.25,10
2017,30.05,74.35,16
2017,30.05,74.45,179
2017,30.05,74.55,160
2017,30.05,74.65,137
2017,30.05,74.75,51
2017,30.05,74.85,99
2017,30.05,74.95,160
2017,30.05,75.05,104
2017,30.05,75.15,131
2017,30.05,75.25,159
2017,30.05,75.35,173
2017,30.05,75.45,180
2017,30.05,75.55,255
2017,30.05,75.65,294
2017,30.05,75.75,287
2017,30.05,75.85,312
2017,30.05,75.95,227
2017,30.05,76.05,214
2017,30.05,76.15,187
2017,30.05,76.25,91
2017,30.05,76.35,81
2017,30.05,76.45,60
2017,30.05,76.55,32
2017,30.05,76.65,81
2017,30.05,76.75,97
2017,30.05,76.85,39
2017,30.05,76.95,17
2017,30.05,77.05,42
2017,30.05,77.15,18
2017,30.05,77.25,12
2017,30.05,77.35,8
2017,30.15,73.95,1
2017,30.15,74.05,9
2017,30.15,74.15,26
2017,30.15,74.25,76
2017,30.15,74.35,134
2017,30.15,74.45,115
2017,30.15,74.55,176
2017,30.15,74.65,151
2017,30.15,74.75,144
2017,30.15,74.85,116
2017,30.15,74.95,59
2017,30.15,75.05,132
2017,30.15,75.15,183
2017,30.15,75.25,157
2017,30.15,75.35,207
2017,30.15,75.45,259
2017,30.15,75.55,317
2017,30.15,75.65,284
2017,30.15,75.75,265
2017,30.15,75.85,224
2017,30.15,75.95,240
2017,30.15,76.05,225
2017,30.15,76.15,172
2017,30.15,76.25,133
2017,30.15,76.35,145
2017,30.15,76.45,91
2017,30.15,76.55,47
2017,30.15,76.65,56
2017,30.15,76.75,76
2017,30.15,76.85,60
2017,30.15,76.95,36
2017,30.15,77.05,42
2017,30.15,77.15,39
2017,30.15,77.25,12
2017,30.15,77.35,19
2017,30.15,77.45,2
2017,30.25,73.95,25
2017,30.25,74.05,141
2017,30.25,74.15,11
2017,30.25,74.25,47
2017,30.25,74.35,110
2017,30.25,74.45,159
2017,30.25,74.55,162
2017,30.25,74.65,139
2017,30.25,74.75,83
2017,30.25,74.85,147
2017,30.25,74.95,100
2017,30.25,75.05,114
2017,30.25,75.15,210
2017,30.25,75.25,196
2017,30.25,75.35,229
2017,30.25,75.45,250
2017,30.25,75.55,287
2017,30.25,75.65,267
2017,30.25,75.75,279
2017,30.25,75.85,173
2017,30.25,75.95,232
2017,30.25,76.05,234
2017,30.25,76.15,206
2017,30.25,76.25,161
2017,30.25,76.35,163
2017,30.25,76.45,112
2017,30.25,76.55,99
2017,30.25,76.65,43
2017,30.25,76.75,34
2017,30.25,76.85,60
2017,30.25,76.95,24
2017,30.25,77.05,44
2017,30.25,77.15,53
2017,30.25,77.25,50
2017,30.25,77.35,34
2017,30.25,77.45,26
2017,30.25,77.55,2
2017,30.35,73.85,20
2017,30.35,73.95,157
2017,30.35,74.05,136
2017,30.35,74.15,103
2017,30.35,74.25,77
2017,30.35,74.35,125
2017,30.35,74.45,208
2017,30.35,74.55,211
2017,30.35,74.65,261
2017,30.35,74.75,220
2017,30.35,74.85,246
2017,30.35,74.95,216
2017,30.35,75.05,201
2017,30.35,75.15,189
2017,30.35,75.25,232
2017,30.35,75.35,215
2017,30.35,75.45,228
2017,30.35,75.55,169
2017,30.35,75.65,293
2017,30.35,75.75,298
2017,30.35,75.85,187
2017,30.35,75.95,197
2017,30.35,76.05,197
2017,30.35,76.15,132
2017,30.35,76.25,205
2017,30.35,76.35,82
2017,30.35,76.45,69
2017,30.35,76.55,66
2017,30.35,76.65,96
2017,30.35,76.75,86
2017,30.35,76.85,16
2017,30.35,76.95,28
2017,30.35,77.05,22
2017,30.35,77.15,42
2017,30.35,77.25,28
2017,30.35,77.35,20
2017,30.35,77.45,6
2017,30.35,77.55,1
2017,30.45,73.95,108
2017,30.45,74.05,241
2017,30.45,74.15,228
2017,30.45,74.25,188
2017,30.45,74.35,166
2017,30.45,74.45,137
2017,30.45,74.55,183
2017,30.45,74.65,249
2017,30.45,74.75,240
2017,30.45,74.85,230
2017,30.45,74.95,276
2017,30.45,75.05,253
2017,30.45,75.15,194
2017,30.45,75.25,173
2017,30.45,75.35,209
2017,30.45,75.45,201
2017,30.45,75.55,214
2017,30.45,75.65,260
2017,30.45,75.75,233
2017,30.45,75.85,161
2017,30.45,75.95,153
2017,30.45,76.05,204
2017,30.45,76.15,172
2017,30.45,76.25,185
2017,30.45,76.35,212
2017,30.45,76.45,146
2017,30.45,76.55,48
2017,30.45,76.65,33
2017,30.45,76.75,54
2017,30.45,76.85,30
2017,30.45,76.95,15
2017,30.45,77.05,23
2017,30.45,77.15,23
2017,30.45,77.25,11
2017,30.45,77.35,3
2017,30.55,74.05,63
2017,30.55,74.15,242
2017,30.55,74.25,192
2017,30.55,74.35,296
2017,30.55,74.45,207
2017,30.55,74.55,224
2017,30.55,74.65,202
2017,30.55,74.75,184
2017,30.55,74.85,198
2017,30.55,74.95,238
2017,30.55,75.05,185
2017,30.55,75.15,200
2017,30.55,75.25,146
2017,30.55,75.35,203
2017,30.55,75.45,212
2017,30.55,75.55,136
2017,30.55,75.65,196
2017,30.55,75.75,176
2017,30.55,75.85,87
2017,30.55,75.95,119
2017,30.55,76.05,165
2017,30.55,76.15,179
2017,30.55,76.25,142
2017,30.55,76.35,226
2017,30.55,76.45,164
2017,30.55,76.55,79
2017,30.55,76.65,45
2017,30.55,76.75,46
2017,30.55,76.85,17
2017,30.55,76.95,15
2017,30.55,77.05,6
2017,30.55,77.15,5
2017,30.65,74.05,2
2017,30.65,74.15,114
2017,30.65,74.25,196
2017,30.65,74.35,316
2017,30.65,74.45,210
2017,30.65,74.55,155
2017,30.65,74.65,183
2017,30.65,74.75,137
2017,30.65,74.85,136
2017,30.65,74.95,190
2017,30.65,75.05,183
2017,30.65,75.15,160
2017,30.65,75.25,150
2017,30.65,75.35,156
2017,30.65,75.45,134
2017,30.65,75.55,110
2017,30.65,75.65,109
2017,30.65,75.75,135
2017,30.65,75.85,104
2017,30.65,75.95,178
2017,30.65,76.05,176
2017,30.65,76.15,126
2017,30.65,76.25,95
2017,30.65,76.35,88
2017,30.65,76.45,129
2017,30.65,76.55,67
2017,30.65,76.65,29
2017,30.65,76.75,18
2017,30.65,76.85,14
2017,30.65,76.95,1
2017,30.65,77.05,1
2017,30.65,77.15,1
2017,30.75,74.25,82
2017,30.75,74.35,253
2017,30.75,74.45,265
2017,30.75,74.55,235
2017,30.75,74.65,162
2017,30.75,74.75,245
2017,30.75,74.85,149
2017,30.75,74.95,169
2017,30.75,75.05,165
2017,30.75,75.15,132
2017,30.75,75.25,176
2017,30.75,75.35,146
2017,30.75,75.45,125
2017,30.75,75.55,163
2017,30.75,75.65,109
2017,30.75,75.75,116
2017,30.75,75.85,86
2017,30.75,75.95,143
2017,30.75,76.05,150
2017,30.75,76.15,126
2017,30.75,76.25,141
2017,30.75,76.35,150
2017,30.75,76.45,123
2017,30.75,76.55,34
2017,30.75,76.65,9
2017,30.85,74.25,1
2017,30.85,74.35,137
2017,30.85,74.45,215
2017,30.85,74.55,219
2017,30.85,74.65,173
2017,30.85,74.75,214
2017,30.85,74.85,172
2017,30.85,74.95,135
2017,30.85,75.05,188
2017,30.85,75.15,92
2017,30.85,75.25,119
2017,30.85,75.35,119
2017,30.85,75.45,136
2017,30.85,75.55,174
2017,30.85,75.65,142
2017,30.85,75.75,95
2017,30.85,75.85,31
2017,30.85,75.95,41
2017,30.85,76.05,86
2017,30.85,76.15,111
2017,30.85,76.25,129
2017,30.85,76.35,66
2017,30.85,76.45,44
2017,30.85,76.55,30
2017,30.85,76.65,16
2017,30.85,76.75,1
2017,30.85,76.85,2
2017,30.95,74.45,66
2017,30.95,74.55,139
2017,30.95,74.65,161
2017,30.95,74.75,258
2017,30.95,74.85,201
2017,30.95,74.95,168
2017,30.95,75.05,221
2017,30.95,75.15,163
2017,30.95,75.25,187
2017,30.95,75.35,142
2017,30.95,75.45,137
2017,30.95,75.55,144
2017,30.95,75.65,123
2017,30.95,75.75,31
2017,30.95,75.85,23
2017,30.95,75.95,39
2017,30.95,76.05,97
2017,30.95,76.15,146
2017,30.95,76.25,155
2017,30.95,76.35,101
2017,30.95,76.45,52
2017,30.95,76.55,17
2017,30.95,76.65,14
2017,30.95,76.85,1
2017,31.05,74.55,11
2017,31.05,74.65,95
2017,31.05,74.75,189
2017,31.05,74.85,193
2017,31.05,74.95,217
2017,31.05,75.05,183
2017,31.05,75.15,162
2017,31.05,75.25,120
2017,31.05,75.35,100
2017,31.05,75.45,121
2017,31.05,75.55,147
2017,31.05,75.65,93
2017,31.05,75.75,84
2017,31.05,75.85,94
2017,31.05,75.95,97
2017,31.05,76.05,145
2017,31.05,76.15,119
2017,31.05,76.25,89
2017,31.05,76.35,11
2017,31.05,76.45,2
2017,31.05,76.55,21
2017,31.05,76.65,2
2017,31.15,74.55,178
2017,31.15,74.65,124
2017,31.15,74.75,145
2017,31.15,74.85,130
2017,31.15,74.95,89
2017,31.15,75.05,121
2017,31.15,75.15,101
2017,31.15,75.25,81
2017,31.15,75.35,99
2017,31.15,75.45,101
2017,31.15,75.55,107
2017,31.15,75.65,98
2017,31.15,75.75,62
2017,31.15,75.85,60
2017,31.15,75.95,65
2017,31.15,76.05,105
2017,31.15,76.15,36
2017,31.15,76.25,20
2017,31.15,76.45,3
2017,31.15,76.55,11
2017,31.25,74.55,160
2017,31.25,74.65,189
2017,31.25,74.75,139
2017,31.25,74.85,105
2017,31.25,74.95,146
2017,31.25,75.05,109
2017,31.25,75.15,80
2017,31.25,75.25,78
2017,31.25,75.35,62
2017,31.25,75.45,38
2017,31.25,75.55,37
2017,31.25,75.65,35
2017,31.25,75.75,25
2017,31.25,75.85,54
2017,31.25,75.95,75
2017,31.25,76.05,54
2017,31.25,76.15,25
2017,31.25,76.25,3
2017,31.25,76.35,3
2017,31.25,76.45,1
2017,31.25,76.55,2
2017,31.35,74.55,58
2017,31.35,74.65,125
2017,31.35,74.75,132
2017,31.35,74.85,106
2017,31.35,74.95,141
2017,31.35,75.05,124
2017,31.35,75.15,83
2017,31.35,75.25,107
2017,31.35,75.35,66
2017,31.35,75.45,37
2017,31.35,75.55,5
2017,31.35,75.65,18
2017,31.35,75.75,44
2017,31.35,75.85,24
2017,31.35,75.95,9
2017,31.35,76.05,2
2017,31.35,76.15,1
2017,31.35,76.35,5
2017,31.35,76.45,2
2017,31.45,74.55,3
2017,31.45,74.65,79
2017,31.45,74.75,113
2017,31.45,74.85,96
2017,31.45,74.95,67
2017,31.45,75.05,71
2017,31.45,75.15,108
2017,31.45,75.25,123
2017,31.45,75.35,115
2017,31.45,75.45,92
2017,31.45,75.55,87
2017,31.45,75.65,49
2017,31.45,75.75,57
2017,31.45,75.85,8
2017,31.45,75.95,3
2017,31.45,76.05,3
2017,31.55,74.55,6
2017,31.55,74.65,40
2017,31.55,74.75,65
2017,31.55,74.85,59
2017,31.55,74.95,39
2017,31.55,75.05,83
2017,31.55,75.15,80
2017,31.55,75.25,88
2017,31.55,75.35,89
2017,31.55,75.45,173
2017,31.55,75.55,115
2017,31.55,75.65,55
2017,31.55,75.75,36
2017,31.55,75.85,9
2017,31.55,75.95,2
2017,31.55,76.05,1
2017,31.65,74.55,19
2017,31.65,74.65,21
2017,31.65,74.75,10
2017,31.65,74.85,5
2017,31.65,74.95,47
2017,31.65,75.05,73
2017,31.65,75.15,93
2017,31.65,75.25,92
2017,31.65,75.35,119
2017,31.65,75.45,112
2017,31.65,75.55,167
2017,31.65,75.65,73
2017,31.65,75.75,14
2017,31.65,75.85,8
2017,31.65,75.95,1
2017,31.75,74.45,2
2017,31.75,74.55,47
2017,31.75,74.65,20
2017,31.75,74.75,13
2017,31.75,74.85,15
2017,31.75,74.95,82
2017,31.75,75.05,69
2017,31.75,75.15,77
2017,31.75,75.25,67
2017,31.75,75.35,104
2017,31.75,75.45,76
2017,31.75,75.55,84
2017,31.75,75.65,54
2017,31.75,75.75,10
2017,31.75,75.85,3
2017,31.85,74.55,12
2017,31.85,74.65,38
2017,31.85,74.75,25
2017,31.85,74.85,25
2017,31.85,74.95,39
2017,31.85,75.05,70
2017,31.85,75.15,50
2017,31.85,75.25,37
2017,31.85,75.35,95
2017,31.85,75.45,88
2017,31.85,75.55,60
2017,31.85,75.65,34
2017,31.85,75.75,7
2017,31.85,75.95,1
2017,31.95,74.65,5
2017,31.95,74.75,25
2017,31.95,74.85,63
2017,31.95,74.95,74
2017,31.95,75.05,72
2017,31.95,75.15,65
2017,31.95,75.25,79
2017,31.95,75.35,85
2017,31.95,75.45,69
2017,31.95,75.55,48
2017,31.95,75.65,32
2017,31.95,75.75,3
2017,32.05,74.85,5
2017,32.05,74.95,39
2017,32.05,75.05,60
2017,32.05,75.15,72
2017,32.05,75.25,77
2017,32.05,75.35,55
2017,32.05,75.45,16
2017,32.05,75.55,32
2017,32.05,75.65,8
2017,32.15,75.25,11
2017,32.15,75.35,35
2017,32.15,75.45,15
2017,32.15,75.55,5
2017,32.25,75.35,6
2017,32.25,75.45,15
2017,32.25,75.55,6
2017,32.35,75.35,5
2017,32.35,75.45,2
2017,32.35,75.55,1
2017,32.35,75.65,1
2018,27.65,76.95,1
2018,27.85,77.35,2
2018,27.85,77.45,20
2018,27.95,77.15,1
2018,27.95,77.35,4
2018,27.95,77.45,68
2018,27.95,77.55,7
2018,28.05,76.95,1
2018,28.05,77.15,1
2018,28.05,77.25,8
2018,28.05,77.35,18
2018,28.05,77.45,5
2018,28.15,76.05,3
2018,28.15,76.65,5
2018,28.15,77.15,1
2018,28.15,77.25,2
2018,28.15,77.35,16
2018,28.15,77.45,12
2018,28.25,76.45,1
2018,28.25,76.85,1
2018,28.25,77.15,3
2018,28.25,77.25,1
2018,28.25,77.35,10
2018,28.25,77.45,2
2018,28.35,76.25,3
2018,28.35,76.65,1
2018,28.35,76.75,2
2018,28.35,76.85,2
2018,28.35,76.95,3
2018,28.35,77.05,1
2018,28.35,77.25,8
2018,28.35,77.35,1
2018,28.35,77.45,1
2018,28.45,76.35,1
2018,28.45,76.45,2
2018,28.45,76.55,1
2018,28.45,76.75,1
2018,28.45,77.25,1
2018,28.45,77.35,7
2018,28.55,76.15,1
2018,28.55,76.25,1
2018,28.55,76.35,2
2018,28.55,76.45,1
2018,28.55,76.65,2
2018,28.55,76.75,2
2018,28.55,76.85,1
2018,28.55,77.25,2
2018,28.55,77.35,2
2018,28.65,76.25,3
2018,28.65,76.45,10
2018,28.65,76.55,9
2018,28.65,76.65,5
2018,28.65,76.75,5
2018,28.65,76.85,4
2018,28.75,76.05,1
2018,28.75,76.25,5
2018,28.75,76.35,4
2018,28.75,76.45,6
2018,28.75,76.55,8
2018,28.75,76.65,10
2018,28.75,76.75,6
2018,28.75,76.85,19
2018,28.75,76.95,7
2018,28.85,75.75,1
2018,28.85,76.05,1
2018,28.85,76.15,8
2018,28.85,76.25,4
2018,28.85,76.35,12
2018,28.85,76.45,23
2018,28.85,76.55,15
2018,28.85,76.65,8
2018,28.85,76.75,10
2018,28.85,76.85,1
2018,28.85,76.95,1
2018,28.85,77.05,1
2018,28.85,77.15,2
2018,28.95,75.55,3
2018,28.95,75.75,1
2018,28.95,75.95,4
2018,28.95,76.05,9
2018,28.95,76.15,16
2018,28.95,76.25,12
2018,28.95,76.35,19
2018,28.95,76.45,34
2018,28.95,76.55,18
2018,28.95,76.65,3
2018,28.95,76.75,1
2018,28.95,76.85,7
2018,28.95,76.95,6
2018,28.95,77.05,6
2018,28.95,77.15,6
2018,29.05,75.45,2
2018,29.05,75.65,1
2018,29.05,75.75,1
2018,29.05,75.85,2
2018,29.05,76.05,2
2018,29.05,76.15,10
2018,29.05,76.25,10
2018,29.05,76.35,15
2018,29.05,76.45,14
2018,29.05,76.55,12
2018,29.05,76.65,13
2018,29.05,76.75,2
2018,29.05,76.85,7
2018,29.05,76.95,4
2018,29.05,77.05,6
2018,29.05,77.15,6
2018,29.15,75.75,12
2018,29.15,75.85,5
2018,29.15,75.95,3
2018,29.15,76.05,34
2018,29.15,76.15,19
2018,29.15,76.25,9
2018,29.15,76.35,3
2018,29.15,76.45,9
2018,29.15,76.55,11
2018,29.15,76.65,7
2018,29.15,76.75,11
2018,29.15,76.85,9
2018,29.15,76.95,6
2018,29.15,77.05,4
2018,29.15,77.15,3
2018,29.25,75.55,1
2018,29.25,75.65,8
2018,29.25,75.75,12
2018,29.25,75.85,7
2018,29.25,75.95,2
2018,29.25,76.05,12
2018,29.25,76.15,37
2018,29.25,76.25,12
2018,29.25,76.35,9
2018,29.25,76.45,16
2018,29.25,76.55,5
2018,29.25,76.65,5
2018,29.25,76.75,6
2018,29.25,76.85,12
2018,29.25,76.95,4
2018,29.25,77.05,7
2018,29.25,77.15,4
2018,29.35,74.75,2
2018,29.35,74.95,1
2018,29.35,75.05,1
2018,29.35,75.15,16
2018,29.35,75.25,3
2018,29.35,75.35,1
2018,29.35,75.55,2
2018,29.35,75.65,1
2018,29.35,75.75,6
2018,29.35,75.85,6
2018,29.35,75.95,2
2018,29.35,76.05,6
2018,29.35,76.15,1
2018,29.35,76.25,8
2018,29.35,76.35,11
2018,29.35,76.45,21
2018,29.35,76.55,7
2018,29.35,76.65,6
2018,29.35,76.75,16
2018,29.35,76.85,17
2018,29.35,76.95,7
2018,29.35,77.05,4
2018,29.35,77.15,1
2018,29.45,74.65,53
2018,29.45,74.75,62
2018,29.45,74.85,137
2018,29.45,74.95,100
2018,29.45,75.05,15
2018,29.45,75.15,15
2018,29.45,75.25,8
2018,29.45,75.35,7
2018,29.45,75.45,25
2018,29.45,75.55,8
2018,29.45,75.65,12
2018,29.45,75.75,7
2018,29.45,75.85,6
2018,29.45,75.95,4
2018,29.45,76.05,14
2018,29.45,76.15,11
2018,29.45,76.25,6
2018,29.45,76.35,19
2018,29.45,76.45,40
2018,29.45,76.55,54
2018,29.45,76.65,29
2018,29.45,76.75,7
2018,29.45,76.85,57
2018,29.45,76.95,10
2018,29.45,77.05,13
2018,29.55,74.55,22
2018,29.55,74.65,198
2018,29.55,74.75,141
2018,29.55,74.85,78
2018,29.55,74.95,122
2018,29.55,75.05,70
2018,29.55,75.15,119
2018,29.55,75.25,175
2018,29.55,75.35,120
2018,29.55,75.45,122
2018,29.55,75.55,114
2018,29.55,75.65,32
2018,29.55,75.75,61
2018,29.55,75.85,48
2018,29.55,75.95,42
2018,29.55,76.05,84
2018,29.55,76.15,54
2018,29.55,76.25,12
2018,29.55,76.35,28
2018,29.55,76.45,40
2018,29.55,76.55,64
2018,29.55,76.65,66
2018,29.55,76.75,58
2018,29.55,76.85,42
2018,29.55,76.95,23
2018,29.55,77.05,15
2018,29.65,74.55,9
2018,29.65,74.65,21
2018,29.65,74.85,2
2018,29.65,74.95,14
2018,29.65,75.05,34
2018,29.65,75.15,99
2018,29.65,75.25,111
2018,29.65,75.35,139
2018,29.65,75.45,75
2018,29.65,75.55,166
2018,29.65,75.65,199
2018,29.65,75.75,187
2018,29.65,75.85,174
2018,29.65,75.95,113
2018,29.65,76.05,77
2018,29.65,76.15,57
2018,29.65,76.25,34
2018,29.65,76.35,44
2018,29.65,76.45,26
2018,29.65,76.55,6
2018,29.65,76.65,42
2018,29.65,76.75,79
2018,29.65,76.85,75
2018,29.65,76.95,25
2018,29.65,77.05,41
2018,29.65,77.15,1
2018,29.75,74.65,2
2018,29.75,74.85,1
2018,29.75,74.95,3
2018,29.75,75.05,2
2018,29.75,75.15,28
2018,29.75,75.25,127
2018,29.75,75.35,240
2018,29.75,75.45,195
2018,29.75,75.55,199
2018,29.75,75.65,288
2018,29.75,75.75,266
2018,29.75,75.85,211
2018,29.75,75.95,203
2018,29.75,76.05,211
2018,29.75,76.15,95
2018,29.75,76.25,58
2018,29.75,76.35,27
2018,29.75,76.45,5
2018,29.75,76.55,6
2018,29.75,76.65,32
2018,29.75,76.75,55
2018,29.75,76.85,53
2018,29.75,76.95,33
2018,29.75,77.05,26
2018,29.75,77.15,10
2018,29.85,74.55,5
2018,29.85,74.65,7
2018,29.85,74.75,6
2018,29.85,74.85,4
2018,29.85,74.95,25
2018,29.85,75.05,33
2018,29.85,75.15,92
2018,29.85,75.25,65
2018,29.85,75.35,85
2018,29.85,75.45,115
2018,29.85,75.55,171
2018,29.85,75.65,226
2018,29.85,75.75,254
2018,29.85,75.85,211
2018,29.85,75.95,252
2018,29.85,76.05,211
2018,29.85,76.15,165
2018,29.85,76.25,157
2018,29.85,76.35,117
2018,29.85,76.45,44
2018,29.85,76.55,46
2018,29.85,76.65,15
2018,29.85,76.75,27
2018,29.85,76.85,26
2018,29.85,76.95,16
2018,29.85,77.05,34
2018,29.85,77.15,13
2018,29.95,74.25,2
2018,29.95,74.45,57
2018,29.95,74.55,156
2018,29.95,74.65,88
2018,29.95,74.75,27
2018,29.95,74.85,61
2018,29.95,74.95,68
2018,29.95,75.05,75
2018,29.95,75.15,79
2018,29.95,75.25,151
2018,29.95,75.35,147
2018,29.95,75.45,224
2018,29.95,75.55,249
2018,29.95,75.65,272
2018,29.95,75.75,264
2018,29.95,75.85,284
2018,29.95,75.95,245
2018,29.95,76.05,166
2018,29.95,76.15,183
2018,29.95,76.25,143
2018,29.95,76.35,98
2018,29.95,76.45,71
2018,29.95,76.55,55
2018,29.95,76.65,47
2018,29.95,76.75,33
2018,29.95,76.85,19
2018,29.95,76.95,35
2018,29.95,77.05,24
2018,29.95,77.15,30
2018,29.95,77.25,3
2018,30.05,73.95,1
2018,30.05,74.05,18
2018,30.05,74.15,12
2018,30.05,74.25,10
2018,30.05,74.35,23
2018,30.05,74.45,211
2018,30.05,74.55,225
2018,30.05,74.65,164
2018,30.05,74.75,87
2018,30.05,74.85,117
2018,30.05,74.95,267
2018,30.05,75.05,146
2018,30.05,75.15,207
2018,30.05,75.25,233
2018,30.05,75.35,267
2018,30.05,75.45,205
2018,30.05,75.55,310
2018,30.05,75.65,256
2018,30.05,75.75,231
2018,30.05,75.85,254
2018,30.05,75.95,190
2018,30.05,76.05,242
2018,30.05,76.15,183
2018,30.05,76.25,106
2018,30.05,76.35,82
2018,30.05,76.45,53
2018,30.05,76.55,26
2018,30.05,76.65,76
2018,30.05,76.75,78
2018,30.05,76.85,32
2018,30.05,76.95,25
2018,30.05,77.05,22
2018,30.05,77.15,19
2018,30.05,77.25,11
2018,30.05,77.35,3
2018,30.15,73.95,2
2018,30.15,74.05,18
2018,30.15,74.15,33
2018,30.15,74.25,100
2018,30.15,74.35,150
2018,30.15,74.45,171
2018,30.15,74.55,210
2018,30.15,74.65,176
2018,30.15,74.75,197
2018,30.15,74.85,173
2018,30.15,74.95,81
2018,30.15,75.05,213
2018,30.15,75.15,303
2018,30.15,75.25,226
2018,30.15,75.35,262
2018,30.15,75.45,266
2018,30.15,75.55,347
2018,30.15,75.65,245
2018,30.15,75.75,216
2018,30.15,75.85,200
2018,30.15,75.95,220
2018,30.15,76.05,232
2018,30.15,76.15,178
2018,30.15,76.25,120
2018,30.15,76.35,101
2018,30.15,76.45,77
2018,30.15,76.55,28
2018,30.15,76.65,47
2018,30.15,76.75,58
2018,30.15,76.85,74
2018,30.15,76.95,34
2018,30.15,77.05,40
2018,30.15,77.15,22
2018,30.15,77.25,13
2018,30.15,77.35,19
2018,30.15,77.45,3
2018,30.25,73.95,51
2018,30.25,74.05,159
2018,30.25,74.15,15
2018,30.25,74.25,51
2018,30.25,74.35,119
2018,30.25,74.45,199
2018,30.25,74.55,261
2018,30.25,74.65,219
2018,30.25,74.75,127
2018,30.25,74.85,216
2018,30.25,74.95,101
2018,30.25,75.05,150
2018,30.25,75.15,275
2018,30.25,75.25,216
2018,30.25,75.35,260
2018,30.25,75.45,246
2018,30.25,75.55,296
2018,30.25,75.65,263
2018,30.25,75.75,232
2018,30.25,75.85,155
2018,30.25,75.95,233
2018,30.25,76.05,194
2018,30.25,76.15,217
2018,30.25,76.25,178
2018,30.25,76.35,154
2018,30.25,76.45,76
2018,30.25,76.55,107
2018,30.25,76.65,37
2018,30.25,76.75,38
2018,30.25,76.85,34
2018,30.25,76.95,32
2018,30.25,77.05,30
2018,30.25,77.15,36
2018,30.25,77.25,33
2018,30.25,77.35,36
2018,30.25,77.45,31
2018,30.25,77.55,2
2018,30.35,73.85,26
2018,30.35,73.95,150
2018,30.35,74.05,143
2018,30.35,74.15,137
2018,30.35,74.25,103
2018,30.35,74.35,126
2018,30.35,74.45,239
2018,30.35,74.55,254
2018,30.35,74.65,284
2018,30.35,74.75,291
2018,30.35,74.85,265
2018,30.35,74.95,209
2018,30.35,75.05,261
2018,30.35,75.15,281
2018,30.35,75.25,303
2018,30.35,75.35,239
2018,30.35,75.45,241
2018,30.35,75.55,177
2018,30.35,75.65,281
2018,30.35,75.75,307
2018,30.35,75.85,188
2018,30.35,75.95,228
2018,30.35,76.05,201
2018,30.35,76.15,170
2018,30.35,76.25,176
2018,30.35,76.35,109
2018,30.35,76.45,52
2018,30.35,76.55,113
2018,30.35,76.65,103
2018,30.35,76.75,49
2018,30.35,76.85,12
2018,30.35,76.95,21
2018,30.35,77.05,19
2018,30.35,77.15,27
2018,30.35,77.25,21
2018,30.35,77.35,33
2018,30.35,77.45,6
2018,30.35,77.55,3
2018,30.45,73.95,93
2018,30.45,74.05,217
2018,30.45,74.15,235
2018,30.45,74.25,228
2018,30.45,74.35,195
2018,30.45,74.45,196
2018,30.45,74.55,220
2018,30.45,74.65,332
2018,30.45,74.75,297
2018,30.45,74.85,266
2018,30.45,74.95,224
2018,30.45,75.05,279
2018,30.45,75.15,260
2018,30.45,75.25,194
2018,30.45,75.35,234
2018,30.45,75.45,202
2018,30.45,75.55,275
2018,30.45,75.65,320
2018,30.45,75.75,298
2018,30.45,75.85,245
2018,30.45,75.95,144
2018,30.45,76.05,208
2018,30.45,76.15,157
2018,30.45,76.25,183
2018,30.45,76.35,165
2018,30.45,76.45,123
2018,30.45,76.55,43
2018,30.45,76.65,42
2018,30.45,76.75,63
2018,30.45,76.85,27
2018,30.45,76.95,27
2018,30.45,77.05,20
2018,30.45,77.15,17
2018,30.45,77.25,9
2018,30.45,77.35,6
2018,30.55,73.95,1
2018,30.55,74.05,67
2018,30.55,74.15,259
2018,30.55,74.25,252
2018,30.55,74.35,329
2018,30.55,74.45,226
2018,30.55,74.55,212
2018,30.55,74.65,258
2018,30.55,74.75,219
2018,30.55,74.85,235
2018,30.55,74.95,207
2018,30.55,75.05,214
2018,30.55,75.15,197
2018,30.55,75.25,193
2018,30.55,75.35,190
2018,30.55,75.45,193
2018,30.55,75.55,147
2018,30.55,75.65,183
2018,30.55,75.75,192
2018,30.55,75.85,126
2018,30.55,75.95,160
2018,30.55,76.05,158
2018,30.55,76.15,173
2018,30.55,76.25,129
2018,30.55,76.35,158
2018,30.55,76.45,85
2018,30.55,76.55,63
2018,30.55,76.65,40
2018,30.55,76.75,45
2018,30.55,76.85,14
2018,30.55,76.95,18
2018,30.55,77.05,12
2018,30.55,77.15,7
2018,30.65,74.05,2
2018,30.65,74.15,113
2018,30.65,74.25,252
2018,30.65,74.35,318
2018,30.65,74.45,245
2018,30.65,74.55,192
2018,30.65,74.65,190
2018,30.65,74.75,124
2018,30.65,74.85,158
2018,30.65,74.95,191
2018,30.65,75.05,165
2018,30.65,75.15,154
2018,30.65,75.25,150
2018,30.65,75.35,172
2018,30.65,75.45,198
2018,30.65,75.55,107
2018,30.65,75.65,113
2018,30.65,75.75,165
2018,30.65,75.85,126
2018,30.65,75.95,134
2018,30.65,76.05,98
2018,30.65,76.15,120
2018,30.65,76.25,57
2018,30.65,76.35,54
2018,30.65,76.45,69
2018,30.65,76.55,61
2018,30.65,76.65,20
2018,30.65,76.75,27
2018,30.65,76.85,5
2018,30.65,76.95,8
2018,30.65,77.05,2
2018,30.65,77.15,2
2018,30.75,74.25,116
2018,30.75,74.35,290
2018,30.75,74.45,299
2018,30.75,74.55,236
2018,30.75,74.65,156
2018,30.75,74.75,217
2018,30.75,74.85,178
2018,30.75,74.95,216
2018,30.75,75.05,164
2018,30.75,75.15,160
2018,30.75,75.25,246
2018,30.75,75.35,147
2018,30.75,75.45,160
2018,30.75,75.55,106
2018,30.75,75.65,76
2018,30.75,75.75,88
2018,30.75,75.85,101
2018,30.75,75.95,87
2018,30.75,76.05,61
2018,30.75,76.15,78
2018,30.75,76.25,93
2018,30.75,76.35,76
2018,30.75,76.45,41
2018,30.75,76.55,22
2018,30.75,76.65,11
2018,30.85,74.35,150
2018,30.85,74.45,314
2018,30.85,74.55,293
2018,30.85,74.65,195
2018,30.85,74.75,184
2018,30.85,74.85,144
2018,30.85,74.95,176
2018,30.85,75.05,185
2018,30.85,75.15,155
2018,30.85,75.25,166
2018,30.85,75.35,135
2018,30.85,75.45,95
2018,30.85,75.55,136
2018,30.85,75.65,125
2018,30.85,75.75,50
2018,30.85,75.85,25
2018,30.85,75.95,38
2018,30.85,76.05,44
2018,30.85,76.15,61
2018,30.85,76.25,67
2018,30.85,76.35,42
2018,30.85,76.45,28
2018,30.85,76.55,15
2018,30.85,76.65,6
2018,30.85,76.75,6
2018,30.85,76.85,3
2018,30.85,76.95,1
2018,30.95,74.45,76
2018,30.95,74.55,156
2018,30.95,74.65,136
2018,30.95,74.75,319
2018,30.95,74.85,205
2018,30.95,74.95,198
2018,30.95,75.05,244
2018,30.95,75.15,176
2018,30.95,75.25,204
2018,30.95,75.35,149
2018,30.95,75.45,97
2018,30.95,75.55,131
2018,30.95,75.65,80
2018,30.95,75.75,18
2018,30.95,75.85,7
2018,30.95,75.95,25
2018,30.95,76.05,39
2018,30.95,76.15,57
2018,30.95,76.25,82
2018,30.95,76.35,38
2018,30.95,76.45,26
2018,30.95,76.55,8
2018,30.95,76.65,4
2018,30.95,76.75,3
2018,30.95,76.85,1
2018,31.05,74.55,26
2018,31.05,74.65,113
2018,31.05,74.75,232
2018,31.05,74.85,266
2018,31.05,74.95,219
2018,31.05,75.05,209
2018,31.05,75.15,154
2018,31.05,75.25,134
2018,31.05,75.35,78
2018,31.05,75.45,128
2018,31.05,75.55,112
2018,31.05,75.65,52
2018,31.05,75.75,56
2018,31.05,75.85,54
2018,31.05,75.95,55
2018,31.05,76.05,92
2018,31.05,76.15,74
2018,31.05,76.25,32
2018,31.05,76.35,2
2018,31.05,76.45,4
2018,31.05,76.55,11
2018,31.15,74.55,137
2018,31.15,74.65,111
2018,31.15,74.75,163
2018,31.15,74.85,161
2018,31.15,74.95,67
2018,31.15,75.05,105
2018,31.15,75.15,86
2018,31.15,75.25,59
2018,31.15,75.35,69
2018,31.15,75.45,84
2018,31.15,75.55,74
2018,31.15,75.65,56
2018,31.15,75.75,61
2018,31.15,75.85,54
2018,31.15,75.95,31
2018,31.15,76.05,68
2018,31.15,76.15,34
2018,31.15,76.25,18
2018,31.15,76.35,1
2018,31.15,76.55,6
2018,31.25,74.55,126
2018,31.25,74.65,162
2018,31.25,74.75,130
2018,31.25,74.85,108
2018,31.25,74.95,113
2018,31.25,75.05,108
2018,31.25,75.15,46
2018,31.25,75.25,49
2018,31.25,75.35,25
2018,31.25,75.45,39
2018,31.25,75.55,23
2018,31.25,75.65,19
2018,31.25,75.75,22
2018,31.25,75.85,13
2018,31.25,75.95,13
2018,31.25,76.05,32
2018,31.25,76.15,11
2018,31.25,76.25,2
2018,31.25,76.35,1
2018,31.25,76.45,2
2018,31.35,74.55,56
2018,31.35,74.65,134
2018,31.35,74.75,103
2018,31.35,74.85,89
2018,31.35,74.95,102
2018,31.35,75.05,116
2018,31.35,75.15,58
2018,31.35,75.25,33
2018,31.35,75.35,16
2018,31.35,75.45,17
2018,31.35,75.55,2
2018,31.35,75.65,17
2018,31.35,75.75,46
2018,31.35,75.85,15
2018,31.35,75.95,12
2018,31.35,76.05,7
2018,31.35,76.25,3
2018,31.35,76.35,12
2018,31.35,76.45,1
2018,31.45,74.55,4
2018,31.45,74.65,83
2018,31.45,74.75,71
2018,31.45,74.85,86
2018,31.45,74.95,39
2018,31.45,75.05,108
2018,31.45,75.15,126
2018,31.45,75.25,75
2018,31.45,75.35,65
2018,31.45,75.45,69
2018,31.45,75.55,56
2018,31.45,75.65,57
2018,31.45,75.75,34
2018,31.45,75.85,13
2018,31.55,74.55,8
2018,31.55,74.65,55
2018,31.55,74.75,67
2018,31.55,74.85,49
2018,31.55,74.95,37
2018,31.55,75.05,70
2018,31.55,75.15,118
2018,31.55,75.25,71
2018,31.55,75.35,48
2018,31.55,75.45,103
2018,31.55,75.55,93
2018,31.55,75.65,47
2018,31.55,75.75,20
2018,31.55,75.85,7
2018,31.55,75.95,2
2018,31.65,74.55,25
2018,31.65,74.65,46
2018,31.65,74.75,24
2018,31.65,74.85,5
2018,31.65,74.95,48
2018,31.65,75.05,115
2018,31.65,75.15,78
2018,31.65,75.25,99
2018,31.65,75.35,98
2018,31.65,75.45,61
2018,31.65,75.55,67
2018,31.65,75.65,40
2018,31.65,75.75,15
2018,31.65,75.85,3
2018,31.75,74.45,5
2018,31.75,74.55,61
2018,31.75,74.65,31
2018,31.75,74.75,15
2018,31.75,74.85,21
2018,31.75,74.95,84
2018,31.75,75.05,73
2018,31.75,75.15,63
2018,31.75,75.25,80
2018,31.75,75.35,93
2018,31.75,75.45,92
2018,31.75,75.55,53
2018,31.75,75.65,31
2018,31.75,75.75,10
2018,31.75,75.85,1
2018,31.85,74.55,21
2018,31.85,74.65,51
2018,31.85,74.75,20
2018,31.85,74.85,25
2018,31.85,74.95,34
2018,31.85,75.05,73
2018,31.85,75.15,34
2018,31.85,75.25,44
2018,31.85,75.35,105
2018,31.85,75.45,72
2018,31.85,75.55,57
2018,31.85,75.65,19
2018,31.85,75.75,7
2018,31.95,74.65,2
2018,31.95,74.75,28
2018,31.95,74.85,75
2018,31.95,74.95,50
2018,31.95,75.05,42
2018,31.95,75.15,36
2018,31.95,75.25,52
2018,31.95,75.35,84
2018,31.95,75.45,53
2018,31.95,75.55,22
2018,31.95,75.65,8
2018,31.95,75.75,4
2018,31.95,75.85,1
2018,32.05,74.85,3
2018,32.05,74.95,20
2018,32.05,75.05,20
2018,32.05,75.15,45
2018,32.05,75.25,53
2018,32.05,75.35,46
2018,32.05,75.45,16
2018,32.05,75.55,17
2018,32.05,75.65,2
2018,32.15,75.25,7
2018,32.15,75.35,21
2018,32.15,75.55,7
2018,32.25,75.35,19
2018,32.25,75.45,8
2018,32.25,75.55,6
2018,32.35,75.35,4
2018,32.35,75.65,2
2018,32.35,75.75,3
2018,32.35,75.85,2
2019,27.85,77.25,2
2019,27.85,77.35,3
2019,27.85,77.45,6
2019,27.95,76.05,1
2019,27.95,77.25,2
2019,27.95,77.35,2
2019,27.95,77.45,77
2019,27.95,77.55,5
2019,28.05,76.25,1
2019,28.05,77.25,3
2019,28.05,77.35,23
2019,28.05,77.45,9
2019,28.15,76.15,1
2019,28.15,76.55,1
2019,28.15,76.65,4
2019,28.15,76.75,1
2019,28.15,77.15,2
2019,28.15,77.25,3
2019,28.15,77.35,17
2019,28.15,77.45,7
2019,28.25,76.85,1
2019,28.25,77.15,1
2019,28.25,77.25,5
2019,28.25,77.35,11
2019,28.25,77.45,3
2019,28.35,76.35,1
2019,28.35,76.75,1
2019,28.35,76.85,1
2019,28.35,76.95,2
2019,28.35,77.25,20
2019,28.35,77.45,1
2019,28.45,76.55,2
2019,28.45,76.65,1
2019,28.45,76.85,1
2019,28.45,77.05,1
2019,28.45,77.35,3
2019,28.55,76.45,1
2019,28.55,76.55,2
2019,28.55,76.65,3
2019,28.55,76.85,1
2019,28.55,77.05,1
2019,28.65,75.55,1
2019,28.65,76.35,1
2019,28.65,76.45,1
2019,28.65,76.55,1
2019,28.65,76.65,3
2019,28.65,76.85,8
2019,28.75,75.95,2
2019,28.75,76.05,1
2019,28.75,76.15,1
2019,28.75,76.25,1
2019,28.75,76.35,4
2019,28.75,76.45,8
2019,28.75,76.55,4
2019,28.75,76.65,6
2019,28.75,76.75,2
2019,28.75,76.85,6
2019,28.75,76.95,15
2019,28.85,75.55,1
2019,28.85,75.95,1
2019,28.85,76.05,1
2019,28.85,76.15,6
2019,28.85,76.25,2
2019,28.85,76.35,4
2019,28.85,76.45,9
2019,28.85,76.55,5
2019,28.85,76.65,6
2019,28.85,76.85,3
2019,28.85,76.95,1
2019,28.85,77.05,1
2019,28.85,77.15,4
2019,28.95,75.55,6
2019,28.95,75.95,4
2019,28.95,76.05,3
2019,28.95,76.15,5
2019,28.95,76.25,4
2019,28.95,76.35,8
2019,28.95,76.45,15
2019,28.95,76.55,6
2019,28.95,76.65,5
2019,28.95,76.75,2
2019,28.95,76.85,5
2019,28.95,76.95,7
2019,28.95,77.05,2
2019,28.95,77.15,4
2019,29.05,75.75,2
2019,29.05,75.85,1
2019,29.05,75.95,3
2019,29.05,76.05,4
2019,29.05,76.15,6
2019,29.05,76.25,9
2019,29.05,76.35,4
2019,29.05,76.45,9
2019,29.05,76.55,3
2019,29.05,76.65,16
2019,29.05,76.75,7
2019,29.05,76.85,2
2019,29.05,76.95,3
2019,29.05,77.05,3
2019,29.05,77.15,3
2019,29.15,75.75,9
2019,29.15,75.85,3
2019,29.15,75.95,5
2019,29.15,76.05,20
2019,29.15,76.15,3
2019,29.15,76.25,2
2019,29.15,76.35,2
2019,29.15,76.45,4
2019,29.15,76.55,8
2019,29.15,76.65,4
2019,29.15,76.75,5
2019,29.15,76.85,3
2019,29.15,76.95,2
2019,29.15,77.05,2
2019,29.15,77.15,1
2019,29.25,75.55,1
2019,29.25,75.65,2
2019,29.25,75.75,7
2019,29.25,75.85,10
2019,29.25,76.05,10
2019,29.25,76.15,14
2019,29.25,76.25,11
2019,29.25,76.35,7
2019,29.25,76.45,16
2019,29.25,76.55,7
2019,29.25,76.65,8
2019,29.25,76.75,7
2019,29.25,76.85,8
2019,29.25,76.95,3
2019,29.25,77.05,7
2019,29.25,77.15,1
2019,29.35,74.95,1
2019,29.35,75.05,2
2019,29.35,75.15,6
2019,29.35,75.25,1
2019,29.35,75.75,1
2019,29.35,75.85,2
2019,29.35,75.95,1
2019,29.35,76.05,3
2019,29.35,76.15,2
2019,29.35,76.25,7
2019,29.35,76.35,9
2019,29.35,76.45,4
2019,29.35,76.55,13
2019,29.35,76.65,12
2019,29.35,76.75,11
2019,29.35,76.85,8
2019,29.35,76.95,6
2019,29.35,77.05,3
2019,29.35,77.15,1
2019,29.45,74.65,12
2019,29.45,74.75,13
2019,29.45,74.85,29
2019,29.45,74.95,23
2019,29.45,75.05,17
2019,29.45,75.15,10
2019,29.45,75.25,1
2019,29.45,75.45,6
2019,29.45,75.55,4
2019,29.45,75.65,7
2019,29.45,75.75,14
2019,29.45,75.85,5
2019,29.45,75.95,1
2019,29.45,76.05,20
2019,29.45,76.15,10
2019,29.45,76.25,3
2019,29.45,76.35,6
2019,29.45,76.45,28
2019,29.45,76.55,45
2019,29.45,76.65,23
2019,29.45,76.75,11
2019,29.45,76.85,20
2019,29.45,76.95,6
2019,29.45,77.05,18
2019,29.45,77.15,1
2019,29.55,74.55,11
2019,29.55,74.65,30
2019,29.55,74.75,21
2019,29.55,74.85,22
2019,29.55,74.95,27
2019,29.55,75.05,27
2019,29.55,75.15,32
2019,29.55,75.25,62
2019,29.55,75.35,30
2019,29.55,75.45,43
2019,29.55,75.55,29
2019,29.55,75.65,24
2019,29.55,75.75,40
2019,29.55,75.85,36
2019,29.55,75.95,31
2019,29.55,76.05,70
2019,29.55,76.15,31
2019,29.55,76.25,14
2019,29.55,76.35,15
2019,29.55,76.45,33
2019,29.55,76.55,86
2019,29.55,76.65,69
2019,29.55,76.75,60
2019,29.55,76.85,41
2019,29.55,76.95,21
2019,29.55,77.05,35
2019,29.65,74.55,6
2019,29.65,74.65,6
2019,29.65,74.85,1
2019,29.65,74.95,2
2019,29.65,75.05,9
2019,29.65,75.15,38
2019,29.65,75.25,91
2019,29.65,75.35,66
2019,29.65,75.45,47
2019,29.65,75.55,47
2019,29.65,75.65,58
2019,29.65,75.75,87
2019,29.65,75.85,92
2019,29.65,75.95,72
2019,29.65,76.05,35
2019,29.65,76.15,37
2019,29.65,76.25,14
2019,29.65,76.35,30
2019,29.65,76.45,18
2019,29.65,76.55,14
2019,29.65,76.65,76
2019,29.65,76.75,110
2019,29.65,76.85,89
2019,29.65,76.95,18
2019,29.65,77.05,37
2019,29.65,77.15,2
2019,29.75,74.55,1
2019,29.75,74.95,3
2019,29.75,75.05,8
2019,29.75,75.15,30
2019,29.75,75.25,95
2019,29.75,75.35,140
2019,29.75,75.45,90
2019,29.75,75.55,122
2019,29.75,75.65,166
2019,29.75,75.75,128
2019,29.75,75.85,120
2019,29.75,75.95,159
2019,29.75,76.05,113
2019,29.75,76.15,34
2019,29.75,76.25,36
2019,29.75,76.35,28
2019,29.75,76.45,12
2019,29.75,76.55,7
2019,29.75,76.65,44
2019,29.75,76.75,58
2019,29.75,76.85,60
2019,29.75,76.95,46
2019,29.75,77.05,37
2019,29.75,77.15,7
2019,29.85,74.55,3
2019,29.85,74.65,4
2019,29.85,74.75,3
2019,29.85,74.95,6
2019,29.85,75.05,19
2019,29.85,75.15,83
2019,29.85,75.25,40
2019,29.85,75.35,115
2019,29.85,75.45,93
2019,29.85,75.55,109
2019,29.85,75.65,121
2019,29.85,75.75,212
2019,29.85,75.85,191
2019,29.85,75.95,178
2019,29.85,76.05,153
2019,29.85,76.15,105
2019,29.85,76.25,116
2019,29.85,76.35,80
2019,29.85,76.45,31
2019,29.85,76.55,53
2019,29.85,76.65,33
2019,29.85,76.75,27
2019,29.85,76.85,39
2019,29.85,76.95,22
2019,29.85,77.05,33
2019,29.85,77.15,22
2019,29.95,74.25,1
2019,29.95,74.45,41
2019,29.95,74.55,82
2019,29.95,74.65,66
2019,29.95,74.75,13
2019,29.95,74.85,30
2019,29.95,74.95,69
2019,29.95,75.05,71
2019,29.95,75.15,92
2019,29.95,75.25,125
2019,29.95,75.35,130
2019,29.95,75.45,214
2019,29.95,75.55,190
2019,29.95,75.65,198
2019,29.95,75.75,174
2019,29.95,75.85,189
2019,29.95,75.95,191
2019,29.95,76.05,149
2019,29.95,76.15,185
2019,29.95,76.25,143
2019,29.95,76.35,99
2019,29.95,76.45,68
2019,29.95,76.55,87
2019,29.95,76.65,61
2019,29.95,76.75,43
2019,29.95,76.85,34
2019,29.95,76.95,26
2019,29.95,77.05,23
2019,29.95,77.15,23
2019,29.95,77.25,3
2019,30.05,74.05,19
2019,30.05,74.15,21
2019,30.05,74.25,19
2019,30.05,74.35,23
2019,30.05,74.45,164
2019,30.05,74.55,127
2019,30.05,74.65,97
2019,30.05,74.75,61
2019,30.05,74.85,64
2019,30.05,74.95,156
2019,30.05,75.05,145
2019,30.05,75.15,187
2019,30.05,75.25,196
2019,30.05,75.35,197
2019,30.05,75.45,195
2019,30.05,75.55,220
2019,30.05,75.65,163
2019,30.05,75.75,187
2019,30.05,75.85,208
2019,30.05,75.95,170
2019,30.05,76.05,175
2019,30.05,76.15,160
2019,30.05,76.25,100
2019,30.05,76.35,69
2019,30.05,76.45,63
2019,30.05,76.55,36
2019,30.05,76.65,66
2019,30.05,76.75,71
2019,30.05,76.85,32
2019,30.05,76.95,28
2019,30.05,77.05,27
2019,30.05,77.15,6
2019,30.05,77.25,5
2019,30.05,77.35,5
2019,30.15,73.95,2
2019,30.15,74.05,11
2019,30.15,74.15,18
2019,30.15,74.25,80
2019,30.15,74.35,106
2019,30.15,74.45,121
2019,30.15,74.55,128
2019,30.15,74.65,110
2019,30.15,74.75,184
2019,30.15,74.85,133
2019,30.15,74.95,65
2019,30.15,75.05,168
2019,30.15,75.15,197
2019,30.15,75.25,181
2019,30.15,75.35,207
2019,30.15,75.45,217
2019,30.15,75.55,281
2019,30.15,75.65,162
2019,30.15,75.75,169
2019,30.15,75.85,122
2019,30.15,75.95,184
2019,30.15,76.05,199
2019,30.15,76.15,110
2019,30.15,76.25,115
2019,30.15,76.35,124
2019,30.15,76.45,79
2019,30.15,76.55,52
2019,30.15,76.65,57
2019,30.15,76.75,50
2019,30.15,76.85,33
2019,30.15,76.95,27
2019,30.15,77.05,37
2019,30.15,77.15,26
2019,30.15,77.25,9
2019,30.15,77.35,13
2019,30.15,77.45,6
2019,30.25,73.95,38
2019,30.25,74.05,98
2019,30.25,74.15,2
2019,30.25,74.25,50
2019,30.25,74.35,94
2019,30.25,74.45,150
2019,30.25,74.55,147
2019,30.25,74.65,171
2019,30.25,74.75,85
2019,30.25,74.85,134
2019,30.25,74.95,79
2019,30.25,75.05,126
2019,30.25,75.15,169
2019,30.25,75.25,201
2019,30.25,75.35,241
2019,30.25,75.45,209
2019,30.25,75.55,239
2019,30.25,75.65,199
2019,30.25,75.75,163
2019,30.25,75.85,81
2019,30.25,75.95,158
2019,30.25,76.05,194
2019,30.25,76.15,157
2019,30.25,76.25,140
2019,30.25,76.35,138
2019,30.25,76.45,87
2019,30.25,76.55,130
2019,30.25,76.65,28
2019,30.25,76.75,42
2019,30.25,76.85,34
2019,30.25,76.95,18
2019,30.25,77.05,35
2019,30.25,77.15,40
2019,30.25,77.25,53
2019,30.25,77.35,35
2019,30.25,77.45,23
2019,30.25,77.55,2
2019,30.35,73.85,14
2019,30.35,73.95,102
2019,30.35,74.05,101
2019,30.35,74.15,69
2019,30.35,74.25,75
2019,30.35,74.35,78
2019,30.35,74.45,170
2019,30.35,74.55,150
2019,30.35,74.65,155
2019,30.35,74.75,144
2019,30.35,74.85,184
2019,30.35,74.95,151
2019,30.35,75.05,186
2019,30.35,75.15,230
2019,30.35,75.25,246
2019,30.35,75.35,222
2019,30.35,75.45,200
2019,30.35,75.55,148
2019,30.35,75.65,212
2019,30.35,75.75,191
2019,30.35,75.85,134
2019,30.35,75.95,146
2019,30.35,76.05,168
2019,30.35,76.15,100
2019,30.35,76.25,133
2019,30.35,76.35,63
2019,30.35,76.45,49
2019,30.35,76.55,107
2019,30.35,76.65,110
2019,30.35,76.75,56
2019,30.35,76.85,8
2019,30.35,76.95,21
2019,30.35,77.05,32
2019,30.35,77.15,36
2019,30.35,77.25,34
2019,30.35,77.35,17
2019,30.35,77.45,7
2019,30.45,73.95,69
2019,30.45,74.05,113
2019,30.45,74.15,98
2019,30.45,74.25,135
2019,30.45,74.35,105
2019,30.45,74.45,119
2019,30.45,74.55,106
2019,30.45,74.65,164
2019,30.45,74.75,117
2019,30.45,74.85,169
2019,30.45,74.95,148
2019,30.45,75.05,170
2019,30.45,75.15,219
2019,30.45,75.25,160
2019,30.45,75.35,218
2019,30.45,75.45,154
2019,30.45,75.55,174
2019,30.45,75.65,182
2019,30.45,75.75,221
2019,30.45,75.85,163
2019,30.45,75.95,119
2019,30.45,76.05,108
2019,30.45,76.15,90
2019,30.45,76.25,98
2019,30.45,76.35,134
2019,30.45,76.45,148
2019,30.45,76.55,39
2019,30.45,76.65,35
2019,30.45,76.75,34
2019,30.45,76.85,28
2019,30.45,76.95,16
2019,30.45,77.05,16
2019,30.45,77.15,16
2019,30.45,77.25,7
2019,30.45,77.35,2
2019,30.55,74.05,34
2019,30.55,74.15,144
2019,30.55,74.25,120
2019,30.55,74.35,184
2019,30.55,74.45,127
2019,30.55,74.55,118
2019,30.55,74.65,124
2019,30.55,74.75,115
2019,30.55,74.85,89
2019,30.55,74.95,162
2019,30.55,75.05,180
2019,30.55,75.15,146
2019,30.55,75.25,156
2019,30.55,75.35,157
2019,30.55,75.45,169
2019,30.55,75.55,112
2019,30.55,75.65,141
2019,30.55,75.75,146
2019,30.55,75.85,78
2019,30.55,75.95,86
2019,30.55,76.05,117
2019,30.55,76.15,65
2019,30.55,76.25,50
2019,30.55,76.35,88
2019,30.55,76.45,93
2019,30.55,76.55,75
2019,30.55,76.65,41
2019,30.55,76.75,57
2019,30.55,76.85,16
2019,30.55,76.95,22
2019,30.55,77.05,4
2019,30.55,77.15,5
2019,30.65,74.05,1
2019,30.65,74.15,84
2019,30.65,74.25,147
2019,30.65,74.35,159
2019,30.65,74.45,206
2019,30.65,74.55,142
2019,30.65,74.65,137
2019,30.65,74.75,116
2019,30.65,74.85,138
2019,30.65,74.95,158
2019,30.65,75.05,134
2019,30.65,75.15,126
2019,30.65,75.25,120
2019,30.65,75.35,157
2019,30.65,75.45,161
2019,30.65,75.55,64
2019,30.65,75.65,50
2019,30.65,75.75,111
2019,30.65,75.85,84
2019,30.65,75.95,68
2019,30.65,76.05,80
2019,30.65,76.15,59
2019,30.65,76.25,37
2019,30.65,76.35,37
2019,30.65,76.45,71
2019,30.65,76.55,37
2019,30.65,76.65,12
2019,30.65,76.75,24
2019,30.65,76.85,14
2019,30.65,76.95,4
2019,30.65,77.05,2
2019,30.75,74.25,59
2019,30.75,74.35,151
2019,30.75,74.45,210
2019,30.75,74.55,151
2019,30.75,74.65,133
2019,30.75,74.75,165
2019,30.75,74.85,142
2019,30.75,74.95,122
2019,30.75,75.05,110
2019,30.75,75.15,131
2019,30.75,75.25,124
2019,30.75,75.35,104
2019,30.75,75.45,93
2019,30.75,75.55,82
2019,30.75,75.65,44
2019,30.75,75.75,73
2019,30.75,75.85,43
2019,30.75,75.95,53
2019,30.75,76.05,31
2019,30.75,76.15,24
2019,30.75,76.25,48
2019,30.75,76.35,108
2019,30.75,76.45,55
2019,30.75,76.55,14
2019,30.75,76.65,9
2019,30.85,74.25,1
2019,30.85,74.35,97
2019,30.85,74.45,217
2019,30.85,74.55,179
2019,30.85,74.65,168
2019,30.85,74.75,161
2019,30.85,74.85,131
2019,30.85,74.95,133
2019,30.85,75.05,132
2019,30.85,75.15,35
2019,30.85,75.25,106
2019,30.85,75.35,83
2019,30.85,75.45,63
2019,30.85,75.55,66
2019,30.85,75.65,44
2019,30.85,75.75,29
2019,30.85,75.85,17
2019,30.85,75.95,22
2019,30.85,76.05,14
2019,30.85,76.15,43
2019,30.85,76.25,63
2019,30.85,76.35,60
2019,30.85,76.45,20
2019,30.85,76.55,20
2019,30.85,76.65,9
2019,30.85,76.75,3
2019,30.85,76.85,2
2019,30.95,74.45,89
2019,30.95,74.55,146
2019,30.95,74.65,119
2019,30.95,74.75,205
2019,30.95,74.85,158
2019,30.95,74.95,162
2019,30.95,75.05,182
2019,30.95,75.15,80
2019,30.95,75.25,94
2019,30.95,75.35,147
2019,30.95,75.45,107
2019,30.95,75.55,98
2019,30.95,75.65,45
2019,30.95,75.75,11
2019,30.95,75.85,12
2019,30.95,75.95,23
2019,30.95,76.05,31
2019,30.95,76.15,72
2019,30.95,76.25,94
2019,30.95,76.35,34
2019,30.95,76.45,21
2019,30.95,76.55,5
2019,30.95,76.65,2
2019,31.05,74.55,14
2019,31.05,74.65,112
2019,31.05,74.75,200
2019,31.05,74.85,213
2019,31.05,74.95,166
2019,31.05,75.05,192
2019,31.05,75.15,136
2019,31.05,75.25,117
2019,31.05,75.35,85
2019,31.05,75.45,117
2019,31.05,75.55,91
2019,31.05,75.65,76
2019,31.05,75.75,40
2019,31.05,75.85,42
2019,31.05,75.95,17
2019,31.05,76.05,58
2019,31.05,76.15,69
2019,31.05,76.25,38
2019,31.05,76.35,3
2019,31.05,76.55,5
2019,31.15,74.55,133
2019,31.15,74.65,148
2019,31.15,74.75,133
2019,31.15,74.85,126
2019,31.15,74.95,111
2019,31.15,75.05,83
2019,31.15,75.15,59
2019,31.15,75.25,98
2019,31.15,75.35,77
2019,31.15,75.45,49
2019,31.15,75.55,85
2019,31.15,75.65,72
2019,31.15,75.75,47
2019,31.15,75.85,28
2019,31.15,75.95,23
2019,31.15,76.05,28
2019,31.15,76.15,23
2019,31.15,76.25,18
2019,31.15,76.45,1
2019,31.15,76.55,5
2019,31.25,74.55,154
2019,31.25,74.65,187
2019,31.25,74.75,142
2019,31.25,74.85,103
2019,31.25,74.95,154
2019,31.25,75.05,116
2019,31.25,75.15,145
2019,31.25,75.25,104
2019,31.25,75.35,33
2019,31.25,75.45,27
2019,31.25,75.55,25
2019,31.25,75.65,18
2019,31.25,75.75,25
2019,31.25,75.85,24
2019,31.25,75.95,18
2019,31.25,76.05,37
2019,31.25,76.15,9
2019,31.25,76.25,1
2019,31.25,76.35,6
2019,31.25,76.45,2
2019,31.35,74.55,82
2019,31.35,74.65,145
2019,31.35,74.75,139
2019,31.35,74.85,104
2019,31.35,74.95,149
2019,31.35,75.05,143
2019,31.35,75.15,110
2019,31.35,75.25,94
2019,31.35,75.35,51
2019,31.35,75.45,16
2019,31.35,75.55,1
2019,31.35,75.65,10
2019,31.35,75.75,31
2019,31.35,75.85,15
2019,31.35,75.95,5
2019,31.35,76.35,6
2019,31.45,74.55,2
2019,31.45,74.65,91
2019,31.45,74.75,99
2019,31.45,74.85,109
2019,31.45,74.95,71
2019,31.45,75.05,76
2019,31.45,75.15,103
2019,31.45,75.25,103
2019,31.45,75.35,90
2019,31.45,75.45,51
2019,31.45,75.55,39
2019,31.45,75.65,30
2019,31.45,75.75,44
2019,31.45,75.85,1
2019,31.55,74.55,9
2019,31.55,74.65,59
2019,31.55,74.75,62
2019,31.55,74.85,55
2019,31.55,74.95,55
2019,31.55,75.05,96
2019,31.55,75.15,117
2019,31.55,75.25,85
2019,31.55,75.35,68
2019,31.55,75.45,117
2019,31.55,75.55,113
2019,31.55,75.65,48
2019,31.55,75.75,20
2019,31.55,75.85,11
2019,31.65,74.55,26
2019,31.65,74.65,44
2019,31.65,74.75,23
2019,31.65,74.85,1
2019,31.65,74.95,35
2019,31.65,75.05,98
2019,31.65,75.15,93
2019,31.65,75.25,103
2019,31.65,75.35,105
2019,31.65,75.45,70
2019,31.65,75.55,126
2019,31.65,75.65,32
2019,31.65,75.75,3
2019,31.65,75.85,4
2019,31.65,76.05,1
2019,31.75,74.55,43
2019,31.75,74.65,39
2019,31.75,74.75,30
2019,31.75,74.85,23
2019,31.75,74.95,85
2019,31.75,75.05,82
2019,31.75,75.15,59
2019,31.75,75.25,91
2019,31.75,75.35,103
2019,31.75,75.45,99
2019,31.75,75.55,71
2019,31.75,75.65,30
2019,31.75,75.75,5
2019,31.75,75.85,1
2019,31.85,74.55,19
2019,31.85,74.65,43
2019,31.85,74.75,35
2019,31.85,74.85,46
2019,31.85,74.95,62
2019,31.85,75.05,63
2019,31.85,75.15,46
2019,31.85,75.25,28
2019,31.85,75.35,92
2019,31.85,75.45,68
2019,31.85,75.55,61
2019,31.85,75.65,20
2019,31.85,75.75,1
2019,31.95,74.65,4
2019,31.95,74.75,19
2019,31.95,74.85,62
2019,31.95,74.95,87
2019,31.95,75.05,70
2019,31.95,75.15,60
2019,31.95,75.25,63
2019,31.95,75.35,74
2019,31.95,75.45,38
2019,31.95,75.55,30
2019,31.95,75.65,13
2019,31.95,75.85,1
2019,32.05,74.85,6
2019,32.05,74.95,8
2019,32.05,75.05,41
2019,32.05,75.15,44
2019,32.05,75.25,67
2019,32.05,75.35,66
2019,32.05,75.45,14
2019,32.05,75.55,5
2019,32.05,75.65,5
2019,32.15,75.25,7
2019,32.15,75.35,18
2019,32.15,75.45,6
2019,32.15,75.55,2
2019,32.25,75.35,4
2019,32.25,75.45,4
2019,32.25,75.55,1
2019,32.35,75.35,1
2019,32.35,75.75,1
2020,27.95,75.95,1
2020,27.95,77.25,1
2020,27.95,77.35,2
2020,27.95,77.45,21
2020,27.95,77.55,3
2020,28.05,76.25,1
2020,28.05,76.65,1
2020,28.05,77.15,2
2020,28.05,77.25,4
2020,28.05,77.35,12
2020,28.05,77.45,4
2020,28.15,76.95,1
2020,28.15,77.05,1
2020,28.15,77.25,1
2020,28.15,77.35,22
2020,28.15,77.45,4
2020,28.25,76.35,3
2020,28.25,76.85,1
2020,28.25,76.95,1
2020,28.25,77.15,1
2020,28.25,77.35,10
2020,28.25,77.45,3
2020,28.35,76.05,4
2020,28.35,76.55,2
2020,28.35,76.85,1
2020,28.35,77.05,1
2020,28.35,77.25,33
2020,28.45,76.45,2
2020,28.45,76.75,2
2020,28.45,76.95,2
2020,28.45,77.35,1
2020,28.45,77.45,5
2020,28.55,75.95,2
2020,28.55,76.45,3
2020,28.55,76.55,1
2020,28.55,76.65,1
2020,28.55,76.75,1
2020,28.55,76.85,2
2020,28.65,75.55,2
2020,28.65,75.95,4
2020,28.65,76.15,1
2020,28.65,76.25,2
2020,28.65,76.35,1
2020,28.65,76.45,4
2020,28.65,76.55,5
2020,28.65,76.65,4
2020,28.65,76.75,1
2020,28.65,76.85,4
2020,28.75,75.85,2
2020,28.75,75.95,1
2020,28.75,76.05,2
2020,28.75,76.25,1
2020,28.75,76.35,5
2020,28.75,76.45,10
2020,28.75,76.55,13
2020,28.75,76.65,6
2020,28.75,76.75,2
2020,28.75,76.85,6
2020,28.75,76.95,17
2020,28.85,75.75,1
2020,28.85,75.95,1
2020,28.85,76.05,4
2020,28.85,76.15,4
2020,28.85,76.25,9
2020,28.85,76.35,13
2020,28.85,76.45,17
2020,28.85,76.55,13
2020,28.85,76.65,10
2020,28.85,76.75,5
2020,28.85,76.85,1
2020,28.85,76.95,5
2020,28.85,77.05,1
2020,28.85,77.15,9
2020,28.95,75.55,6
2020,28.95,75.75,2
2020,28.95,75.85,14
2020,28.95,75.95,5
2020,28.95,76.05,5
2020,28.95,76.15,2
2020,28.95,76.25,10
2020,28.95,76.35,24
2020,28.95,76.45,12
2020,28.95,76.55,5
2020,28.95,76.65,10
2020,28.95,76.75,11
2020,28.95,76.85,3
2020,28.95,76.95,9
2020,28.95,77.05,2
2020,28.95,77.15,1
2020,29.05,75.75,5
2020,29.05,75.95,1
2020,29.05,76.05,4
2020,29.05,76.15,13
2020,29.05,76.25,8
2020,29.05,76.35,9
2020,29.05,76.45,13
2020,29.05,76.55,12
2020,29.05,76.65,15
2020,29.05,76.75,10
2020,29.05,76.85,11
2020,29.05,76.95,4
2020,29.05,77.05,2
2020,29.05,77.15,8
2020,29.15,75.65,3
2020,29.15,75.75,11
2020,29.15,75.85,1
2020,29.15,75.95,4
2020,29.15,76.05,14
2020,29.15,76.15,5
2020,29.15,76.25,6
2020,29.15,76.35,13
2020,29.15,76.45,12
2020,29.15,76.55,23
2020,29.15,76.65,18
2020,29.15,76.75,12
2020,29.15,76.85,11
2020,29.15,76.95,6
2020,29.15,77.15,2
2020,29.25,75.65,3
2020,29.25,75.75,8
2020,29.25,75.85,6
2020,29.25,75.95,3
2020,29.25,76.05,9
2020,29.25,76.15,15
2020,29.25,76.25,5
2020,29.25,76.35,9
2020,29.25,76.45,8
2020,29.25,76.55,21
2020,29.25,76.65,17
2020,29.25,76.75,8
2020,29.25,76.85,15
2020,29.25,76.95,7
2020,29.25,77.05,3
2020,29.25,77.15,1
2020,29.35,74.65,2
2020,29.35,75.05,1
2020,29.35,75.15,3
2020,29.35,75.45,1
2020,29.35,75.55,1
2020,29.35,75.75,2
2020,29.35,75.95,4
2020,29.35,76.05,7
2020,29.35,76.15,3
2020,29.35,76.25,3
2020,29.35,76.35,12
2020,29.35,76.45,7
2020,29.35,76.55,14
2020,29.35,76.65,16
2020,29.35,76.75,13
2020,29.35,76.85,17
2020,29.35,76.95,12
2020,29.35,77.05,11
2020,29.35,77.15,5
2020,29.45,74.65,12
2020,29.45,74.75,19
2020,29.45,74.85,23
2020,29.45,74.95,38
2020,29.45,75.05,4
2020,29.45,75.15,4
2020,29.45,75.25,1
2020,29.45,75.45,7
2020,29.45,75.55,4
2020,29.45,75.65,9
2020,29.45,75.75,4
2020,29.45,75.85,9
2020,29.45,75.95,7
2020,29.45,76.05,12
2020,29.45,76.15,8
2020,29.45,76.25,7
2020,29.45,76.35,13
2020,29.45,76.45,25
2020,29.45,76.55,34
2020,29.45,76.65,21
2020,29.45,76.75,10
2020,29.45,76.85,13
2020,29.45,76.95,11
2020,29.45,77.05,17
2020,29.45,77.15,1
2020,29.55,74.55,9
2020,29.55,74.65,42
2020,29.55,74.75,31
2020,29.55,74.85,24
2020,29.55,74.95,27
2020,29.55,75.05,25
2020,29.55,75.15,33
2020,29.55,75.25,83
2020,29.55,75.35,32
2020,29.55,75.45,44
2020,29.55,75.55,51
2020,29.55,75.65,26
2020,29.55,75.75,36
2020,29.55,75.85,46
2020,29.55,75.95,39
2020,29.55,76.05,36
2020,29.55,76.15,30
2020,29.55,76.25,24
2020,29.55,76.35,30
2020,29.55,76.45,22
2020,29.55,76.55,21
2020,29.55,76.65,32
2020,29.55,76.75,21
2020,29.55,76.85,23
2020,29.55,76.95,25
2020,29.55,77.05,29
2020,29.65,74.55,2
2020,29.65,74.65,5
2020,29.65,74.75,1
2020,29.65,74.85,1
2020,29.65,74.95,1
2020,29.65,75.05,6
2020,29.65,75.15,72
2020,29.65,75.25,152
2020,29.65,75.35,87
2020,29.65,75.45,22
2020,29.65,75.55,48
2020,29.65,75.65,42
2020,29.65,75.75,67
2020,29.65,75.85,115
2020,29.65,75.95,105
2020,29.65,76.05,49
2020,29.65,76.15,43
2020,29.65,76.25,38
2020,29.65,76.35,31
2020,29.65,76.45,38
2020,29.65,76.55,22
2020,29.65,76.65,42
2020,29.65,76.75,65
2020,29.65,76.85,43
2020,29.65,76.95,30
2020,29.65,77.05,20
2020,29.75,74.45,4
2020,29.75,74.55,1
2020,29.75,74.65,1
2020,29.75,74.95,3
2020,29.75,75.05,5
2020,29.75,75.15,31
2020,29.75,75.25,134
2020,29.75,75.35,242
2020,29.75,75.45,91
2020,29.75,75.55,153
2020,29.75,75.65,202
2020,29.75,75.75,168
2020,29.75,75.85,125
2020,29.75,75.95,227
2020,29.75,76.05,167
2020,29.75,76.15,49
2020,29.75,76.25,31
2020,29.75,76.35,39
2020,29.75,76.45,7
2020,29.75,76.55,7
2020,29.75,76.65,20
2020,29.75,76.75,35
2020,29.75,76.85,32
2020,29.75,76.95,29
2020,29.75,77.05,36
2020,29.75,77.15,8
2020,29.85,74.45,1
2020,29.85,74.55,3
2020,29.85,74.65,5
2020,29.85,74.75,1
2020,29.85,74.85,3
2020,29.85,74.95,18
2020,29.85,75.05,15
2020,29.85,75.15,99
2020,29.85,75.25,64
2020,29.85,75.35,126
2020,29.85,75.45,171
2020,29.85,75.55,207
2020,29.85,75.65,253
2020,29.85,75.75,281
2020,29.85,75.85,290
2020,29.85,75.95,247
2020,29.85,76.05,299
2020,29.85,76.15,160
2020,29.85,76.25,86
2020,29.85,76.35,51
2020,29.85,76.45,18
2020,29.85,76.55,17
2020,29.85,76.65,18
2020,29.85,76.75,21
2020,29.85,76.85,19
2020,29.85,76.95,15
2020,29.85,77.05,26
2020,29.85,77.15,13
2020,29.95,74.35,1
2020,29.95,74.45,78
2020,29.95,74.55,114
2020,29.95,74.65,76
2020,29.95,74.75,24
2020,29.95,74.85,46
2020,29.95,74.95,66
2020,29.95,75.05,112
2020,29.95,75.15,137
2020,29.95,75.25,202
2020,29.95,75.35,171
2020,29.95,75.45,243
2020,29.95,75.55,242
2020,29.95,75.65,335
2020,29.95,75.75,321
2020,29.95,75.85,297
2020,29.95,75.95,295
2020,29.95,76.05,251
2020,29.95,76.15,245
2020,29.95,76.25,88
2020,29.95,76.35,53
2020,29.95,76.45,35
2020,29.95,76.55,33
2020,29.95,76.65,34
2020,29.95,76.75,22
2020,29.95,76.85,14
2020,29.95,76.95,24
2020,29.95,77.05,28
2020,29.95,77.15,32
2020,29.95,77.25,4
2020,30.05,74.05,16
2020,30.05,74.15,25
2020,30.05,74.25,13
2020,30.05,74.35,14
2020,30.05,74.45,213
2020,30.05,74.55,194
2020,30.05,74.65,156
2020,30.05,74.75,103
2020,30.05,74.85,120
2020,30.05,74.95,215
2020,30.05,75.05,198
2020,30.05,75.15,223
2020,30.05,75.25,264
2020,30.05,75.35,251
2020,30.05,75.45,227
2020,30.05,75.55,314
2020,30.05,75.65,326
2020,30.05,75.75,335
2020,30.05,75.85,371
2020,30.05,75.95,305
2020,30.05,76.05,280
2020,30.05,76.15,191
2020,30.05,76.25,68
2020,30.05,76.35,43
2020,30.05,76.45,43
2020,30.05,76.55,14
2020,30.05,76.65,38
2020,30.05,76.75,42
2020,30.05,76.85,22
2020,30.05,76.95,19
2020,30.05,77.05,27
2020,30.05,77.15,21
2020,30.05,77.25,13
2020,30.05,77.35,3
2020,30.15,73.95,4
2020,30.15,74.05,13
2020,30.15,74.15,27
2020,30.15,74.25,105
2020,30.15,74.35,120
2020,30.15,74.45,113
2020,30.15,74.55,173
2020,30.15,74.65,186
2020,30.15,74.75,196
2020,30.15,74.85,214
2020,30.15,74.95,64
2020,30.15,75.05,258
2020,30.15,75.15,264
2020,30.15,75.25,285
2020,30.15,75.35,334
2020,30.15,75.45,346
2020,30.15,75.55,363
2020,30.15,75.65,298
2020,30.15,75.75,320
2020,30.15,75.85,262
2020,30.15,75.95,294
2020,30.15,76.05,291
2020,30.15,76.15,254
2020,30.15,76.25,160
2020,30.15,76.35,133
2020,30.15,76.45,63
2020,30.15,76.55,53
2020,30.15,76.65,49
2020,30.15,76.75,25
2020,30.15,76.85,56
2020,30.15,76.95,37
2020,30.15,77.05,28
2020,30.15,77.15,19
2020,30.15,77.25,13
2020,30.15,77.35,22
2020,30.15,77.45,7
2020,30.25,73.95,53
2020,30.25,74.05,162
2020,30.25,74.15,16
2020,30.25,74.25,85
2020,30.25,74.35,130
2020,30.25,74.45,129
2020,30.25,74.55,171
2020,30.25,74.65,210
2020,30.25,74.75,150
2020,30.25,74.85,243
2020,30.25,74.95,128
2020,30.25,75.05,205
2020,30.25,75.15,324
2020,30.25,75.25,313
2020,30.25,75.35,304
2020,30.25,75.45,323
2020,30.25,75.55,362
2020,30.25,75.65,320
2020,30.25,75.75,275
2020,30.25,75.85,182
2020,30.25,75.95,236
2020,30.25,76.05,260
2020,30.25,76.15,281
2020,30.25,76.25,200
2020,30.25,76.35,190
2020,30.25,76.45,121
2020,30.25,76.55,143
2020,30.25,76.65,57
2020,30.25,76.75,62
2020,30.25,76.85,38
2020,30.25,76.95,31
2020,30.25,77.05,26
2020,30.25,77.15,42
2020,30.25,77.25,34
2020,30.25,77.35,26
2020,30.25,77.45,22
2020,30.25,77.55,1
2020,30.35,73.85,14
2020,30.35,73.95,174
2020,30.35,74.05,183
2020,30.35,74.15,137
2020,30.35,74.25,96
2020,30.35,74.35,190
2020,30.35,74.45,201
2020,30.35,74.55,222
2020,30.35,74.65,279
2020,30.35,74.75,339
2020,30.35,74.85,336
2020,30.35,74.95,233
2020,30.35,75.05,302
2020,30.35,75.15,342
2020,30.35,75.25,378
2020,30.35,75.35,286
2020,30.35,75.45,314
2020,30.35,75.55,217
2020,30.35,75.65,283
2020,30.35,75.75,327
2020,30.35,75.85,247
2020,30.35,75.95,243
2020,30.35,76.05,206
2020,30.35,76.15,195
2020,30.35,76.25,209
2020,30.35,76.35,91
2020,30.35,76.45,67
2020,30.35,76.55,134
2020,30.35,76.65,142
2020,30.35,76.75,77
2020,30.35,76.85,15
2020,30.35,76.95,23
2020,30.35,77.05,27
2020,30.35,77.15,45
2020,30.35,77.25,18
2020,30.35,77.35,35
2020,30.35,77.45,7
2020,30.45,73.95,99
2020,30.45,74.05,234
2020,30.45,74.15,297
2020,30.45,74.25,264
2020,30.45,74.35,197
2020,30.45,74.45,170
2020,30.45,74.55,146
2020,30.45,74.65,309
2020,30.45,74.75,365
2020,30.45,74.85,341
2020,30.45,74.95,305
2020,30.45,75.05,341
2020,30.45,75.15,290
2020,30.45,75.25,333
2020,30.45,75.35,339
2020,30.45,75.45,312
2020,30.45,75.55,397
2020,30.45,75.65,357
2020,30.45,75.75,290
2020,30.45,75.85,268
2020,30.45,75.95,187
2020,30.45,76.05,190
2020,30.45,76.15,165
2020,30.45,76.25,218
2020,30.45,76.35,236
2020,30.45,76.45,137
2020,30.45,76.55,58
2020,30.45,76.65,47
2020,30.45,76.75,74
2020,30.45,76.85,37
2020,30.45,76.95,14
2020,30.45,77.05,26
2020,30.45,77.15,20
2020,30.45,77.25,5
2020,30.45,77.35,7
2020,30.55,73.95,1
2020,30.55,74.05,92
2020,30.55,74.15,232
2020,30.55,74.25,315
2020,30.55,74.35,301
2020,30.55,74.45,244
2020,30.55,74.55,244
2020,30.55,74.65,254
2020,30.55,74.75,237
2020,30.55,74.85,271
2020,30.55,74.95,254
2020,30.55,75.05,350
2020,30.55,75.15,293
2020,30.55,75.25,306
2020,30.55,75.35,390
2020,30.55,75.45,298
2020,30.55,75.55,262
2020,30.55,75.65,297
2020,30.55,75.75,228
2020,30.55,75.85,119
2020,30.55,75.95,129
2020,30.55,76.05,203
2020,30.55,76.15,122
2020,30.55,76.25,100
2020,30.55,76.35,168
2020,30.55,76.45,150
2020,30.55,76.55,111
2020,30.55,76.65,64
2020,30.55,76.75,42
2020,30.55,76.85,13
2020,30.55,76.95,12
2020,30.55,77.05,11
2020,30.55,77.15,5
2020,30.65,74.05,1
2020,30.65,74.15,123
2020,30.65,74.25,282
2020,30.65,74.35,337
2020,30.65,74.45,271
2020,30.65,74.55,200
2020,30.65,74.65,289
2020,30.65,74.75,163
2020,30.65,74.85,163
2020,30.65,74.95,276
2020,30.65,75.05,277
2020,30.65,75.15,299
2020,30.65,75.25,263
2020,30.65,75.35,308
2020,30.65,75.45,305
2020,30.65,75.55,187
2020,30.65,75.65,158
2020,30.65,75.75,197
2020,30.65,75.85,161
2020,30.65,75.95,113
2020,30.65,76.05,124
2020,30.65,76.15,112
2020,30.65,76.25,52
2020,30.65,76.35,74
2020,30.65,76.45,145
2020,30.65,76.55,59
2020,30.65,76.65,31
2020,30.65,76.75,25
2020,30.65,76.85,20
2020,30.65,76.95,3
2020,30.75,74.25,116
2020,30.75,74.35,295
2020,30.75,74.45,350
2020,30.75,74.55,200
2020,30.75,74.65,150
2020,30.75,74.75,201
2020,30.75,74.85,251
2020,30.75,74.95,274
2020,30.75,75.05,258
2020,30.75,75.15,259
2020,30.75,75.25,272
2020,30.75,75.35,234
2020,30.75,75.45,200
2020,30.75,75.55,217
2020,30.75,75.65,126
2020,30.75,75.75,133
2020,30.75,75.85,107
2020,30.75,75.95,96
2020,30.75,76.05,68
2020,30.75,76.15,96
2020,30.75,76.25,124
2020,30.75,76.35,147
2020,30.75,76.45,95
2020,30.75,76.55,29
2020,30.75,76.65,17
2020,30.75,76.95,2
2020,30.75,77.05,1
2020,30.85,74.25,2
2020,30.85,74.35,185
2020,30.85,74.45,314
2020,30.85,74.55,242
2020,30.85,74.65,217
2020,30.85,74.75,224
2020,30.85,74.85,212
2020,30.85,74.95,194
2020,30.85,75.05,273
2020,30.85,75.15,174
2020,30.85,75.25,222
2020,30.85,75.35,233
2020,30.85,75.45,122
2020,30.85,75.55,127
2020,30.85,75.65,82
2020,30.85,75.75,52
2020,30.85,75.85,46
2020,30.85,75.95,36
2020,30.85,76.05,49
2020,30.85,76.15,92
2020,30.85,76.25,141
2020,30.85,76.35,104
2020,30.85,76.45,54
2020,30.85,76.55,14
2020,30.85,76.65,9
2020,30.85,76.85,5
2020,30.85,76.95,1
2020,30.95,74.45,76
2020,30.95,74.55,162
2020,30.95,74.65,200
2020,30.95,74.75,269
2020,30.95,74.85,270
2020,30.95,74.95,273
2020,30.95,75.05,272
2020,30.95,75.15,236
2020,30.95,75.25,253
2020,30.95,75.35,212
2020,30.95,75.45,184
2020,30.95,75.55,161
2020,30.95,75.65,103
2020,30.95,75.75,25
2020,30.95,75.85,26
2020,30.95,75.95,18
2020,30.95,76.05,53
2020,30.95,76.15,49
2020,30.95,76.25,135
2020,30.95,76.35,84
2020,30.95,76.45,26
2020,30.95,76.55,12
2020,30.95,76.65,1
2020,30.95,76.85,1
2020,31.05,74.55,49
2020,31.05,74.65,158
2020,31.05,74.75,276
2020,31.05,74.85,314
2020,31.05,74.95,283
2020,31.05,75.05,337
2020,31.05,75.15,201
2020,31.05,75.25,221
2020,31.05,75.35,90
2020,31.05,75.45,145
2020,31.05,75.55,133
2020,31.05,75.65,112
2020,31.05,75.75,80
2020,31.05,75.85,89
2020,31.05,75.95,28
2020,31.05,76.05,28
2020,31.05,76.15,46
2020,31.05,76.25,48
2020,31.05,76.35,8
2020,31.05,76.45,2
2020,31.05,76.55,16
2020,31.05,76.65,3
2020,31.15,74.55,210
2020,31.15,74.65,190
2020,31.15,74.75,243
2020,31.15,74.85,252
2020,31.15,74.95,149
2020,31.15,75.05,189
2020,31.15,75.15,165
2020,31.15,75.25,107
2020,31.15,75.35,39
2020,31.15,75.45,62
2020,31.15,75.55,122
2020,31.15,75.65,63
2020,31.15,75.75,57
2020,31.15,75.85,51
2020,31.15,75.95,20
2020,31.15,76.05,13
2020,31.15,76.15,35
2020,31.15,76.25,10
2020,31.15,76.45,4
2020,31.15,76.55,14
2020,31.25,74.55,173
2020,31.25,74.65,221
2020,31.25,74.75,206
2020,31.25,74.85,190
2020,31.25,74.95,219
2020,31.25,75.05,202
2020,31.25,75.15,200
2020,31.25,75.25,103
2020,31.25,75.35,26
2020,31.25,75.45,31
2020,31.25,75.55,17
2020,31.25,75.65,20
2020,31.25,75.75,30
2020,31.25,75.85,38
2020,31.25,75.95,13
2020,31.25,76.05,43
2020,31.25,76.15,8
2020,31.25,76.35,1
2020,31.25,76.45,8
2020,31.25,76.55,4
2020,31.35,74.55,87
2020,31.35,74.65,191
2020,31.35,74.75,189
2020,31.35,74.85,165
2020,31.35,74.95,188
2020,31.35,75.05,215
2020,31.35,75.15,129
2020,31.35,75.25,121
2020,31.35,75.35,63
2020,31.35,75.45,9
2020,31.35,75.55,5
2020,31.35,75.65,5
2020,31.35,75.75,41
2020,31.35,75.85,29
2020,31.35,75.95,6
2020,31.35,76.05,4
2020,31.35,76.15,1
2020,31.35,76.25,2
2020,31.35,76.35,10
2020,31.45,74.55,3
2020,31.45,74.65,134
2020,31.45,74.75,131
2020,31.45,74.85,154
2020,31.45,74.95,110
2020,31.45,75.05,160
2020,31.45,75.15,168
2020,31.45,75.25,122
2020,31.45,75.35,97
2020,31.45,75.45,68
2020,31.45,75.55,49
2020,31.45,75.65,34
2020,31.45,75.75,38
2020,31.45,75.85,9
2020,31.45,75.95,1
2020,31.45,76.05,2
2020,31.55,74.55,8
2020,31.55,74.65,96
2020,31.55,74.75,143
2020,31.55,74.85,75
2020,31.55,74.95,92
2020,31.55,75.05,150
2020,31.55,75.15,172
2020,31.55,75.25,117
2020,31.55,75.35,113
2020,31.55,75.45,168
2020,31.55,75.55,100
2020,31.55,75.65,60
2020,31.55,75.75,29
2020,31.55,75.85,6
2020,31.55,75.95,4
2020,31.55,76.05,3
2020,31.65,74.55,49
2020,31.65,74.65,98
2020,31.65,74.75,24
2020,31.65,74.85,15
2020,31.65,74.95,93
2020,31.65,75.05,146
2020,31.65,75.15,131
2020,31.65,75.25,168
2020,31.65,75.35,132
2020,31.65,75.45,129
2020,31.65,75.55,164
2020,31.65,75.65,81
2020,31.65,75.75,17
2020,31.65,75.85,3
2020,31.75,74.45,1
2020,31.75,74.55,93
2020,31.75,74.65,75
2020,31.75,74.75,50
2020,31.75,74.85,51
2020,31.75,74.95,135
2020,31.75,75.05,134
2020,31.75,75.15,116
2020,31.75,75.25,103
2020,31.75,75.35,145
2020,31.75,75.45,164
2020,31.75,75.55,124
2020,31.75,75.65,47
2020,31.75,75.75,18
2020,31.75,75.85,2
2020,31.85,74.55,20
2020,31.85,74.65,105
2020,31.85,74.75,60
2020,31.85,74.85,69
2020,31.85,74.95,70
2020,31.85,75.05,119
2020,31.85,75.15,90
2020,31.85,75.25,40
2020,31.85,75.35,115
2020,31.85,75.45,81
2020,31.85,75.55,99
2020,31.85,75.65,34
2020,31.85,75.75,17
2020,31.95,74.65,4
2020,31.95,74.75,28
2020,31.95,74.85,101
2020,31.95,74.95,102
2020,31.95,75.05,77
2020,31.95,75.15,74
2020,31.95,75.25,78
2020,31.95,75.35,97
2020,31.95,75.45,71
2020,31.95,75.55,51
2020,31.95,75.65,31
2020,31.95,75.75,7
2020,31.95,75.85,1
2020,32.05,74.85,4
2020,32.05,74.95,36
2020,32.05,75.05,49
2020,32.05,75.15,78
2020,32.05,75.25,105
2020,32.05,75.35,79
2020,32.05,75.45,16
2020,32.05,75.55,28
2020,32.05,75.65,9
2020,32.15,75.15,1
2020,32.15,75.25,15
2020,32.15,75.35,57
2020,32.15,75.45,13
2020,32.15,75.55,6
2020,32.15,75.65,2
2020,32.25,75.35,23
2020,32.25,75.45,8
2020,32.35,75.35,1
2020,32.35,75.45,2
2020,32.35,75.65,1
2021,27.85,77.45,15
2021,27.95,77.25,1
2021,27.95,77.35,4
2021,27.95,77.45,66
2021,27.95,77.55,5
2021,28.05,77.05,1
2021,28.05,77.15,1
2021,28.05,77.25,2
2021,28.05,77.35,12
2021,28.05,77.45,8
2021,28.15,77.35,17
2021,28.15,77.45,12
2021,28.25,76.85,2
2021,28.25,76.95,1
2021,28.25,77.05,1
2021,28.25,77.15,1
2021,28.25,77.35,7
2021,28.25,77.45,2
2021,28.35,76.65,1
2021,28.35,77.25,15
2021,28.35,77.35,1
2021,28.45,76.95,2
2021,28.45,77.25,2
2021,28.45,77.45,1
2021,28.65,75.55,1
2021,28.65,76.25,2
2021,28.65,76.45,1
2021,28.65,76.55,1
2021,28.65,76.65,2
2021,28.65,76.85,1
2021,28.75,76.05,1
2021,28.75,76.35,5
2021,28.75,76.45,1
2021,28.75,76.55,4
2021,28.75,76.65,7
2021,28.75,76.75,4
2021,28.75,76.85,9
2021,28.75,76.95,3
2021,28.85,75.75,2
2021,28.85,76.05,2
2021,28.85,76.15,1
2021,28.85,76.25,4
2021,28.85,76.35,4
2021,28.85,76.45,12
2021,28.85,76.55,5
2021,28.85,76.65,7
2021,28.85,76.75,3
2021,28.85,76.95,4
2021,28.85,77.15,3
2021,28.95,75.55,3
2021,28.95,75.75,1
2021,28.95,75.95,1
2021,28.95,76.05,6
2021,28.95,76.15,2
2021,28.95,76.25,2
2021,28.95,76.35,17
2021,28.95,76.45,26
2021,28.95,76.55,22
2021,28.95,76.65,11
2021,28.95,76.75,20
2021,28.95,76.85,7
2021,28.95,76.95,7
2021,28.95,77.05,4
2021,28.95,77.15,12
2021,29.05,75.75,9
2021,29.05,75.85,2
2021,29.05,76.05,2
2021,29.05,76.15,19
2021,29.05,76.25,13
2021,29.05,76.35,13
2021,29.05,76.45,22
2021,29.05,76.55,28
2021,29.05,76.65,30
2021,29.05,76.75,11
2021,29.05,76.85,9
2021,29.05,76.95,18
2021,29.05,77.05,16
2021,29.05,77.15,4
2021,29.15,75.75,3
2021,29.15,75.85,5
2021,29.15,75.95,15
2021,29.15,76.05,44
2021,29.15,76.15,51
2021,29.15,76.25,39
2021,29.15,76.35,21
2021,29.15,76.45,25
2021,29.15,76.55,23
2021,29.15,76.65,11
2021,29.15,76.75,13
2021,29.15,76.85,31
2021,29.15,76.95,30
2021,29.15,77.05,20
2021,29.15,77.15,7
2021,29.25,75.45,1
2021,29.25,75.75,8
2021,29.25,75.85,13
2021,29.25,75.95,6
2021,29.25,76.05,21
2021,29.25,76.15,86
2021,29.25,76.25,37
2021,29.25,76.35,36
2021,29.25,76.45,14
2021,29.25,76.55,50
2021,29.25,76.65,44
2021,29.25,76.75,23
2021,29.25,76.85,32
2021,29.25,76.95,23
2021,29.25,77.05,20
2021,29.25,77.15,2
2021,29.35,74.65,2
2021,29.35,74.75,2
2021,29.35,74.95,1
2021,29.35,75.05,2
2021,29.35,75.15,12
2021,29.35,75.25,2
2021,29.35,75.45,1
2021,29.35,75.75,3
2021,29.35,75.85,3
2021,29.35,75.95,8
2021,29.35,76.05,12
2021,29.35,76.15,13
2021,29.35,76.25,16
2021,29.35,76.35,46
2021,29.35,76.45,26
2021,29.35,76.55,30
2021,29.35,76.65,56
2021,29.35,76.75,57
2021,29.35,76.85,63
2021,29.35,76.95,27
2021,29.35,77.05,2
2021,29.35,77.15,2
2021,29.45,74.65,18
2021,29.45,74.75,46
2021,29.45,74.85,46
2021,29.45,74.95,54
2021,29.45,75.05,14
2021,29.45,75.15,8
2021,29.45,75.25,18
2021,29.45,75.35,4
2021,29.45,75.45,19
2021,29.45,75.55,22
2021,29.45,75.65,15
2021,29.45,75.75,28
2021,29.45,75.85,17
2021,29.45,75.95,17
2021,29.45,76.05,35
2021,29.45,76.15,46
2021,29.45,76.25,19
2021,29.45,76.35,49
2021,29.45,76.45,49
2021,29.45,76.55,92
2021,29.45,76.65,59
2021,29.45,76.75,51
2021,29.45,76.85,35
2021,29.45,76.95,25
2021,29.45,77.05,21
2021,29.45,77.15,1
2021,29.55,74.55,3
2021,29.55,74.65,56
2021,29.55,74.75,49
2021,29.55,74.85,53
2021,29.55,74.95,55
2021,29.55,75.05,32
2021,29.55,75.15,55
2021,29.55,75.25,114
2021,29.55,75.35,87
2021,29.55,75.45,76
2021,29.55,75.55,68
2021,29.55,75.65,50
2021,29.55,75.75,91
2021,29.55,75.85,99
2021,29.55,75.95,70
2021,29.55,76.05,104
2021,29.55,76.15,64
2021,29.55,76.25,49
2021,29.55,76.35,44
2021,29.55,76.45,66
2021,29.55,76.55,62
2021,29.55,76.65,54
2021,29.55,76.75,60
2021,29.55,76.85,59
2021,29.55,76.95,50
2021,29.55,77.05,57
2021,29.65,74.55,4
2021,29.65,74.65,18
2021,29.65,74.75,1
2021,29.65,74.85,1
2021,29.65,74.95,6
2021,29.65,75.05,20
2021,29.65,75.15,81
2021,29.65,75.25,103
2021,29.65,75.35,154
2021,29.65,75.45,93
2021,29.65,75.55,123
2021,29.65,75.65,120
2021,29.65,75.75,144
2021,29.65,75.85,152
2021,29.65,75.95,156
2021,29.65,76.05,96
2021,29.65,76.15,67
2021,29.65,76.25,24
2021,29.65,76.35,63
2021,29.65,76.45,46
2021,29.65,76.55,46
2021,29.65,76.65,68
2021,29.65,76.75,58
2021,29.65,76.85,56
2021,29.65,76.95,23
2021,29.65,77.05,46
2021,29.65,77.15,2
2021,29.75,74.65,3
2021,29.75,74.75,2
2021,29.75,74.95,4
2021,29.75,75.05,14
2021,29.75,75.15,37
2021,29.75,75.25,121
2021,29.75,75.35,330
2021,29.75,75.45,183
2021,29.75,75.55,192
2021,29.75,75.65,219
2021,29.75,75.75,217
2021,29.75,75.85,166
2021,29.75,75.95,261
2021,29.75,76.05,202
2021,29.75,76.15,131
2021,29.75,76.25,62
2021,29.75,76.35,46
2021,29.75,76.45,22
2021,29.75,76.55,10
2021,29.75,76.65,54
2021,29.75,76.75,43
2021,29.75,76.85,43
2021,29.75,76.95,30
2021,29.75,77.05,38
2021,29.75,77.15,14
2021,29.85,74.55,1
2021,29.85,74.65,8
2021,29.85,74.75,5
2021,29.85,74.85,8
2021,29.85,74.95,21
2021,29.85,75.05,28
2021,29.85,75.15,100
2021,29.85,75.25,57
2021,29.85,75.35,125
2021,29.85,75.45,163
2021,29.85,75.55,212
2021,29.85,75.65,272
2021,29.85,75.75,324
2021,29.85,75.85,236
2021,29.85,75.95,275
2021,29.85,76.05,285
2021,29.85,76.15,185
2021,29.85,76.25,128
2021,29.85,76.35,91
2021,29.85,76.45,43
2021,29.85,76.55,46
2021,29.85,76.65,44
2021,29.85,76.75,41
2021,29.85,76.85,69
2021,29.85,76.95,40
2021,29.85,77.05,24
2021,29.85,77.15,20
2021,29.95,74.35,3
2021,29.95,74.45,47
2021,29.95,74.55,164
2021,29.95,74.65,97
2021,29.95,74.75,47
2021,29.95,74.85,69
2021,29.95,74.95,78
2021,29.95,75.05,118
2021,29.95,75.15,92
2021,29.95,75.25,199
2021,29.95,75.35,148
2021,29.95,75.45,261
2021,29.95,75.55,301
2021,29.95,75.65,305
2021,29.95,75.75,268
2021,29.95,75.85,295
2021,29.95,75.95,307
2021,29.95,76.05,247
2021,29.95,76.15,206
2021,29.95,76.25,100
2021,29.95,76.35,48
2021,29.95,76.45,44
2021,29.95,76.55,31
2021,29.95,76.65,37
2021,29.95,76.75,50
2021,29.95,76.85,34
2021,29.95,76.95,24
2021,29.95,77.05,34
2021,29.95,77.15,38
2021,29.95,77.25,8
2021,30.05,74.05,23
2021,30.05,74.15,17
2021,30.05,74.25,23
2021,30.05,74.35,29
2021,30.05,74.45,224
2021,30.05,74.55,209
2021,30.05,74.65,142
2021,30.05,74.75,150
2021,30.05,74.85,145
2021,30.05,74.95,293
2021,30.05,75.05,232
2021,30.05,75.15,225
2021,30.05,75.25,270
2021,30.05,75.35,299
2021,30.05,75.45,191
2021,30.05,75.55,282
2021,30.05,75.65,292
2021,30.05,75.75,299
2021,30.05,75.85,318
2021,30.05,75.95,279
2021,30.05,76.05,287
2021,30.05,76.15,228
2021,30.05,76.25,91
2021,30.05,76.35,93
2021,30.05,76.45,44
2021,30.05,76.55,32
2021,30.05,76.65,67
2021,30.05,76.75,60
2021,30.05,76.85,37
2021,30.05,76.95,18
2021,30.05,77.05,32
2021,30.05,77.15,15
2021,30.05,77.25,21
2021,30.05,77.35,8
2021,30.15,73.95,3
2021,30.15,74.05,13
2021,30.15,74.15,43
2021,30.15,74.25,135
2021,30.15,74.35,146
2021,30.15,74.45,160
2021,30.15,74.55,211
2021,30.15,74.65,229
2021,30.15,74.75,201
2021,30.15,74.85,246
2021,30.15,74.95,136
2021,30.15,75.05,239
2021,30.15,75.15,287
2021,30.15,75.25,289
2021,30.15,75.35,323
2021,30.15,75.45,310
2021,30.15,75.55,369
2021,30.15,75.65,335
2021,30.15,75.75,301
2021,30.15,75.85,226
2021,30.15,75.95,295
2021,30.15,76.05,276
2021,30.15,76.15,230
2021,30.15,76.25,166
2021,30.15,76.35,137
2021,30.15,76.45,86
2021,30.15,76.55,77
2021,30.15,76.65,67
2021,30.15,76.75,54
2021,30.15,76.85,59
2021,30.15,76.95,30
2021,30.15,77.05,35
2021,30.15,77.15,22
2021,30.15,77.25,18
2021,30.15,77.35,14
2021,30.15,77.45,1
2021,30.25,73.95,50
2021,30.25,74.05,163
2021,30.25,74.15,14
2021,30.25,74.25,79
2021,30.25,74.35,125
2021,30.25,74.45,197
2021,30.25,74.55,231
2021,30.25,74.65,255
2021,30.25,74.75,187
2021,30.25,74.85,283
2021,30.25,74.95,139
2021,30.25,75.05,214
2021,30.25,75.15,367
2021,30.25,75.25,312
2021,30.25,75.35,348
2021,30.25,75.45,322
2021,30.25,75.55,343
2021,30.25,75.65,295
2021,30.25,75.75,303
2021,30.25,75.85,207
2021,30.25,75.95,211
2021,30.25,76.05,279
2021,30.25,76.15,239
2021,30.25,76.25,237
2021,30.25,76.35,192
2021,30.25,76.45,122
2021,30.25,76.55,150
2021,30.25,76.65,87
2021,30.25,76.75,51
2021,30.25,76.85,35
2021,30.25,76.95,38
2021,30.25,77.05,33
2021,30.25,77.15,37
2021,30.25,77.25,48
2021,30.25,77.35,32
2021,30.25,77.45,24
2021,30.25,77.55,2
2021,30.35,73.85,22
2021,30.35,73.95,224
2021,30.35,74.05,142
2021,30.35,74.15,151
2021,30.35,74.25,108
2021,30.35,74.35,205
2021,30.35,74.45,273
2021,30.35,74.55,296
2021,30.35,74.65,281
2021,30.35,74.75,312
2021,30.35,74.85,298
2021,30.35,74.95,287
2021,30.35,75.05,339
2021,30.35,75.15,332
2021,30.35,75.25,330
2021,30.35,75.35,311
2021,30.35,75.45,282
2021,30.35,75.55,259
2021,30.35,75.65,294
2021,30.35,75.75,296
2021,30.35,75.85,196
2021,30.35,75.95,251
2021,30.35,76.05,202
2021,30.35,76.15,214
2021,30.35,76.25,259
2021,30.35,76.35,132
2021,30.35,76.45,75
2021,30.35,76.55,99
2021,30.35,76.65,115
2021,30.35,76.75,64
2021,30.35,76.85,9
2021,30.35,76.95,39
2021,30.35,77.05,22
2021,30.35,77.15,28
2021,30.35,77.25,29
2021,30.35,77.35,20
2021,30.35,77.45,5
2021,30.45,73.95,120
2021,30.45,74.05,257
2021,30.45,74.15,343
2021,30.45,74.25,246
2021,30.45,74.35,187
2021,30.45,74.45,185
2021,30.45,74.55,232
2021,30.45,74.65,340
2021,30.45,74.75,366
2021,30.45,74.85,309
2021,30.45,74.95,311
2021,30.45,75.05,349
2021,30.45,75.15,296
2021,30.45,75.25,342
2021,30.45,75.35,364
2021,30.45,75.45,286
2021,30.45,75.55,333
2021,30.45,75.65,345
2021,30.45,75.75,242
2021,30.45,75.85,227
2021,30.45,75.95,254
2021,30.45,76.05,269
2021,30.45,76.15,209
2021,30.45,76.25,255
2021,30.45,76.35,276
2021,30.45,76.45,166
2021,30.45,76.55,69
2021,30.45,76.65,43
2021,30.45,76.75,57
2021,30.45,76.85,39
2021,30.45,76.95,27
2021,30.45,77.05,14
2021,30.45,77.15,29
2021,30.45,77.25,12
2021,30.45,77.35,3
2021,30.55,74.05,82
2021,30.55,74.15,260
2021,30.55,74.25,283
2021,30.55,74.35,321
2021,30.55,74.45,238
2021,30.55,74.55,226
2021,30.55,74.65,274
2021,30.55,74.75,304
2021,30.55,74.85,285
2021,30.55,74.95,307
2021,30.55,75.05,359
2021,30.55,75.15,285
2021,30.55,75.25,348
2021,30.55,75.35,316
2021,30.55,75.45,278
2021,30.55,75.55,265
2021,30.55,75.65,277
2021,30.55,75.75,213
2021,30.55,75.85,136
2021,30.55,75.95,202
2021,30.55,76.05,188
2021,30.55,76.15,153
2021,30.55,76.25,121
2021,30.55,76.35,232
2021,30.55,76.45,201
2021,30.55,76.55,95
2021,30.55,76.65,43
2021,30.55,76.75,54
2021,30.55,76.85,19
2021,30.55,76.95,23
2021,30.55,77.05,12
2021,30.55,77.15,2
2021,30.65,74.05,3
2021,30.65,74.15,104
2021,30.65,74.25,259
2021,30.65,74.35,318
2021,30.65,74.45,292
2021,30.65,74.55,166
2021,30.65,74.65,253
2021,30.65,74.75,133
2021,30.65,74.85,203
2021,30.65,74.95,333
2021,30.65,75.05,330
2021,30.65,75.15,262
2021,30.65,75.25,268
2021,30.65,75.35,294
2021,30.65,75.45,284
2021,30.65,75.55,237
2021,30.65,75.65,202
2021,30.65,75.75,244
2021,30.65,75.85,175
2021,30.65,75.95,179
2021,30.65,76.05,157
2021,30.65,76.15,108
2021,30.65,76.25,47
2021,30.65,76.35,129
2021,30.65,76.45,141
2021,30.65,76.55,102
2021,30.65,76.65,31
2021,30.65,76.75,31
2021,30.65,76.85,16
2021,30.65,76.95,3
2021,30.75,74.25,96
2021,30.75,74.35,257
2021,30.75,74.45,285
2021,30.75,74.55,224
2021,30.75,74.65,185
2021,30.75,74.75,267
2021,30.75,74.85,220
2021,30.75,74.95,267
2021,30.75,75.05,271
2021,30.75,75.15,274
2021,30.75,75.25,328
2021,30.75,75.35,290
2021,30.75,75.45,286
2021,30.75,75.55,248
2021,30.75,75.65,180
2021,30.75,75.75,197
2021,30.75,75.85,162
2021,30.75,75.95,147
2021,30.75,76.05,150
2021,30.75,76.15,92
2021,30.75,76.25,146
2021,30.75,76.35,202
2021,30.75,76.45,191
2021,30.75,76.55,60
2021,30.75,76.65,17
2021,30.85,74.25,2
2021,30.85,74.35,132
2021,30.85,74.45,252
2021,30.85,74.55,231
2021,30.85,74.65,254
2021,30.85,74.75,214
2021,30.85,74.85,241
2021,30.85,74.95,248
2021,30.85,75.05,231
2021,30.85,75.15,178
2021,30.85,75.25,282
2021,30.85,75.35,253
2021,30.85,75.45,177
2021,30.85,75.55,229
2021,30.85,75.65,145
2021,30.85,75.75,122
2021,30.85,75.85,55
2021,30.85,75.95,50
2021,30.85,76.05,111
2021,30.85,76.15,131
2021,30.85,76.25,159
2021,30.85,76.35,156
2021,30.85,76.45,79
2021,30.85,76.55,38
2021,30.85,76.65,11
2021,30.85,76.75,3
2021,30.85,76.85,5
2021,30.95,74.45,70
2021,30.95,74.55,118
2021,30.95,74.65,148
2021,30.95,74.75,238
2021,30.95,74.85,280
2021,30.95,74.95,267
2021,30.95,75.05,316
2021,30.95,75.15,241
2021,30.95,75.25,290
2021,30.95,75.35,221
2021,30.95,75.45,183
2021,30.95,75.55,185
2021,30.95,75.65,124
2021,30.95,75.75,49
2021,30.95,75.85,37
2021,30.95,75.95,62
2021,30.95,76.05,141
2021,30.95,76.15,137
2021,30.95,76.25,166
2021,30.95,76.35,125
2021,30.95,76.45,55
2021,30.95,76.55,10
2021,30.95,76.65,10
2021,30.95,76.85,2
2021,31.05,74.55,28
2021,31.05,74.65,101
2021,31.05,74.75,228
2021,31.05,74.85,297
2021,31.05,74.95,265
2021,31.05,75.05,267
2021,31.05,75.15,225
2021,31.05,75.25,223
2021,31.05,75.35,155
2021,31.05,75.45,183
2021,31.05,75.55,194
2021,31.05,75.65,217
2021,31.05,75.75,158
2021,31.05,75.85,122
2021,31.05,75.95,87
2021,31.05,76.05,54
2021,31.05,76.15,93
2021,31.05,76.25,57
2021,31.05,76.35,5
2021,31.05,76.55,20
2021,31.05,76.65,8
2021,31.15,74.55,179
2021,31.15,74.65,141
2021,31.15,74.75,189
2021,31.15,74.85,234
2021,31.15,74.95,143
2021,31.15,75.05,166
2021,31.15,75.15,177
2021,31.15,75.25,144
2021,31.15,75.35,117
2021,31.15,75.45,137
2021,31.15,75.55,138
2021,31.15,75.65,170
2021,31.15,75.75,131
2021,31.15,75.85,121
2021,31.15,75.95,55
2021,31.15,76.05,33
2021,31.15,76.15,59
2021,31.15,76.25,24
2021,31.15,76.35,1
2021,31.15,76.45,5
2021,31.15,76.55,19
2021,31.25,74.55,186
2021,31.25,74.65,204
2021,31.25,74.75,167
2021,31.25,74.85,152
2021,31.25,74.95,189
2021,31.25,75.05,171
2021,31.25,75.15,186
2021,31.25,75.25,176
2021,31.25,75.35,65
2021,31.25,75.45,51
2021,31.25,75.55,26
2021,31.25,75.65,38
2021,31.25,75.75,37
2021,31.25,75.85,84
2021,31.25,75.95,55
2021,31.25,76.05,31
2021,31.25,76.15,15
2021,31.25,76.35,3
2021,31.25,76.45,11
2021,31.35,74.55,82
2021,31.35,74.65,147
2021,31.35,74.75,190
2021,31.35,74.85,181
2021,31.35,74.95,179
2021,31.35,75.05,142
2021,31.35,75.15,147
2021,31.35,75.25,181
2021,31.35,75.35,81
2021,31.35,75.45,25
2021,31.35,75.55,5
2021,31.35,75.65,17
2021,31.35,75.75,46
2021,31.35,75.85,13
2021,31.35,75.95,12
2021,31.35,76.05,1
2021,31.35,76.35,9
2021,31.45,74.55,3
2021,31.45,74.65,131
2021,31.45,74.75,152
2021,31.45,74.85,134
2021,31.45,74.95,94
2021,31.45,75.05,94
2021,31.45,75.15,145
2021,31.45,75.25,97
2021,31.45,75.35,90
2021,31.45,75.45,65
2021,31.45,75.55,51
2021,31.45,75.65,40
2021,31.45,75.75,40
2021,31.45,75.85,2
2021,31.55,74.55,13
2021,31.55,74.65,107
2021,31.55,74.75,123
2021,31.55,74.85,65
2021,31.55,74.95,68
2021,31.55,75.05,113
2021,31.55,75.15,111
2021,31.55,75.25,98
2021,31.55,75.35,80
2021,31.55,75.45,179
2021,31.55,75.55,107
2021,31.55,75.65,44
2021,31.55,75.75,12
2021,31.55,75.85,2
2021,31.65,74.55,71
2021,31.65,74.65,126
2021,31.65,74.75,57
2021,31.65,74.85,10
2021,31.65,74.95,36
2021,31.65,75.05,77
2021,31.65,75.15,98
2021,31.65,75.25,107
2021,31.65,75.35,68
2021,31.65,75.45,83
2021,31.65,75.55,150
2021,31.65,75.65,42
2021,31.65,75.85,1
2021,31.75,74.55,102
2021,31.75,74.65,114
2021,31.75,74.75,76
2021,31.75,74.85,48
2021,31.75,74.95,89
2021,31.75,75.05,77
2021,31.75,75.15,85
2021,31.75,75.25,82
2021,31.75,75.35,89
2021,31.75,75.45,68
2021,31.75,75.55,46
2021,31.75,75.65,23
2021,31.75,75.75,3
2021,31.85,74.55,18
2021,31.85,74.65,88
2021,31.85,74.75,72
2021,31.85,74.85,61
2021,31.85,74.95,106
2021,31.85,75.05,89
2021,31.85,75.15,57
2021,31.85,75.25,37
2021,31.85,75.35,87
2021,31.85,75.45,53
2021,31.85,75.55,64
2021,31.85,75.65,9
2021,31.85,75.75,3
2021,31.95,74.65,4
2021,31.95,74.75,22
2021,31.95,74.85,89
2021,31.95,74.95,78
2021,31.95,75.05,82
2021,31.95,75.15,89
2021,31.95,75.25,59
2021,31.95,75.35,61
2021,31.95,75.45,37
2021,31.95,75.55,21
2021,31.95,75.65,20
2021,31.95,75.75,3
2021,31.95,75.85,1
2021,32.05,74.85,7
2021,32.05,74.95,24
2021,32.05,75.05,36
2021,32.05,75.15,66
2021,32.05,75.25,78
2021,32.05,75.35,39
2021,32.05,75.45,4
2021,32.05,75.55,4
2021,32.05,75.65,2
2021,32.15,75.25,17
2021,32.15,75.35,30
2021,32.15,75.45,3
2021,32.25,75.35,31
2021,32.25,75.45,1
2021,32.35,75.35,3
2022,27.85,77.45,4
2022,27.95,76.05,2
2022,27.95,77.25,1
2022,27.95,77.35,1
2022,27.95,77.45,22
2022,27.95,77.55,1
2022,28.05,77.25,3
2022,28.05,77.35,7
2022,28.05,77.45,1
2022,28.15,76.95,2
2022,28.15,77.25,1
2022,28.15,77.35,8
2022,28.15,77.45,3
2022,28.25,76.15,1
2022,28.25,77.25,14
2022,28.25,77.35,5
2022,28.35,76.55,1
2022,28.35,76.85,1
2022,28.35,77.15,4
2022,28.35,77.35,1
2022,28.35,77.45,3
2022,28.45,75.75,1
2022,28.45,76.65,2
2022,28.45,76.75,2
2022,28.45,76.85,1
2022,28.45,76.95,5
2022,28.45,77.05,1
2022,28.55,76.55,1
2022,28.55,76.75,2
2022,28.65,75.55,1
2022,28.65,75.85,1
2022,28.65,76.35,1
2022,28.65,76.45,4
2022,28.65,76.55,3
2022,28.65,76.65,4
2022,28.75,75.75,2
2022,28.75,76.05,1
2022,28.75,76.35,2
2022,28.75,76.45,6
2022,28.75,76.55,6
2022,28.75,76.65,5
2022,28.75,76.75,3
2022,28.75,76.85,7
2022,28.75,76.95,5
2022,28.85,75.85,2
2022,28.85,76.05,5
2022,28.85,76.15,4
2022,28.85,76.25,3
2022,28.85,76.45,6
2022,28.85,76.55,1
2022,28.85,76.65,4
2022,28.85,76.75,3
2022,28.85,76.85,2
2022,28.85,76.95,4
2022,28.85,77.15,3
2022,28.95,75.55,1
2022,28.95,75.95,3
2022,28.95,76.05,1
2022,28.95,76.15,3
2022,28.95,76.25,2
2022,28.95,76.35,15
2022,28.95,76.45,14
2022,28.95,76.55,5
2022,28.95,76.65,10
2022,28.95,76.75,5
2022,28.95,76.85,6
2022,28.95,76.95,7
2022,28.95,77.05,1
2022,29.05,75.75,8
2022,29.05,75.85,7
2022,29.05,76.05,2
2022,29.05,76.15,3
2022,29.05,76.25,7
2022,29.05,76.35,10
2022,29.05,76.45,15
2022,29.05,76.55,15
2022,29.05,76.65,10
2022,29.05,76.75,8
2022,29.05,76.85,8
2022,29.05,76.95,4
2022,29.05,77.05,6
2022,29.05,77.15,2
2022,29.15,75.65,4
2022,29.15,75.75,6
2022,29.15,75.95,12
2022,29.15,76.05,14
2022,29.15,76.15,6
2022,29.15,76.25,11
2022,29.15,76.35,7
2022,29.15,76.45,9
2022,29.15,76.55,12
2022,29.15,76.65,9
2022,29.15,76.75,6
2022,29.15,76.85,8
2022,29.15,76.95,7
2022,29.15,77.05,1
2022,29.15,77.15,4
2022,29.25,75.25,1
2022,29.25,75.65,4
2022,29.25,75.75,13
2022,29.25,75.85,4
2022,29.25,75.95,1
2022,29.25,76.05,7
2022,29.25,76.15,15
2022,29.25,76.25,7
2022,29.25,76.35,9
2022,29.25,76.45,10
2022,29.25,76.55,14
2022,29.25,76.65,17
2022,29.25,76.75,6
2022,29.25,76.85,7
2022,29.25,76.95,7
2022,29.25,77.05,4
2022,29.25,77.15,5
2022,29.35,74.75,3
2022,29.35,75.05,2
2022,29.35,75.15,2
2022,29.35,75.25,1
2022,29.35,75.75,2
2022,29.35,75.85,4
2022,29.35,75.95,2
2022,29.35,76.05,9
2022,29.35,76.15,2
2022,29.35,76.25,11
2022,29.35,76.35,9
2022,29.35,76.45,12
2022,29.35,76.55,9
2022,29.35,76.65,10
2022,29.35,76.75,18
2022,29.35,76.85,11
2022,29.35,76.95,4
2022,29.35,77.05,7
2022,29.45,74.65,3
2022,29.45,74.75,5
2022,29.45,74.85,21
2022,29.45,74.95,25
2022,29.45,75.05,3
2022,29.45,75.15,4
2022,29.45,75.25,2
2022,29.45,75.35,4
2022,29.45,75.45,13
2022,29.45,75.55,12
2022,29.45,75.65,10
2022,29.45,75.75,20
2022,29.45,75.85,10
2022,29.45,75.95,16
2022,29.45,76.05,26
2022,29.45,76.15,21
2022,29.45,76.25,31
2022,29.45,76.35,26
2022,29.45,76.45,24
2022,29.45,76.55,43
2022,29.45,76.65,7
2022,29.45,76.75,15
2022,29.45,76.85,132
2022,29.45,76.95,5
2022,29.45,77.05,18
2022,29.45,77.15,3
2022,29.55,74.55,1
2022,29.55,74.65,26
2022,29.55,74.75,17
2022,29.55,74.85,14
2022,29.55,74.95,23
2022,29.55,75.05,18
2022,29.55,75.15,22
2022,29.55,75.25,50
2022,29.55,75.35,32
2022,29.55,75.45,14
2022,29.55,75.55,29
2022,29.55,75.65,30
2022,29.55,75.75,37
2022,29.55,75.85,48
2022,29.55,75.95,45
2022,29.55,76.05,47
2022,29.55,76.15,30
2022,29.55,76.25,25
2022,29.55,76.35,20
2022,29.55,76.45,30
2022,29.55,76.55,16
2022,29.55,76.65,10
2022,29.55,76.75,10
2022,29.55,76.85,9
2022,29.55,76.95,9
2022,29.55,77.05,11
2022,29.65,74.55,6
2022,29.65,74.65,2
2022,29.65,74.85,1
2022,29.65,74.95,6
2022,29.65,75.05,9
2022,29.65,75.15,26
2022,29.65,75.25,94
2022,29.65,75.35,63
2022,29.65,75.45,16
2022,29.65,75.55,21
2022,29.65,75.65,23
2022,29.65,75.75,70
2022,29.65,75.85,82
2022,29.65,75.95,69
2022,29.65,76.05,32
2022,29.65,76.15,44
2022,29.65,76.25,9
2022,29.65,76.35,34
2022,29.65,76.45,26
2022,29.65,76.55,22
2022,29.65,76.65,13
2022,29.65,76.75,24
2022,29.65,76.85,24
2022,29.65,76.95,19
2022,29.65,77.05,14
2022,29.75,74.95,5
2022,29.75,75.05,3
2022,29.75,75.15,25
2022,29.75,75.25,80
2022,29.75,75.35,160
2022,29.75,75.45,71
2022,29.75,75.55,120
2022,29.75,75.65,102
2022,29.75,75.75,82
2022,29.75,75.85,84
2022,29.75,75.95,164
2022,29.75,76.05,104
2022,29.75,76.15,32
2022,29.75,76.25,28
2022,29.75,76.35,17
2022,29.75,76.45,9
2022,29.75,76.55,15
2022,29.75,76.65,20
2022,29.75,76.75,12
2022,29.75,76.85,13
2022,29.75,76.95,7
2022,29.75,77.05,16
2022,29.85,74.65,1
2022,29.85,74.85,2
2022,29.85,74.95,20
2022,29.85,75.05,28
2022,29.85,75.15,75
2022,29.85,75.25,56
2022,29.85,75.35,69
2022,29.85,75.45,109
2022,29.85,75.55,151
2022,29.85,75.65,158
2022,29.85,75.75,151
2022,29.85,75.85,182
2022,29.85,75.95,176
2022,29.85,76.05,200
2022,29.85,76.15,110
2022,29.85,76.25,39
2022,29.85,76.35,27
2022,29.85,76.45,14
2022,29.85,76.55,40
2022,29.85,76.65,20
2022,29.85,76.75,9
2022,29.85,76.85,9
2022,29.85,76.95,11
2022,29.85,77.05,14
2022,29.85,77.15,8
2022,29.95,74.35,1
2022,29.95,74.45,34
2022,29.95,74.55,73
2022,29.95,74.65,55
2022,29.95,74.75,17
2022,29.95,74.85,27
2022,29.95,74.95,120
2022,29.95,75.05,68
2022,29.95,75.15,75
2022,29.95,75.25,97
2022,29.95,75.35,97
2022,29.95,75.45,198
2022,29.95,75.55,194
2022,29.95,75.65,207
2022,29.95,75.75,153
2022,29.95,75.85,170
2022,29.95,75.95,153
2022,29.95,76.05,162
2022,29.95,76.15,140
2022,29.95,76.25,64
2022,29.95,76.35,40
2022,29.95,76.45,15
2022,29.95,76.55,21
2022,29.95,76.65,15
2022,29.95,76.75,34
2022,29.95,76.85,13
2022,29.95,76.95,18
2022,29.95,77.05,12
2022,29.95,77.15,10
2022,29.95,77.25,3
2022,30.05,74.05,11
2022,30.05,74.15,14
2022,30.05,74.25,16
2022,30.05,74.35,9
2022,30.05,74.45,142
2022,30.05,74.55,120
2022,30.05,74.65,78
2022,30.05,74.75,74
2022,30.05,74.85,109
2022,30.05,74.95,117
2022,30.05,75.05,175
2022,30.05,75.15,130
2022,30.05,75.25,131
2022,30.05,75.35,110
2022,30.05,75.45,84
2022,30.05,75.55,145
2022,30.05,75.65,198
2022,30.05,75.75,240
2022,30.05,75.85,255
2022,30.05,75.95,159
2022,30.05,76.05,139
2022,30.05,76.15,130
2022,30.05,76.25,72
2022,30.05,76.35,59
2022,30.05,76.45,28
2022,30.05,76.55,12
2022,30.05,76.65,37
2022,30.05,76.75,31
2022,30.05,76.85,13
2022,30.05,76.95,13
2022,30.05,77.05,12
2022,30.05,77.15,7
2022,30.05,77.25,9
2022,30.05,77.35,2
2022,30.15,73.95,3
2022,30.15,74.05,3
2022,30.15,74.15,22
2022,30.15,74.25,80
2022,30.15,74.35,95
2022,30.15,74.45,68
2022,30.15,74.55,141
2022,30.15,74.65,115
2022,30.15,74.75,112
2022,30.15,74.85,97
2022,30.15,74.95,82
2022,30.15,75.05,153
2022,30.15,75.15,194
2022,30.15,75.25,147
2022,30.15,75.35,161
2022,30.15,75.45,156
2022,30.15,75.55,180
2022,30.15,75.65,176
2022,30.15,75.75,242
2022,30.15,75.85,181
2022,30.15,75.95,166
2022,30.15,76.05,185
2022,30.15,76.15,121
2022,30.15,76.25,117
2022,30.15,76.35,132
2022,30.15,76.45,63
2022,30.15,76.55,48
2022,30.15,76.65,41
2022,30.15,76.75,35
2022,30.15,76.85,29
2022,30.15,76.95,9
2022,30.15,77.05,13
2022,30.15,77.15,14
2022,30.15,77.25,9
2022,30.15,77.35,12
2022,30.15,77.45,4
2022,30.25,73.95,41
2022,30.25,74.05,118
2022,30.25,74.15,5
2022,30.25,74.25,41
2022,30.25,74.35,57
2022,30.25,74.45,99
2022,30.25,74.55,90
2022,30.25,74.65,169
2022,30.25,74.75,98
2022,30.25,74.85,166
2022,30.25,74.95,67
2022,30.25,75.05,100
2022,30.25,75.15,189
2022,30.25,75.25,170
2022,30.25,75.35,157
2022,30.25,75.45,166
2022,30.25,75.55,214
2022,30.25,75.65,195
2022,30.25,75.75,166
2022,30.25,75.85,127
2022,30.25,75.95,162
2022,30.25,76.05,178
2022,30.25,76.15,156
2022,30.25,76.25,104
2022,30.25,76.35,108
2022,30.25,76.45,80
2022,30.25,76.55,100
2022,30.25,76.65,40
2022,30.25,76.75,30
2022,30.25,76.85,26
2022,30.25,76.95,17
2022,30.25,77.05,21
2022,30.25,77.15,27
2022,30.25,77.25,29
2022,30.25,77.35,30
2022,30.25,77.45,15
2022,30.25,77.55,8
2022,30.35,73.85,18
2022,30.35,73.95,139
2022,30.35,74.05,95
2022,30.35,74.15,89
2022,30.35,74.25,46
2022,30.35,74.35,142
2022,30.35,74.45,169
2022,30.35,74.55,185
2022,30.35,74.65,175
2022,30.35,74.75,188
2022,30.35,74.85,193
2022,30.35,74.95,217
2022,30.35,75.05,193
2022,30.35,75.15,216
2022,30.35,75.25,171
2022,30.35,75.35,253
2022,30.35,75.45,198
2022,30.35,75.55,151
2022,30.35,75.65,199
2022,30.35,75.75,217
2022,30.35,75.85,157
2022,30.35,75.95,133
2022,30.35,76.05,128
2022,30.35,76.15,97
2022,30.35,76.25,129
2022,30.35,76.35,81
2022,30.35,76.45,45
2022,30.35,76.55,75
2022,30.35,76.65,76
2022,30.35,76.75,42
2022,30.35,76.85,4
2022,30.35,76.95,13
2022,30.35,77.05,13
2022,30.35,77.15,29
2022,30.35,77.25,25
2022,30.35,77.35,13
2022,30.35,77.45,3
2022,30.35,77.55,1
2022,30.45,73.95,86
2022,30.45,74.05,203
2022,30.45,74.15,233
2022,30.45,74.25,172
2022,30.45,74.35,143
2022,30.45,74.45,152
2022,30.45,74.55,157
2022,30.45,74.65,218
2022,30.45,74.75,223
2022,30.45,74.85,204
2022,30.45,74.95,221
2022,30.45,75.05,229
2022,30.45,75.15,196
2022,30.45,75.25,142
2022,30.45,75.35,178
2022,30.45,75.45,199
2022,30.45,75.55,169
2022,30.45,75.65,205
2022,30.45,75.75,156
2022,30.45,75.85,92
2022,30.45,75.95,82
2022,30.45,76.05,117
2022,30.45,76.15,102
2022,30.45,76.25,127
2022,30.45,76.35,133
2022,30.45,76.45,109
2022,30.45,76.55,39
2022,30.45,76.65,21
2022,30.45,76.75,30
2022,30.45,76.85,24
2022,30.45,76.95,13
2022,30.45,77.05,9
2022,30.45,77.15,14
2022,30.45,77.25,4
2022,30.45,77.35,7
2022,30.55,74.05,77
2022,30.55,74.15,263
2022,30.55,74.25,248
2022,30.55,74.35,248
2022,30.55,74.45,161
2022,30.55,74.55,160
2022,30.55,74.65,182
2022,30.55,74.75,166
2022,30.55,74.85,164
2022,30.55,74.95,177
2022,30.55,75.05,180
2022,30.55,75.15,152
2022,30.55,75.25,165
2022,30.55,75.35,170
2022,30.55,75.45,197
2022,30.55,75.55,156
2022,30.55,75.65,184
2022,30.55,75.75,119
2022,30.55,75.85,81
2022,30.55,75.95,73
2022,30.55,76.05,105
2022,30.55,76.15,67
2022,30.55,76.25,71
2022,30.55,76.35,133
2022,30.55,76.45,131
2022,30.55,76.55,81
2022,30.55,76.65,43
2022,30.55,76.75,45
2022,30.55,76.85,14
2022,30.55,76.95,17
2022,30.55,77.05,6
2022,30.55,77.15,3
2022,30.65,74.05,1
2022,30.65,74.15,100
2022,30.65,74.25,195
2022,30.65,74.35,279
2022,30.65,74.45,195
2022,30.65,74.55,122
2022,30.65,74.65,172
2022,30.65,74.75,103
2022,30.65,74.85,130
2022,30.65,74.95,197
2022,30.65,75.05,170
2022,30.65,75.15,157
2022,30.65,75.25,139
2022,30.65,75.35,115
2022,30.65,75.45,140
2022,30.65,75.55,145
2022,30.65,75.65,106
2022,30.65,75.75,93
2022,30.65,75.85,60
2022,30.65,75.95,60
2022,30.65,76.05,63
2022,30.65,76.15,47
2022,30.65,76.25,29
2022,30.65,76.35,95
2022,30.65,76.45,163
2022,30.65,76.55,85
2022,30.65,76.65,18
2022,30.65,76.75,9
2022,30.65,76.85,6
2022,30.75,74.15,1
2022,30.75,74.25,75
2022,30.75,74.35,192
2022,30.75,74.45,180
2022,30.75,74.55,151
2022,30.75,74.65,108
2022,30.75,74.75,155
2022,30.75,74.85,166
2022,30.75,74.95,187
2022,30.75,75.05,191
2022,30.75,75.15,140
2022,30.75,75.25,147
2022,30.75,75.35,149
2022,30.75,75.45,148
2022,30.75,75.55,109
2022,30.75,75.65,53
2022,30.75,75.75,54
2022,30.75,75.85,59
2022,30.75,75.95,68
2022,30.75,76.05,32
2022,30.75,76.15,28
2022,30.75,76.25,56
2022,30.75,76.35,122
2022,30.75,76.45,108
2022,30.75,76.55,35
2022,30.75,76.65,14
2022,30.75,76.95,1
2022,30.85,74.35,164
2022,30.85,74.45,155
2022,30.85,74.55,180
2022,30.85,74.65,140
2022,30.85,74.75,136
2022,30.85,74.85,165
2022,30.85,74.95,134
2022,30.85,75.05,142
2022,30.85,75.15,133
2022,30.85,75.25,120
2022,30.85,75.35,106
2022,30.85,75.45,92
2022,30.85,75.55,95
2022,30.85,75.65,62
2022,30.85,75.75,32
2022,30.85,75.85,13
2022,30.85,75.95,21
2022,30.85,76.05,33
2022,30.85,76.15,42
2022,30.85,76.25,103
2022,30.85,76.35,93
2022,30.85,76.45,73
2022,30.85,76.55,16
2022,30.85,76.65,4
2022,30.95,74.45,73
2022,30.95,74.55,124
2022,30.95,74.65,143
2022,30.95,74.75,174
2022,30.95,74.85,160
2022,30.95,74.95,140
2022,30.95,75.05,175
2022,30.95,75.15,128
2022,30.95,75.25,142
2022,30.95,75.35,128
2022,30.95,75.45,103
2022,30.95,75.55,73
2022,30.95,75.65,36
2022,30.95,75.75,6
2022,30.95,75.85,5
2022,30.95,75.95,16
2022,30.95,76.05,45
2022,30.95,76.15,66
2022,30.95,76.25,96
2022,30.95,76.35,90
2022,30.95,76.45,33
2022,30.95,76.55,7
2022,30.95,76.65,2
2022,30.95,76.75,3
2022,30.95,76.85,1
2022,31.05,74.55,25
2022,31.05,74.65,104
2022,31.05,74.75,149
2022,31.05,74.85,237
2022,31.05,74.95,180
2022,31.05,75.05,170
2022,31.05,75.15,143
2022,31.05,75.25,193
2022,31.05,75.35,78
2022,31.05,75.45,97
2022,31.05,75.55,84
2022,31.05,75.65,71
2022,31.05,75.75,57
2022,31.05,75.85,42
2022,31.05,75.95,32
2022,31.05,76.05,26
2022,31.05,76.15,40
2022,31.05,76.25,35
2022,31.05,76.35,5
2022,31.05,76.55,9
2022,31.05,76.65,1
2022,31.15,74.55,101
2022,31.15,74.65,115
2022,31.15,74.75,165
2022,31.15,74.85,182
2022,31.15,74.95,72
2022,31.15,75.05,76
2022,31.15,75.15,172
2022,31.15,75.25,109
2022,31.15,75.35,53
2022,31.15,75.45,34
2022,31.15,75.55,40
2022,31.15,75.65,44
2022,31.15,75.75,46
2022,31.15,75.85,62
2022,31.15,75.95,26
2022,31.15,76.05,29
2022,31.15,76.15,34
2022,31.15,76.25,15
2022,31.15,76.55,14
2022,31.25,74.55,154
2022,31.25,74.65,142
2022,31.25,74.75,169
2022,31.25,74.85,106
2022,31.25,74.95,167
2022,31.25,75.05,122
2022,31.25,75.15,134
2022,31.25,75.25,116
2022,31.25,75.35,25
2022,31.25,75.45,9
2022,31.25,75.55,10
2022,31.25,75.65,17
2022,31.25,75.75,18
2022,31.25,75.85,18
2022,31.25,75.95,30
2022,31.25,76.05,39
2022,31.25,76.15,10
2022,31.25,76.35,3
2022,31.25,76.45,5
2022,31.35,74.55,68
2022,31.35,74.65,158
2022,31.35,74.75,163
2022,31.35,74.85,148
2022,31.35,74.95,140
2022,31.35,75.05,147
2022,31.35,75.15,84
2022,31.35,75.25,110
2022,31.35,75.35,62
2022,31.35,75.45,3
2022,31.35,75.55,1
2022,31.35,75.65,4
2022,31.35,75.75,31
2022,31.35,75.85,5
2022,31.35,75.95,6
2022,31.35,76.05,1
2022,31.35,76.35,3
2022,31.45,74.55,4
2022,31.45,74.65,97
2022,31.45,74.75,97
2022,31.45,74.85,91
2022,31.45,74.95,66
2022,31.45,75.05,84
2022,31.45,75.15,122
2022,31.45,75.25,75
2022,31.45,75.35,74
2022,31.45,75.45,35
2022,31.45,75.55,48
2022,31.45,75.65,20
2022,31.45,75.75,16
2022,31.45,75.95,1
2022,31.55,74.55,6
2022,31.55,74.65,39
2022,31.55,74.75,71
2022,31.55,74.85,29
2022,31.55,74.95,47
2022,31.55,75.05,73
2022,31.55,75.15,106
2022,31.55,75.25,82
2022,31.55,75.35,67
2022,31.55,75.45,108
2022,31.55,75.55,85
2022,31.55,75.65,18
2022,31.55,75.75,8
2022,31.65,74.55,29
2022,31.65,74.65,64
2022,31.65,74.75,20
2022,31.65,74.85,3
2022,31.65,74.95,33
2022,31.65,75.05,94
2022,31.65,75.15,97
2022,31.65,75.25,109
2022,31.65,75.35,77
2022,31.65,75.45,67
2022,31.65,75.55,122
2022,31.65,75.65,29
2022,31.65,75.75,1
2022,31.65,75.85,2
2022,31.65,75.95,1
2022,31.75,74.55,52
2022,31.75,74.65,36
2022,31.75,74.75,22
2022,31.75,74.85,27
2022,31.75,74.95,64
2022,31.75,75.05,79
2022,31.75,75.15,65
2022,31.75,75.25,59
2022,31.75,75.35,93
2022,31.75,75.45,70
2022,31.75,75.55,44
2022,31.75,75.65,22
2022,31.75,75.75,3
2022,31.85,74.55,9
2022,31.85,74.65,43
2022,31.85,74.75,30
2022,31.85,74.85,27
2022,31.85,74.95,35
2022,31.85,75.05,45
2022,31.85,75.15,42
2022,31.85,75.25,31
2022,31.85,75.35,49
2022,31.85,75.45,44
2022,31.85,75.55,25
2022,31.85,75.65,11
2022,31.85,75.75,2
2022,31.95,74.65,6
2022,31.95,74.75,23
2022,31.95,74.85,90
2022,31.95,74.95,57
2022,31.95,75.05,41
2022,31.95,75.15,29
2022,31.95,75.25,35
2022,31.95,75.35,18
2022,31.95,75.45,22
2022,31.95,75.55,11
2022,31.95,75.65,6
2022,31.95,75.75,2
2022,32.05,74.85,4
2022,32.05,74.95,11
2022,32.05,75.05,33
2022,32.05,75.15,36
2022,32.05,75.25,19
2022,32.05,75.35,17
2022,32.05,75.45,3
2022,32.05,75.55,5
2022,32.15,75.15,1
2022,32.15,75.25,9
2022,32.15,75.35,11
2022,32.15,75.45,1
2022,32.15,75.55,1
2022,32.25,75.35,8
2022,32.25,75.45,2
2023,27.85,76.15,1
2023,27.85,77.15,1
2023,27.95,76.95,1
2023,27.95,77.35,5
2023,27.95,77.45,21
2023,27.95,77.55,2
2023,28.05,76.95,1
2023,28.05,77.25,4
2023,28.05,77.35,6
2023,28.05,77.45,1
2023,28.15,76.15,1
2023,28.15,76.65,1
2023,28.15,76.75,2
2023,28.15,77.15,2
2023,28.15,77.25,1
2023,28.15,77.35,7
2023,28.15,77.45,8
2023,28.25,76.65,1
2023,28.25,76.75,4
2023,28.25,76.85,3
2023,28.25,76.95,2
2023,28.25,77.05,1
2023,28.25,77.25,5
2023,28.25,77.35,5
2023,28.35,76.35,1
2023,28.35,76.75,2
2023,28.35,76.85,1
2023,28.35,77.15,1
2023,28.35,77.25,20
2023,28.45,76.35,2
2023,28.45,76.65,3
2023,28.45,76.75,4
2023,28.45,76.95,4
2023,28.45,77.35,3
2023,28.55,76.15,2
2023,28.55,76.35,1
2023,28.55,76.45,2
2023,28.55,76.55,1
2023,28.55,76.75,2
2023,28.55,76.85,1
2023,28.55,77.05,1
2023,28.65,75.55,1
2023,28.65,75.95,1
2023,28.65,76.05,1
2023,28.65,76.35,1
2023,28.65,76.45,4
2023,28.65,76.55,5
2023,28.65,76.65,4
2023,28.65,76.75,1
2023,28.75,75.85,2
2023,28.75,76.25,3
2023,28.75,76.35,4
2023,28.75,76.45,4
2023,28.75,76.55,4
2023,28.75,76.65,4
2023,28.75,76.75,3
2023,28.75,76.85,12
2023,28.75,76.95,15
2023,28.85,75.65,1
2023,28.85,75.85,2
2023,28.85,76.05,5
2023,28.85,76.15,1
2023,28.85,76.25,3
2023,28.85,76.35,6
2023,28.85,76.45,6
2023,28.85,76.55,2
2023,28.85,76.65,5
2023,28.85,76.75,2
2023,28.85,76.85,6
2023,28.85,76.95,2
2023,28.85,77.05,1
2023,28.85,77.15,1
2023,28.95,75.55,2
2023,28.95,75.65,2
2023,28.95,75.75,1
2023,28.95,75.95,1
2023,28.95,76.25,5
2023,28.95,76.35,13
2023,28.95,76.45,19
2023,28.95,76.55,5
2023,28.95,76.65,5
2023,28.95,76.75,4
2023,28.95,76.85,4
2023,28.95,76.95,5
2023,28.95,77.15,9
2023,29.05,75.75,4
2023,29.05,75.85,2
2023,29.05,75.95,1
2023,29.05,76.05,3
2023,29.05,76.15,3
2023,29.05,76.25,4
2023,29.05,76.35,13
2023,29.05,76.45,7
2023,29.05,76.55,3
2023,29.05,76.65,9
2023,29.05,76.95,8
2023,29.05,77.05,5
2023,29.05,77.15,13
2023,29.15,75.65,1
2023,29.15,75.75,2
2023,29.15,75.95,3
2023,29.15,76.05,8
2023,29.15,76.15,9
2023,29.15,76.25,2
2023,29.15,76.35,1
2023,29.15,76.45,6
2023,29.15,76.55,4
2023,29.15,76.65,8
2023,29.15,76.75,8
2023,29.15,76.85,1
2023,29.15,76.95,8
2023,29.15,77.05,6
2023,29.15,77.15,2
2023,29.25,75.35,2
2023,29.25,75.45,1
2023,29.25,75.55,2
2023,29.25,75.65,3
2023,29.25,75.75,9
2023,29.25,75.85,1
2023,29.25,75.95,1
2023,29.25,76.05,12
2023,29.25,76.15,12
2023,29.25,76.25,12
2023,29.25,76.35,4
2023,29.25,76.45,12
2023,29.25,76.55,9
2023,29.25,76.65,4
2023,29.25,76.75,6
2023,29.25,76.85,6
2023,29.25,76.95,4
2023,29.25,77.05,4
2023,29.25,77.15,1
2023,29.35,74.75,1
2023,29.35,74.95,1
2023,29.35,75.05,1
2023,29.35,75.15,3
2023,29.35,75.25,2
2023,29.35,75.35,1
2023,29.35,75.45,1
2023,29.35,75.55,6
2023,29.35,75.65,3
2023,29.35,75.75,4
2023,29.35,75.85,6
2023,29.35,75.95,10
2023,29.35,76.05,10
2023,29.35,76.15,6
2023,29.35,76.25,9
2023,29.35,76.35,10
2023,29.35,76.45,6
2023,29.35,76.55,15
2023,29.35,76.65,7
2023,29.35,76.75,8
2023,29.35,76.85,9
2023,29.35,76.95,8
2023,29.35,77.05,4
2023,29.35,77.15,1
2023,29.45,74.65,2
2023,29.45,74.75,5
2023,29.45,74.85,12
2023,29.45,74.95,14
2023,29.45,75.15,3
2023,29.45,75.25,4
2023,29.45,75.35,2
2023,29.45,75.45,13
2023,29.45,75.55,10
2023,29.45,75.65,13
2023,29.45,75.75,31
2023,29.45,75.85,5
2023,29.45,75.95,25
2023,29.45,76.05,21
2023,29.45,76.15,13
2023,29.45,76.25,16
2023,29.45,76.35,17
2023,29.45,76.45,16
2023,29.45,76.55,20
2023,29.45,76.65,15
2023,29.45,76.75,2
2023,29.45,76.85,26
2023,29.45,76.95,6
2023,29.45,77.05,4
2023,29.45,77.15,1
2023,29.55,74.55,3
2023,29.55,74.65,12
2023,29.55,74.75,6
2023,29.55,74.85,11
2023,29.55,74.95,18
2023,29.55,75.05,5
2023,29.55,75.15,8
2023,29.55,75.25,34
2023,29.55,75.35,20
2023,29.55,75.45,8
2023,29.55,75.55,14
2023,29.55,75.65,22
2023,29.55,75.75,26
2023,29.55,75.85,22
2023,29.55,75.95,25
2023,29.55,76.05,34
2023,29.55,76.15,16
2023,29.55,76.25,19
2023,29.55,76.35,15
2023,29.55,76.45,10
2023,29.55,76.55,13
2023,29.55,76.65,4
2023,29.55,76.75,20
2023,29.55,76.85,4
2023,29.55,76.95,10
2023,29.55,77.05,8
2023,29.65,74.55,8
2023,29.65,74.65,2
2023,29.65,74.85,3
2023,29.65,74.95,3
2023,29.65,75.05,4
2023,29.65,75.15,18
2023,29.65,75.25,48
2023,29.65,75.35,27
2023,29.65,75.45,32
2023,29.65,75.55,32
2023,29.65,75.65,35
2023,29.65,75.75,38
2023,29.65,75.85,44
2023,29.65,75.95,49
2023,29.65,76.05,14
2023,29.65,76.15,12
2023,29.65,76.25,9
2023,29.65,76.35,8
2023,29.65,76.45,11
2023,29.65,76.55,11
2023,29.65,76.65,6
2023,29.65,76.75,4
2023,29.65,76.85,3
2023,29.65,76.95,6
2023,29.65,77.05,5
2023,29.75,74.45,1
2023,29.75,74.65,1
2023,29.75,74.95,6
2023,29.75,75.05,2
2023,29.75,75.15,9
2023,29.75,75.25,48
2023,29.75,75.35,153
2023,29.75,75.45,47
2023,29.75,75.55,72
2023,29.75,75.65,59
2023,29.75,75.75,56
2023,29.75,75.85,54
2023,29.75,75.95,132
2023,29.75,76.05,83
2023,29.75,76.15,24
2023,29.75,76.25,10
2023,29.75,76.35,13
2023,29.75,76.45,8
2023,29.75,76.55,7
2023,29.75,76.65,4
2023,29.75,76.75,9
2023,29.75,76.85,4
2023,29.75,76.95,4
2023,29.75,77.05,4
2023,29.75,77.15,1
2023,29.85,74.55,1
2023,29.85,74.65,5
2023,29.85,74.75,1
2023,29.85,74.85,6
2023,29.85,74.95,21
2023,29.85,75.05,30
2023,29.85,75.15,58
2023,29.85,75.25,43
2023,29.85,75.35,60
2023,29.85,75.45,68
2023,29.85,75.55,108
2023,29.85,75.65,109
2023,29.85,75.75,168
2023,29.85,75.85,140
2023,29.85,75.95,135
2023,29.85,76.05,125
2023,29.85,76.15,41
2023,29.85,76.25,18
2023,29.85,76.35,21
2023,29.85,76.45,3
2023,29.85,76.55,10
2023,29.85,76.65,2
2023,29.85,76.85,2
2023,29.85,76.95,2
2023,29.85,77.05,5
2023,29.85,77.15,4
2023,29.95,74.35,2
2023,29.95,74.45,12
2023,29.95,74.55,26
2023,29.95,74.65,31
2023,29.95,74.75,20
2023,29.95,74.85,17
2023,29.95,74.95,43
2023,29.95,75.05,58
2023,29.95,75.15,77
2023,29.95,75.25,66
2023,29.95,75.35,87
2023,29.95,75.45,104
2023,29.95,75.55,129
2023,29.95,75.65,217
2023,29.95,75.75,234
2023,29.95,75.85,192
2023,29.95,75.95,162
2023,29.95,76.05,118
2023,29.95,76.15,87
2023,29.95,76.25,23
2023,29.95,76.35,9
2023,29.95,76.45,9
2023,29.95,76.55,3
2023,29.95,76.65,19
2023,29.95,76.75,15
2023,29.95,76.85,8
2023,29.95,76.95,10
2023,29.95,77.05,7
2023,29.95,77.15,5
2023,30.05,74.05,5
2023,30.05,74.15,9
2023,30.05,74.25,7
2023,30.05,74.35,13
2023,30.05,74.45,57
2023,30.05,74.55,45
2023,30.05,74.65,44
2023,30.05,74.75,37
2023,30.05,74.85,52
2023,30.05,74.95,59
2023,30.05,75.05,72
2023,30.05,75.15,112
2023,30.05,75.25,81
2023,30.05,75.35,76
2023,30.05,75.45,84
2023,30.05,75.55,107
2023,30.05,75.65,202
2023,30.05,75.75,261
2023,30.05,75.85,266
2023,30.05,75.95,172
2023,30.05,76.05,138
2023,30.05,76.15,65
2023,30.05,76.25,28
2023,30.05,76.35,18
2023,30.05,76.45,16
2023,30.05,76.55,12
2023,30.05,76.65,9
2023,30.05,76.75,16
2023,30.05,76.85,8
2023,30.05,76.95,11
2023,30.05,77.05,8
2023,30.05,77.15,11
2023,30.05,77.25,6
2023,30.05,77.35,1
2023,30.15,73.95,1
2023,30.15,74.05,8
2023,30.15,74.15,12
2023,30.15,74.25,43
2023,30.15,74.35,51
2023,30.15,74.45,47
2023,30.15,74.55,40
2023,30.15,74.65,101
2023,30.15,74.75,44
2023,30.15,74.85,50
2023,30.15,74.95,24
2023,30.15,75.05,76
2023,30.15,75.15,135
2023,30.15,75.25,142
2023,30.15,75.35,151
2023,30.15,75.45,115
2023,30.15,75.55,156
2023,30.15,75.65,133
2023,30.15,75.75,200
2023,30.15,75.85,152
2023,30.15,75.95,231
2023,30.15,76.05,162
2023,30.15,76.15,46
2023,30.15,76.25,38
2023,30.15,76.35,64
2023,30.15,76.45,24
2023,30.15,76.55,26
2023,30.15,76.65,38
2023,30.15,76.75,11
2023,30.15,76.85,5
2023,30.15,76.95,16
2023,30.15,77.05,13
2023,30.15,77.15,14
2023,30.15,77.25,10
2023,30.15,77.35,6
2023,30.15,77.45,2
2023,30.25,73.95,25
2023,30.25,74.05,67
2023,30.25,74.15,15
2023,30.25,74.25,32
2023,30.25,74.35,25
2023,30.25,74.45,44
2023,30.25,74.55,61
2023,30.25,74.65,45
2023,30.25,74.75,51
2023,30.25,74.85,61
2023,30.25,74.95,32
2023,30.25,75.05,61
2023,30.25,75.15,100
2023,30.25,75.25,134
2023,30.25,75.35,156
2023,30.25,75.45,128
2023,30.25,75.55,194
2023,30.25,75.65,141
2023,30.25,75.75,173
2023,30.25,75.85,139
2023,30.25,75.95,192
2023,30.25,76.05,174
2023,30.25,76.15,167
2023,30.25,76.25,83
2023,30.25,76.35,56
2023,30.25,76.45,39
2023,30.25,76.55,56
2023,30.25,76.65,24
2023,30.25,76.75,16
2023,30.25,76.85,27
2023,30.25,76.95,9
2023,30.25,77.05,21
2023,30.25,77.15,17
2023,30.25,77.25,16
2023,30.25,77.35,12
2023,30.25,77.45,1
2023,30.35,73.85,15
2023,30.35,73.95,81
2023,30.35,74.05,42
2023,30.35,74.15,53
2023,30.35,74.25,26
2023,30.35,74.35,57
2023,30.35,74.45,48
2023,30.35,74.55,72
2023,30.35,74.65,40
2023,30.35,74.75,63
2023,30.35,74.85,93
2023,30.35,74.95,82
2023,30.35,75.05,92
2023,30.35,75.15,120
2023,30.35,75.25,93
2023,30.35,75.35,144
2023,30.35,75.45,163
2023,30.35,75.55,94
2023,30.35,75.65,183
2023,30.35,75.75,187
2023,30.35,75.85,108
2023,30.35,75.95,134
2023,30.35,76.05,99
2023,30.35,76.15,70
2023,30.35,76.25,56
2023,30.35,76.35,17
2023,30.35,76.45,19
2023,30.35,76.55,64
2023,30.35,76.65,44
2023,30.35,76.75,24
2023,30.35,76.85,2
2023,30.35,76.95,21
2023,30.35,77.05,13
2023,30.35,77.15,20
2023,30.35,77.25,7
2023,30.35,77.35,7
2023,30.35,77.45,1
2023,30.45,73.95,64
2023,30.45,74.05,96
2023,30.45,74.15,136
2023,30.45,74.25,105
2023,30.45,74.35,64
2023,30.45,74.45,53
2023,30.45,74.55,37
2023,30.45,74.65,66
2023,30.45,74.75,142
2023,30.45,74.85,139
2023,30.45,74.95,139
2023,30.45,75.05,116
2023,30.45,75.15,107
2023,30.45,75.25,102
2023,30.45,75.35,141
2023,30.45,75.45,173
2023,30.45,75.55,155
2023,30.45,75.65,161
2023,30.45,75.75,116
2023,30.45,75.85,90
2023,30.45,75.95,101
2023,30.45,76.05,50
2023,30.45,76.15,49
2023,30.45,76.25,28
2023,30.45,76.35,33
2023,30.45,76.45,42
2023,30.45,76.55,30
2023,30.45,76.65,18
2023,30.45,76.75,12
2023,30.45,76.85,15
2023,30.45,76.95,19
2023,30.45,77.05,4
2023,30.45,77.15,9
2023,30.45,77.25,7
2023,30.45,77.35,3
2023,30.55,74.05,29
2023,30.55,74.15,148
2023,30.55,74.25,146
2023,30.55,74.35,106
2023,30.55,74.45,45
2023,30.55,74.55,65
2023,30.55,74.65,70
2023,30.55,74.75,96
2023,30.55,74.85,67
2023,30.55,74.95,122
2023,30.55,75.05,125
2023,30.55,75.15,99
2023,30.55,75.25,126
2023,30.55,75.35,156
2023,30.55,75.45,148
2023,30.55,75.55,91
2023,30.55,75.65,107
2023,30.55,75.75,70
2023,30.55,75.85,55
2023,30.55,75.95,47
2023,30.55,76.05,33
2023,30.55,76.15,22
2023,30.55,76.25,13
2023,30.55,76.35,77
2023,30.55,76.45,76
2023,30.55,76.55,48
2023,30.55,76.65,33
2023,30.55,76.75,37
2023,30.55,76.85,15
2023,30.55,76.95,12
2023,30.55,77.05,6
2023,30.55,77.15,1
2023,30.65,74.15,58
2023,30.65,74.25,112
2023,30.65,74.35,169
2023,30.65,74.45,130
2023,30.65,74.55,62
2023,30.65,74.65,126
2023,30.65,74.75,49
2023,30.65,74.85,79
2023,30.65,74.95,130
2023,30.65,75.05,71
2023,30.65,75.15,95
2023,30.65,75.25,105
2023,30.65,75.35,148
2023,30.65,75.45,110
2023,30.65,75.55,99
2023,30.65,75.65,76
2023,30.65,75.75,58
2023,30.65,75.85,51
2023,30.65,75.95,58
2023,30.65,76.05,33
2023,30.65,76.15,9
2023,30.65,76.25,9
2023,30.65,76.35,40
2023,30.65,76.45,128
2023,30.65,76.55,55
2023,30.65,76.65,12
2023,30.65,76.75,10
2023,30.65,76.85,5
2023,30.65,76.95,2
2023,30.75,74.25,80
2023,30.75,74.35,149
2023,30.75,74.45,156
2023,30.75,74.55,113
2023,30.75,74.65,81
2023,30.75,74.75,126
2023,30.75,74.85,138
2023,30.75,74.95,82
2023,30.75,75.05,134
2023,30.75,75.15,105
2023,30.75,75.25,123
2023,30.75,75.35,111
2023,30.75,75.45,100
2023,30.75,75.55,111
2023,30.75,75.65,48
2023,30.75,75.75,46
2023,30.75,75.85,36
2023,30.75,75.95,41
2023,30.75,76.05,14
2023,30.75,76.15,10
2023,30.75,76.25,14
2023,30.75,76.35,80
2023,30.75,76.45,105
2023,30.75,76.55,19
2023,30.75,76.65,3
2023,30.85,74.35,101
2023,30.85,74.45,160
2023,30.85,74.55,150
2023,30.85,74.65,105
2023,30.85,74.75,96
2023,30.85,74.85,88
2023,30.85,74.95,116
2023,30.85,75.05,105
2023,30.85,75.15,80
2023,30.85,75.25,100
2023,30.85,75.35,98
2023,30.85,75.45,58
2023,30.85,75.55,44
2023,30.85,75.65,23
2023,30.85,75.75,29
2023,30.85,75.85,12
2023,30.85,75.95,17
2023,30.85,76.05,25
2023,30.85,76.15,28
2023,30.85,76.25,26
2023,30.85,76.35,52
2023,30.85,76.45,11
2023,30.85,76.55,12
2023,30.85,76.65,5
2023,30.85,76.85,2
2023,30.95,74.45,51
2023,30.95,74.55,114
2023,30.95,74.65,81
2023,30.95,74.75,175
2023,30.95,74.85,135
2023,30.95,74.95,72
2023,30.95,75.05,135
2023,30.95,75.15,101
2023,30.95,75.25,83
2023,30.95,75.35,89
2023,30.95,75.45,71
2023,30.95,75.55,45
2023,30.95,75.65,26
2023,30.95,75.75,6
2023,30.95,75.85,11
2023,30.95,75.95,23
2023,30.95,76.05,42
2023,30.95,76.15,41
2023,30.95,76.25,38
2023,30.95,76.35,9
2023,30.95,76.45,5
2023,30.95,76.55,4
2023,30.95,76.65,1
2023,31.05,74.65,64
2023,31.05,74.75,135
2023,31.05,74.85,161
2023,31.05,74.95,169
2023,31.05,75.05,119
2023,31.05,75.15,125
2023,31.05,75.25,108
2023,31.05,75.35,54
2023,31.05,75.45,55
2023,31.05,75.55,49
2023,31.05,75.65,68
2023,31.05,75.75,68
2023,31.05,75.85,57
2023,31.05,75.95,56
2023,31.05,76.05,17
2023,31.05,76.15,33
2023,31.05,76.25,25
2023,31.05,76.35,4
2023,31.05,76.55,4
2023,31.15,74.55,85
2023,31.15,74.65,75
2023,31.15,74.75,62
2023,31.15,74.85,61
2023,31.15,74.95,58
2023,31.15,75.05,37
2023,31.15,75.15,55
2023,31.15,75.25,92
2023,31.15,75.35,48
2023,31.15,75.45,25
2023,31.15,75.55,40
2023,31.15,75.65,57
2023,31.15,75.75,48
2023,31.15,75.85,37
2023,31.15,75.95,27
2023,31.15,76.05,14
2023,31.15,76.15,28
2023,31.15,76.25,12
2023,31.15,76.55,1
2023,31.25,74.55,65
2023,31.25,74.65,106
2023,31.25,74.75,64
2023,31.25,74.85,48
2023,31.25,74.95,101
2023,31.25,75.05,81
2023,31.25,75.15,104
2023,31.25,75.25,79
2023,31.25,75.35,23
2023,31.25,75.45,6
2023,31.25,75.55,6
2023,31.25,75.65,14
2023,31.25,75.75,33
2023,31.25,75.85,33
2023,31.25,75.95,15
2023,31.25,76.05,13
2023,31.25,76.15,3
2023,31.25,76.35,2
2023,31.35,74.55,33
2023,31.35,74.65,59
2023,31.35,74.75,64
2023,31.35,74.85,64
2023,31.35,74.95,67
2023,31.35,75.05,62
2023,31.35,75.15,60
2023,31.35,75.25,103
2023,31.35,75.35,43
2023,31.35,75.45,1
2023,31.35,75.65,2
2023,31.35,75.75,28
2023,31.35,75.85,7
2023,31.35,75.95,2
2023,31.35,76.05,2
2023,31.35,76.35,5
2023,31.45,74.55,1
2023,31.45,74.65,56
2023,31.45,74.75,54
2023,31.45,74.85,73
2023,31.45,74.95,31
2023,31.45,75.05,70
2023,31.45,75.15,58
2023,31.45,75.25,48
2023,31.45,75.35,56
2023,31.45,75.45,38
2023,31.45,75.55,16
2023,31.45,75.65,10
2023,31.45,75.75,10
2023,31.45,75.85,2
2023,31.55,74.55,7
2023,31.55,74.65,76
2023,31.55,74.75,65
2023,31.55,74.85,71
2023,31.55,74.95,44
2023,31.55,75.05,86
2023,31.55,75.15,75
2023,31.55,75.25,51
2023,31.55,75.35,51
2023,31.55,75.45,72
2023,31.55,75.55,44
2023,31.55,75.65,9
2023,31.55,75.85,1
2023,31.65,74.55,27
2023,31.65,74.65,45
2023,31.65,74.75,23
2023,31.65,74.85,5
2023,31.65,74.95,31
2023,31.65,75.05,69
2023,31.65,75.15,81
2023,31.65,75.25,88
2023,31.65,75.35,27
2023,31.65,75.45,34
2023,31.65,75.55,52
2023,31.65,75.65,7
2023,31.65,76.05,1
2023,31.75,74.55,38
2023,31.75,74.65,38
2023,31.75,74.75,40
2023,31.75,74.85,24
2023,31.75,74.95,121
2023,31.75,75.05,83
2023,31.75,75.15,41
2023,31.75,75.25,17
2023,31.75,75.35,25
2023,31.75,75.45,21
2023,31.75,75.55,19
2023,31.75,75.65,10
2023,31.85,74.55,16
2023,31.85,74.65,40
2023,31.85,74.75,29
2023,31.85,74.85,29
2023,31.85,74.95,29
2023,31.85,75.05,28
2023,31.85,75.15,20
2023,31.85,75.25,7
2023,31.85,75.35,13
2023,31.85,75.45,12
2023,31.85,75.55,4
2023,31.85,75.65,5
2023,31.95,74.65,4
2023,31.95,74.75,21
2023,31.95,74.85,77
2023,31.95,74.95,46
2023,31.95,75.05,16
2023,31.95,75.15,26
2023,31.95,75.25,15
2023,31.95,75.35,6
2023,31.95,75.45,12
2023,31.95,75.65,4
2023,32.05,74.85,2
2023,32.05,74.95,7
2023,32.05,75.05,5
2023,32.05,75.15,18
2023,32.05,75.25,17
2023,32.05,75.35,6
2023,32.05,75.45,2
2023,32.05,75.55,3
2023,32.05,75.65,1
2023,32.15,75.25,5
2023,32.15,75.35,11
2023,32.15,75.45,1
2023,32.15,75.65,1
2023,32.25,75.35,8
2023,32.35,75.35,6
2024,27.85,77.15,2
2024,27.85,77.45,1
2024,27.95,76.05,1
2024,27.95,77.35,3
2024,27.95,77.45,13
2024,27.95,77.55,1
2024,28.05,76.55,1
2024,28.05,76.65,2
2024,28.05,77.25,7
2024,28.05,77.35,5
2024,28.05,77.45,2
2024,28.15,76.25,1
2024,28.15,76.35,2
2024,28.15,76.45,1
2024,28.15,76.75,1
2024,28.15,77.35,6
2024,28.15,77.45,6
2024,28.15,77.55,1
2024,28.25,76.25,1
2024,28.25,76.35,1
2024,28.25,76.45,2
2024,28.25,76.75,1
2024,28.25,76.85,1
2024,28.25,76.95,2
2024,28.25,77.25,9
2024,28.25,77.35,6
2024,28.25,77.45,6
2024,28.35,76.35,1
2024,28.35,76.45,2
2024,28.35,76.55,1
2024,28.35,76.65,5
2024,28.35,76.75,3
2024,28.35,76.95,2
2024,28.35,77.25,49
2024,28.35,77.35,1
2024,28.35,77.45,1
2024,28.45,76.45,3
2024,28.45,76.65,5
2024,28.45,76.75,2
2024,28.45,76.85,2
2024,28.45,76.95,1
2024,28.45,77.35,1
2024,28.45,77.45,1
2024,28.55,76.35,1
2024,28.55,76.55,2
2024,28.55,76.65,1
2024,28.55,76.75,2
2024,28.55,76.95,1
2024,28.65,75.95,1
2024,28.65,76.45,7
2024,28.65,76.65,7
2024,28.65,76.75,1
2024,28.65,76.85,4
2024,28.75,76.05,3
2024,28.75,76.15,4
2024,28.75,76.25,1
2024,28.75,76.45,1
2024,28.75,76.55,4
2024,28.75,76.65,2
2024,28.75,76.75,2
2024,28.75,76.85,9
2024,28.75,76.95,8
2024,28.85,75.65,1
2024,28.85,75.95,2
2024,28.85,76.05,1
2024,28.85,76.15,4
2024,28.85,76.25,1
2024,28.85,76.35,3
2024,28.85,76.45,3
2024,28.85,76.55,4
2024,28.85,76.65,3
2024,28.85,76.75,2
2024,28.85,76.85,10
2024,28.85,76.95,4
2024,28.85,77.15,2
2024,28.95,75.55,1
2024,28.95,75.65,1
2024,28.95,75.75,1
2024,28.95,75.95,4
2024,28.95,76.05,2
2024,28.95,76.15,2
2024,28.95,76.25,3
2024,28.95,76.35,3
2024,28.95,76.55,2
2024,28.95,76.65,5
2024,28.95,76.75,6
2024,28.95,76.85,1
2024,28.95,76.95,2
2024,28.95,77.05,1
2024,28.95,77.15,4
2024,29.05,75.45,3
2024,29.05,75.65,1
2024,29.05,75.75,2
2024,29.05,75.85,4
2024,29.05,76.15,2
2024,29.05,76.25,4
2024,29.05,76.35,7
2024,29.05,76.45,3
2024,29.05,76.55,7
2024,29.05,76.65,6
2024,29.05,76.85,1
2024,29.05,76.95,4
2024,29.05,77.05,4
2024,29.05,77.15,8
2024,29.15,75.45,2
2024,29.15,75.75,8
2024,29.15,75.85,3
2024,29.15,75.95,2
2024,29.15,76.05,3
2024,29.15,76.15,4
2024,29.15,76.25,8
2024,29.15,76.35,5
2024,29.15,76.45,6
2024,29.15,76.55,4
2024,29.15,76.65,2
2024,29.15,76.75,4
2024,29.15,76.95,6
2024,29.15,77.05,5
2024,29.15,77.15,3
2024,29.25,75.65,2
2024,29.25,75.75,9
2024,29.25,75.85,2
2024,29.25,75.95,3
2024,29.25,76.05,9
2024,29.25,76.15,9
2024,29.25,76.25,18
2024,29.25,76.35,13
2024,29.25,76.45,9
2024,29.25,76.55,10
2024,29.25,76.65,7
2024,29.25,76.75,6
2024,29.25,76.85,5
2024,29.25,76.95,8
2024,29.25,77.05,3
2024,29.25,77.15,8
2024,29.35,74.75,7
2024,29.35,75.15,5
2024,29.35,75.25,7
2024,29.35,75.35,1
2024,29.35,75.45,2
2024,29.35,75.55,5
2024,29.35,75.65,2
2024,29.35,75.75,2
2024,29.35,75.85,2
2024,29.35,75.95,7
2024,29.35,76.05,10
2024,29.35,76.15,6
2024,29.35,76.25,4
2024,29.35,76.35,7
2024,29.35,76.45,10
2024,29.35,76.55,7
2024,29.35,76.65,5
2024,29.35,76.75,1
2024,29.35,76.85,3
2024,29.35,76.95,11
2024,29.35,77.15,1
2024,29.45,74.65,11
2024,29.45,74.75,11
2024,29.45,74.85,7
2024,29.45,74.95,48
2024,29.45,75.05,5
2024,29.45,75.15,3
2024,29.45,75.25,2
2024,29.45,75.35,3
2024,29.45,75.45,5
2024,29.45,75.55,5
2024,29.45,75.65,12
2024,29.45,75.75,14
2024,29.45,75.85,12
2024,29.45,75.95,10
2024,29.45,76.05,6
2024,29.45,76.15,13
2024,29.45,76.25,2
2024,29.45,76.35,13
2024,29.45,76.45,7
2024,29.45,76.55,6
2024,29.45,76.65,7
2024,29.45,76.75,6
2024,29.45,76.85,13
2024,29.45,76.95,10
2024,29.45,77.05,4
2024,29.55,74.65,8
2024,29.55,74.75,11
2024,29.55,74.85,12
2024,29.55,74.95,30
2024,29.55,75.05,10
2024,29.55,75.15,23
2024,29.55,75.25,21
2024,29.55,75.35,13
2024,29.55,75.45,5
2024,29.55,75.55,3
2024,29.55,75.65,4
2024,29.55,75.75,5
2024,29.55,75.85,5
2024,29.55,75.95,10
2024,29.55,76.05,13
2024,29.55,76.15,11
2024,29.55,76.25,7
2024,29.55,76.35,14
2024,29.55,76.45,2
2024,29.55,76.55,1
2024,29.55,76.65,4
2024,29.55,76.75,2
2024,29.55,76.85,6
2024,29.55,76.95,3
2024,29.55,77.05,4
2024,29.65,74.55,3
2024,29.65,74.65,3
2024,29.65,74.95,3
2024,29.65,75.05,6
2024,29.65,75.15,15
2024,29.65,75.25,25
2024,29.65,75.35,14
2024,29.65,75.45,10
2024,29.65,75.55,5
2024,29.65,75.65,3
2024,29.65,75.75,9
2024,29.65,75.85,8
2024,29.65,75.95,28
2024,29.65,76.05,16
2024,29.65,76.15,11
2024,29.65,76.25,3
2024,29.65,76.35,5
2024,29.65,76.45,9
2024,29.65,76.55,13
2024,29.65,76.65,6
2024,29.65,76.75,7
2024,29.65,76.85,12
2024,29.65,76.95,3
2024,29.65,77.05,9
2024,29.75,74.65,1
2024,29.75,74.85,3
2024,29.75,74.95,3
2024,29.75,75.05,3
2024,29.75,75.15,7
2024,29.75,75.25,16
2024,29.75,75.35,43
2024,29.75,75.45,16
2024,29.75,75.55,16
2024,29.75,75.65,14
2024,29.75,75.75,16
2024,29.75,75.85,20
2024,29.75,75.95,26
2024,29.75,76.05,22
2024,29.75,76.15,18
2024,29.75,76.25,5
2024,29.75,76.35,8
2024,29.75,76.45,5
2024,29.75,76.55,3
2024,29.75,76.65,7
2024,29.75,76.75,2
2024,29.75,76.85,3
2024,29.75,76.95,2
2024,29.75,77.05,6
2024,29.75,77.15,4
2024,29.85,74.55,3
2024,29.85,74.65,12
2024,29.85,74.75,2
2024,29.85,74.85,4
2024,29.85,74.95,6
2024,29.85,75.05,8
2024,29.85,75.15,16
2024,29.85,75.25,8
2024,29.85,75.35,21
2024,29.85,75.45,18
2024,29.85,75.55,27
2024,29.85,75.65,27
2024,29.85,75.75,31
2024,29.85,75.85,49
2024,29.85,75.95,42
2024,29.85,76.05,34
2024,29.85,76.15,24
2024,29.85,76.25,7
2024,29.85,76.35,6
2024,29.85,76.45,6
2024,29.85,76.55,8
2024,29.85,76.65,5
2024,29.85,76.75,2
2024,29.85,76.85,1
2024,29.85,76.95,7
2024,29.85,77.05,6
2024,29.85,77.15,2
2024,29.95,74.25,4
2024,29.95,74.45,5
2024,29.95,74.55,14
2024,29.95,74.65,21
2024,29.95,74.75,7
2024,29.95,74.85,22
2024,29.95,74.95,13
2024,29.95,75.05,29
2024,29.95,75.15,19
2024,29.95,75.25,20
2024,29.95,75.35,11
2024,29.95,75.45,27
2024,29.95,75.55,34
2024,29.95,75.65,30
2024,29.95,75.75,39
2024,29.95,75.85,37
2024,29.95,75.95,39
2024,29.95,76.05,26
2024,29.95,76.15,29
2024,29.95,76.25,13
2024,29.95,76.35,3
2024,29.95,76.45,6
2024,29.95,76.55,22
2024,29.95,76.65,4
2024,29.95,76.75,6
2024,29.95,76.85,6
2024,29.95,76.95,12
2024,29.95,77.05,3
2024,29.95,77.15,8
2024,29.95,77.25,1
2024,30.05,74.05,1
2024,30.05,74.15,7
2024,30.05,74.25,5
2024,30.05,74.35,3
2024,30.05,74.45,26
2024,30.05,74.55,10
2024,30.05,74.65,22
2024,30.05,74.75,22
2024,30.05,74.85,22
2024,30.05,74.95,25
2024,30.05,75.05,26
2024,30.05,75.15,25
2024,30.05,75.25,27
2024,30.05,75.35,26
2024,30.05,75.45,10
2024,30.05,75.55,16
2024,30.05,75.65,50
2024,30.05,75.75,64
2024,30.05,75.85,63
2024,30.05,75.95,33
2024,30.05,76.05,22
2024,30.05,76.15,21
2024,30.05,76.25,12
2024,30.05,76.35,6
2024,30.05,76.45,7
2024,30.05,76.55,1
2024,30.05,76.65,9
2024,30.05,76.75,4
2024,30.05,76.85,12
2024,30.05,76.95,6
2024,30.05,77.05,15
2024,30.05,77.15,2
2024,30.05,77.25,4
2024,30.15,73.95,4
2024,30.15,74.15,4
2024,30.15,74.25,15
2024,30.15,74.35,16
2024,30.15,74.45,20
2024,30.15,74.55,9
2024,30.15,74.65,24
2024,30.15,74.75,20
2024,30.15,74.85,14
2024,30.15,74.95,10
2024,30.15,75.05,17
2024,30.15,75.15,30
2024,30.15,75.25,30
2024,30.15,75.35,37
2024,30.15,75.45,25
2024,30.15,75.55,24
2024,30.15,75.65,50
2024,30.15,75.75,68
2024,30.15,75.85,48
2024,30.15,75.95,55
2024,30.15,76.05,37
2024,30.15,76.15,11
2024,30.15,76.25,15
2024,30.15,76.35,17
2024,30.15,76.45,24
2024,30.15,76.55,14
2024,30.15,76.65,10
2024,30.15,76.75,7
2024,30.15,76.85,11
2024,30.15,76.95,3
2024,30.15,77.05,10
2024,30.15,77.15,3
2024,30.15,77.25,2
2024,30.15,77.35,4
2024,30.25,73.95,18
2024,30.25,74.05,18
2024,30.25,74.15,5
2024,30.25,74.25,10
2024,30.25,74.35,7
2024,30.25,74.45,18
2024,30.25,74.55,25
2024,30.25,74.65,30
2024,30.25,74.75,22
2024,30.25,74.85,29
2024,30.25,74.95,3
2024,30.25,75.05,7
2024,30.25,75.15,20
2024,30.25,75.25,18
2024,30.25,75.35,25
2024,30.25,75.45,17
2024,30.25,75.55,27
2024,30.25,75.65,25
2024,30.25,75.75,50
2024,30.25,75.85,31
2024,30.25,75.95,95
2024,30.25,76.05,52
2024,30.25,76.15,59
2024,30.25,76.25,11
2024,30.25,76.35,6
2024,30.25,76.45,13
2024,30.25,76.55,15
2024,30.25,76.65,1
2024,30.25,76.75,10
2024,30.25,76.85,10
2024,30.25,76.95,7
2024,30.25,77.05,13
2024,30.25,77.15,8
2024,30.25,77.25,7
2024,30.25,77.35,8
2024,30.25,77.45,4
2024,30.35,73.85,3
2024,30.35,73.95,22
2024,30.35,74.05,25
2024,30.35,74.15,14
2024,30.35,74.25,7
2024,30.35,74.35,37
2024,30.35,74.45,30
2024,30.35,74.55,39
2024,30.35,74.65,32
2024,30.35,74.75,48
2024,30.35,74.85,15
2024,30.35,74.95,8
2024,30.35,75.05,17
2024,30.35,75.15,20
2024,30.35,75.25,26
2024,30.35,75.35,15
2024,30.35,75.45,10
2024,30.35,75.55,11
2024,30.35,75.65,49
2024,30.35,75.75,53
2024,30.35,75.85,52
2024,30.35,75.95,27
2024,30.35,76.05,35
2024,30.35,76.15,9
2024,30.35,76.25,20
2024,30.35,76.35,11
2024,30.35,76.45,12
2024,30.35,76.55,16
2024,30.35,76.65,11
2024,30.35,76.75,11
2024,30.35,76.85,3
2024,30.35,76.95,2
2024,30.35,77.05,10
2024,30.35,77.15,5
2024,30.35,77.25,5
2024,30.35,77.35,8
2024,30.45,73.95,17
2024,30.45,74.05,20
2024,30.45,74.15,12
2024,30.45,74.25,17
2024,30.45,74.35,29
2024,30.45,74.45,34
2024,30.45,74.55,17
2024,30.45,74.65,50
2024,30.45,74.75,48
2024,30.45,74.85,47
2024,30.45,74.95,39
2024,30.45,75.05,17
2024,30.45,75.15,28
2024,30.45,75.25,17
2024,30.45,75.35,14
2024,30.45,75.45,19
2024,30.45,75.55,14
2024,30.45,75.65,20
2024,30.45,75.75,37
2024,30.45,75.85,41
2024,30.45,75.95,35
2024,30.45,76.05,20
2024,30.45,76.15,11
2024,30.45,76.25,11
2024,30.45,76.35,15
2024,30.45,76.45,13
2024,30.45,76.55,10
2024,30.45,76.65,16
2024,30.45,76.75,5
2024,30.45,76.85,10
2024,30.45,76.95,11
2024,30.45,77.05,5
2024,30.45,77.15,13
2024,30.45,77.25,2
2024,30.45,77.35,1
2024,30.55,74.05,15
2024,30.55,74.15,24
2024,30.55,74.25,13
2024,30.55,74.35,24
2024,30.55,74.45,28
2024,30.55,74.55,19
2024,30.55,74.65,24
2024,30.55,74.75,25
2024,30.55,74.85,17
2024,30.55,74.95,23
2024,30.55,75.05,41
2024,30.55,75.15,22
2024,30.55,75.25,17
2024,30.55,75.35,23
2024,30.55,75.45,20
2024,30.55,75.55,10
2024,30.55,75.65,18
2024,30.55,75.75,19
2024,30.55,75.85,33
2024,30.55,75.95,25
2024,30.55,76.05,8
2024,30.55,76.15,9
2024,30.55,76.25,7
2024,30.55,76.35,29
2024,30.55,76.45,26
2024,30.55,76.55,25
2024,30.55,76.65,7
2024,30.55,76.75,6
2024,30.55,76.85,6
2024,30.55,76.95,12
2024,30.55,77.05,6
2024,30.55,77.15,4
2024,30.65,74.15,28
2024,30.65,74.25,15
2024,30.65,74.35,20
2024,30.65,74.45,30
2024,30.65,74.55,29
2024,30.65,74.65,44
2024,30.65,74.75,30
2024,30.65,74.85,13
2024,30.65,74.95,33
2024,30.65,75.05,27
2024,30.65,75.15,24
2024,30.65,75.25,23
2024,30.65,75.35,9
2024,30.65,75.45,17
2024,30.65,75.55,20
2024,30.65,75.65,28
2024,30.65,75.75,32
2024,30.65,75.85,21
2024,30.65,75.95,9
2024,30.65,76.05,6
2024,30.65,76.25,6
2024,30.65,76.35,23
2024,30.65,76.45,52
2024,30.65,76.55,20
2024,30.65,76.65,2
2024,30.65,76.75,4
2024,30.65,76.85,13
2024,30.65,76.95,5
2024,30.75,74.25,48
2024,30.75,74.35,52
2024,30.75,74.45,56
2024,30.75,74.55,20
2024,30.75,74.65,16
2024,30.75,74.75,32
2024,30.75,74.85,45
2024,30.75,74.95,34
2024,30.75,75.05,39
2024,30.75,75.15,21
2024,30.75,75.25,29
2024,30.75,75.35,13
2024,30.75,75.45,14
2024,30.75,75.55,12
2024,30.75,75.65,11
2024,30.75,75.75,9
2024,30.75,75.85,15
2024,30.75,75.95,13
2024,30.75,76.05,4
2024,30.75,76.15,11
2024,30.75,76.25,3
2024,30.75,76.35,7
2024,30.75,76.45,10
2024,30.75,76.55,4
2024,30.75,76.65,3
2024,30.75,76.75,1
2024,30.85,74.35,47
2024,30.85,74.45,37
2024,30.85,74.55,59
2024,30.85,74.65,40
2024,30.85,74.75,33
2024,30.85,74.85,37
2024,30.85,74.95,31
2024,30.85,75.05,35
2024,30.85,75.15,30
2024,30.85,75.25,19
2024,30.85,75.35,29
2024,30.85,75.45,30
2024,30.85,75.55,1
2024,30.85,75.65,5
2024,30.85,75.75,9
2024,30.85,75.85,7
2024,30.85,75.95,9
2024,30.85,76.05,3
2024,30.85,76.15,2
2024,30.85,76.25,11
2024,30.85,76.35,12
2024,30.85,76.45,4
2024,30.85,76.55,5
2024,30.85,76.65,2
2024,30.85,76.75,2
2024,30.85,76.85,3
2024,30.95,74.45,33
2024,30.95,74.55,32
2024,30.95,74.65,20
2024,30.95,74.75,43
2024,30.95,74.85,49
2024,30.95,74.95,29
2024,30.95,75.05,31
2024,30.95,75.15,22
2024,30.95,75.25,16
2024,30.95,75.35,22
2024,30.95,75.45,16
2024,30.95,75.55,12
2024,30.95,75.65,8
2024,30.95,75.75,3
2024,30.95,75.85,2
2024,30.95,75.95,8
2024,30.95,76.05,4
2024,30.95,76.15,15
2024,30.95,76.25,14
2024,30.95,76.45,1
2024,30.95,76.55,2
2024,30.95,76.75,1
2024,31.05,74.55,6
2024,31.05,74.65,49
2024,31.05,74.75,58
2024,31.05,74.85,31
2024,31.05,74.95,25
2024,31.05,75.05,20
2024,31.05,75.15,43
2024,31.05,75.25,11
2024,31.05,75.35,12
2024,31.05,75.45,13
2024,31.05,75.55,16
2024,31.05,75.65,14
2024,31.05,75.75,3
2024,31.05,75.85,7
2024,31.05,75.95,9
2024,31.05,76.05,4
2024,31.05,76.15,9
2024,31.05,76.25,10
2024,31.05,76.35,2
2024,31.05,76.55,4
2024,31.15,74.55,27
2024,31.15,74.65,28
2024,31.15,74.75,21
2024,31.15,74.85,46
2024,31.15,74.95,17
2024,31.15,75.05,43
2024,31.15,75.15,29
2024,31.15,75.25,15
2024,31.15,75.35,3
2024,31.15,75.45,4
2024,31.15,75.55,3
2024,31.15,75.65,7
2024,31.15,75.75,8
2024,31.15,75.85,6
2024,31.15,75.95,5
2024,31.15,76.05,4
2024,31.15,76.15,9
2024,31.15,76.25,3
2024,31.15,76.45,1
2024,31.25,74.55,14
2024,31.25,74.65,12
2024,31.25,74.75,32
2024,31.25,74.85,23
2024,31.25,74.95,33
2024,31.25,75.05,39
2024,31.25,75.15,35
2024,31.25,75.25,15
2024,31.25,75.35,4
2024,31.25,75.45,3
2024,31.25,75.55,2
2024,31.25,75.65,2
2024,31.25,75.75,3
2024,31.25,75.85,5
2024,31.25,75.95,1
2024,31.25,76.05,3
2024,31.25,76.45,2
2024,31.35,74.55,27
2024,31.35,74.65,18
2024,31.35,74.75,20
2024,31.35,74.85,29
2024,31.35,74.95,20
2024,31.35,75.05,38
2024,31.35,75.15,24
2024,31.35,75.25,20
2024,31.35,75.35,15
2024,31.35,75.45,3
2024,31.35,75.65,2
2024,31.35,75.75,6
2024,31.35,75.85,5
2024,31.35,76.05,1
2024,31.45,74.65,25
2024,31.45,74.75,27
2024,31.45,74.85,50
2024,31.45,74.95,19
2024,31.45,75.05,36
2024,31.45,75.15,51
2024,31.45,75.25,30
2024,31.45,75.35,12
2024,31.45,75.45,13
2024,31.45,75.55,5
2024,31.45,75.65,5
2024,31.45,75.75,4
2024,31.45,75.85,1
2024,31.45,76.05,1
2024,31.55,74.55,8
2024,31.55,74.65,34
2024,31.55,74.75,28
2024,31.55,74.85,29
2024,31.55,74.95,9
2024,31.55,75.05,37
2024,31.55,75.15,16
2024,31.55,75.25,26
2024,31.55,75.35,13
2024,31.55,75.45,25
2024,31.55,75.55,16
2024,31.55,75.65,8
2024,31.55,75.75,3
2024,31.65,74.55,35
2024,31.65,74.65,27
2024,31.65,74.75,17
2024,31.65,74.85,3
2024,31.65,74.95,16
2024,31.65,75.05,28
2024,31.65,75.15,27
2024,31.65,75.25,24
2024,31.65,75.35,8
2024,31.65,75.45,17
2024,31.65,75.55,24
2024,31.65,75.65,2
2024,31.65,75.75,2
2024,31.75,74.55,21
2024,31.75,74.65,34
2024,31.75,74.75,15
2024,31.75,74.85,17
2024,31.75,74.95,38
2024,31.75,75.05,20
2024,31.75,75.15,9
2024,31.75,75.25,12
2024,31.75,75.35,19
2024,31.75,75.45,12
2024,31.75,75.55,8
2024,31.75,75.65,2
2024,31.75,75.85,2
2024,31.85,74.55,9
2024,31.85,74.65,18
2024,31.85,74.75,18
2024,31.85,74.85,10
2024,31.85,74.95,6
2024,31.85,75.05,12
2024,31.85,75.15,14
2024,31.85,75.25,6
2024,31.85,75.35,11
2024,31.85,75.45,4
2024,31.85,75.55,7
2024,31.85,75.65,5
2024,31.95,74.65,2
2024,31.95,74.75,13
2024,31.95,74.85,17
2024,31.95,74.95,17
2024,31.95,75.05,8
2024,31.95,75.15,4
2024,31.95,75.25,5
2024,31.95,75.35,3
2024,31.95,75.45,7
2024,31.95,75.55,1
2024,31.95,75.65,5
2024,31.95,75.75,1
2024,32.05,74.85,1
2024,32.05,74.95,8
2024,32.05,75.05,7
2024,32.05,75.15,16
2024,32.05,75.25,5
2024,32.05,75.35,2
2024,32.05,75.45,1
2024,32.05,75.55,3
2024,32.05,75.65,1
2024,32.05,75.75,1
2024,32.15,75.15,2
2024,32.15,75.25,16
2024,32.15,75.35,2
2024,32.15,75.55,1
2024,32.25,75.35,28
2024,32.35,75.35,1
2025,27.85,77.45,3
2025,27.95,76.15,1
2025,27.95,77.15,1
2025,27.95,77.45,9
2025,28.05,76.05,2
2025,28.05,76.45,1
2025,28.05,76.55,3
2025,28.05,77.15,1
2025,28.05,77.25,2
2025,28.05,77.35,3
2025,28.05,77.45,2
2025,28.15,76.65,1
2025,28.15,76.75,4
2025,28.15,77.25,5
2025,28.15,77.35,5
2025,28.15,77.45,3
2025,28.25,76.15,2
2025,28.25,76.55,1
2025,28.25,76.65,1
2025,28.25,76.75,1
2025,28.25,76.85,3
2025,28.25,77.15,3
2025,28.25,77.25,11
2025,28.25,77.35,1
2025,28.25,77.45,4
2025,28.35,76.15,2
2025,28.35,76.25,1
2025,28.35,76.65,3
2025,28.35,76.75,2
2025,28.35,76.85,2
2025,28.35,76.95,1
2025,28.35,77.15,37
2025,28.35,77.25,33
2025,28.45,76.05,2
2025,28.45,76.35,1
2025,28.45,76.45,1
2025,28.45,76.75,2
2025,28.45,77.05,1
2025,28.45,77.35,2
2025,28.55,76.05,1
2025,28.55,76.15,3
2025,28.55,76.55,3
2025,28.55,76.65,5
2025,28.55,76.75,2
2025,28.55,77.35,1
2025,28.65,76.25,1
2025,28.65,76.45,5
2025,28.65,76.55,2
2025,28.65,76.65,1
2025,28.65,76.75,1
2025,28.65,76.85,2
2025,28.75,76.15,1
2025,28.75,76.25,1
2025,28.75,76.55,6
2025,28.75,76.65,14
2025,28.75,76.75,8
2025,28.75,76.85,21
2025,28.75,76.95,4
2025,28.85,76.25,1
2025,28.85,76.35,4
2025,28.85,76.45,5
2025,28.85,76.55,2
2025,28.85,76.65,3
2025,28.85,76.75,3
2025,28.85,76.85,13
2025,28.85,76.95,1
2025,28.85,77.05,1
2025,28.85,77.15,4
2025,28.95,75.55,5
2025,28.95,75.75,1
2025,28.95,75.85,1
2025,28.95,76.05,2
2025,28.95,76.15,3
2025,28.95,76.35,10
2025,28.95,76.45,4
2025,28.95,76.55,1
2025,28.95,76.65,2
2025,28.95,76.75,2
2025,28.95,76.85,5
2025,28.95,76.95,2
2025,28.95,77.05,1
2025,29.05,75.75,4
2025,29.05,75.85,2
2025,29.05,75.95,1
2025,29.05,76.05,7
2025,29.05,76.15,10
2025,29.05,76.25,14
2025,29.05,76.35,14
2025,29.05,76.45,8
2025,29.05,76.55,8
2025,29.05,76.65,5
2025,29.05,76.75,9
2025,29.05,76.85,3
2025,29.05,76.95,3
2025,29.05,77.15,1
2025,29.15,75.65,2
2025,29.15,75.75,3
2025,29.15,75.85,4
2025,29.15,75.95,3
2025,29.15,76.05,10
2025,29.15,76.25,5
2025,29.15,76.35,4
2025,29.15,76.45,14
2025,29.15,76.55,9
2025,29.15,76.65,2
2025,29.15,76.75,9
2025,29.15,76.85,5
2025,29.15,76.95,2
2025,29.15,77.05,4
2025,29.15,77.15,1
2025,29.25,75.35,2
2025,29.25,75.45,2
2025,29.25,75.55,3
2025,29.25,75.75,5
2025,29.25,75.85,3
2025,29.25,75.95,2
2025,29.25,76.05,9
2025,29.25,76.15,1
2025,29.25,76.25,5
2025,29.25,76.35,2
2025,29.25,76.45,14
2025,29.25,76.55,14
2025,29.25,76.65,6
2025,29.25,76.75,3
2025,29.25,76.85,1
2025,29.25,76.95,3
2025,29.35,74.75,4
2025,29.35,74.95,1
2025,29.35,75.15,1
2025,29.35,75.35,3
2025,29.35,75.45,3
2025,29.35,75.65,2
2025,29.35,75.75,2
2025,29.35,75.85,1
2025,29.35,75.95,8
2025,29.35,76.05,5
2025,29.35,76.15,8
2025,29.35,76.25,6
2025,29.35,76.35,11
2025,29.35,76.45,2
2025,29.35,76.55,4
2025,29.35,76.65,3
2025,29.35,76.85,1
2025,29.35,76.95,1
2025,29.45,74.55,2
2025,29.45,74.65,1
2025,29.45,74.75,2
2025,29.45,74.85,1
2025,29.45,74.95,1
2025,29.45,75.05,1
2025,29.45,75.15,1
2025,29.45,75.25,3
2025,29.45,75.35,5
2025,29.45,75.45,2
2025,29.45,75.55,2
2025,29.45,75.65,4
2025,29.45,75.75,6
2025,29.45,75.85,3
2025,29.45,75.95,9
2025,29.45,76.05,9
2025,29.45,76.15,9
2025,29.45,76.25,7
2025,29.45,76.35,9
2025,29.45,76.45,3
2025,29.45,76.55,5
2025,29.45,76.65,5
2025,29.45,76.85,22
2025,29.45,77.05,1
2025,29.55,74.55,1
2025,29.55,74.65,12
2025,29.55,74.75,1
2025,29.55,74.85,7
2025,29.55,74.95,2
2025,29.55,75.15,2
2025,29.55,75.25,6
2025,29.55,75.35,1
2025,29.55,75.45,6
2025,29.55,75.55,2
2025,29.55,75.65,1
2025,29.55,75.75,1
2025,29.55,75.85,2
2025,29.55,75.95,18
2025,29.55,76.05,10
2025,29.55,76.15,7
2025,29.55,76.25,8
2025,29.55,76.35,8
2025,29.55,76.45,4
2025,29.55,76.55,2
2025,29.55,76.65,2
2025,29.55,76.75,1
2025,29.55,76.85,5
2025,29.55,76.95,1
2025,29.55,77.05,4
2025,29.65,74.65,1
2025,29.65,74.75,3
2025,29.65,74.85,1
2025,29.65,74.95,1
2025,29.65,75.05,5
2025,29.65,75.15,2
2025,29.65,75.25,4
2025,29.65,75.35,11
2025,29.65,75.45,2
2025,29.65,75.55,4
2025,29.65,75.65,4
2025,29.65,75.75,6
2025,29.65,75.85,5
2025,29.65,75.95,12
2025,29.65,76.05,2
2025,29.65,76.15,7
2025,29.65,76.25,2
2025,29.65,76.35,2
2025,29.65,76.45,4
2025,29.65,76.55,1
2025,29.65,76.65,2
2025,29.65,76.75,2
2025,29.65,76.95,2
2025,29.65,77.05,4
2025,29.75,74.45,1
2025,29.75,74.55,3
2025,29.75,74.65,3
2025,29.75,74.75,3
2025,29.75,74.85,8
2025,29.75,74.95,3
2025,29.75,75.05,6
2025,29.75,75.15,6
2025,29.75,75.25,3
2025,29.75,75.35,13
2025,29.75,75.45,2
2025,29.75,75.55,6
2025,29.75,75.65,13
2025,29.75,75.75,6
2025,29.75,75.85,12
2025,29.75,75.95,13
2025,29.75,76.05,10
2025,29.75,76.15,8
2025,29.75,76.25,3
2025,29.75,76.35,10
2025,29.75,76.45,2
2025,29.75,76.65,1
2025,29.75,76.75,1
2025,29.85,74.45,1
2025,29.85,74.55,1
2025,29.85,74.65,1
2025,29.85,74.75,2
2025,29.85,74.85,4
2025,29.85,74.95,7
2025,29.85,75.05,3
2025,29.85,75.15,9
2025,29.85,75.25,11
2025,29.85,75.35,9
2025,29.85,75.45,9
2025,29.85,75.55,10
2025,29.85,75.65,2
2025,29.85,75.75,6
2025,29.85,75.85,22
2025,29.85,75.95,16
2025,29.85,76.05,13
2025,29.85,76.15,11
2025,29.85,76.25,3
2025,29.85,76.35,5
2025,29.85,76.65,8
2025,29.85,76.95,1
2025,29.85,77.15,1
2025,29.95,74.15,3
2025,29.95,74.25,3
2025,29.95,74.45,3
2025,29.95,74.55,19
2025,29.95,74.65,15
2025,29.95,74.75,6
2025,29.95,74.85,8
2025,29.95,74.95,19
2025,29.95,75.05,11
2025,29.95,75.15,4
2025,29.95,75.25,5
2025,29.95,75.35,5
2025,29.95,75.45,3
2025,29.95,75.55,11
2025,29.95,75.65,11
2025,29.95,75.75,7
2025,29.95,75.85,12
2025,29.95,75.95,9
2025,29.95,76.05,10
2025,29.95,76.15,16
2025,29.95,76.25,2
2025,29.95,76.35,19
2025,29.95,76.45,7
2025,29.95,76.65,2
2025,29.95,76.75,2
2025,29.95,77.05,2
2025,29.95,77.15,2
2025,30.05,74.05,2
2025,30.05,74.15,9
2025,30.05,74.25,5
2025,30.05,74.35,1
2025,30.05,74.45,5
2025,30.05,74.55,11
2025,30.05,74.65,2
2025,30.05,74.75,13
2025,30.05,74.85,8
2025,30.05,74.95,6
2025,30.05,75.05,15
2025,30.05,75.15,21
2025,30.05,75.25,9
2025,30.05,75.35,10
2025,30.05,75.45,7
2025,30.05,75.55,10
2025,30.05,75.65,5
2025,30.05,75.75,14
2025,30.05,75.85,9
2025,30.05,75.95,22
2025,30.05,76.05,21
2025,30.05,76.15,7
2025,30.05,76.25,5
2025,30.05,76.35,1
2025,30.05,76.45,1
2025,30.05,76.65,1
2025,30.05,76.75,1
2025,30.05,76.85,3
2025,30.05,76.95,2
2025,30.05,77.05,12
2025,30.05,77.25,2
2025,30.15,73.95,1
2025,30.15,74.05,2
2025,30.15,74.15,8
2025,30.15,74.25,14
2025,30.15,74.35,8
2025,30.15,74.45,20
2025,30.15,74.55,8
2025,30.15,74.65,7
2025,30.15,74.75,9
2025,30.15,74.85,9
2025,30.15,74.95,8
2025,30.15,75.05,5
2025,30.15,75.15,6
2025,30.15,75.25,13
2025,30.15,75.35,9
2025,30.15,75.45,7
2025,30.15,75.55,5
2025,30.15,75.65,11
2025,30.15,75.75,12
2025,30.15,75.85,15
2025,30.15,75.95,31
2025,30.15,76.05,13
2025,30.15,76.15,2
2025,30.15,76.25,5
2025,30.15,76.35,7
2025,30.15,76.55,2
2025,30.15,76.65,3
2025,30.15,76.85,4
2025,30.15,76.95,4
2025,30.15,77.05,2
2025,30.15,77.15,1
2025,30.15,77.25,2
2025,30.15,77.35,2
2025,30.25,73.95,4
2025,30.25,74.05,3
2025,30.25,74.15,7
2025,30.25,74.35,12
2025,30.25,74.45,16
2025,30.25,74.55,10
2025,30.25,74.65,9
2025,30.25,74.75,9
2025,30.25,74.85,7
2025,30.25,74.95,6
2025,30.25,75.05,3
2025,30.25,75.15,9
2025,30.25,75.25,10
2025,30.25,75.35,6
2025,30.25,75.45,2
2025,30.25,75.55,6
2025,30.25,75.65,8
2025,30.25,75.75,14
2025,30.25,75.85,21
2025,30.25,75.95,30
2025,30.25,76.05,9
2025,30.25,76.15,9
2025,30.25,76.25,10
2025,30.25,76.35,1
2025,30.25,76.55,4
2025,30.25,76.65,2
2025,30.25,76.75,2
2025,30.25,76.85,1
2025,30.25,76.95,1
2025,30.25,77.05,3
2025,30.25,77.15,1
2025,30.35,73.85,2
2025,30.35,73.95,24
2025,30.35,74.05,8
2025,30.35,74.15,5
2025,30.35,74.25,1
2025,30.35,74.35,12
2025,30.35,74.45,9
2025,30.35,74.55,5
2025,30.35,74.65,6
2025,30.35,74.75,5
2025,30.35,74.85,8
2025,30.35,74.95,4
2025,30.35,75.05,9
2025,30.35,75.15,8
2025,30.35,75.25,7
2025,30.35,75.35,2
2025,30.35,75.45,8
2025,30.35,75.65,12
2025,30.35,75.75,10
2025,30.35,75.85,16
2025,30.35,75.95,10
2025,30.35,76.05,9
2025,30.35,76.15,8
2025,30.35,76.25,11
2025,30.35,76.35,1
2025,30.35,76.45,4
2025,30.35,76.55,7
2025,30.35,76.65,3
2025,30.35,76.85,4
2025,30.35,77.15,2
2025,30.35,77.25,1
2025,30.35,77.35,1
2025,30.45,73.95,10
2025,30.45,74.05,6
2025,30.45,74.15,9
2025,30.45,74.25,7
2025,30.45,74.35,12
2025,30.45,74.45,18
2025,30.45,74.55,2
2025,30.45,74.65,3
2025,30.45,74.75,9
2025,30.45,74.85,4
2025,30.45,74.95,7
2025,30.45,75.05,1
2025,30.45,75.15,13
2025,30.45,75.25,7
2025,30.45,75.35,1
2025,30.45,75.45,1
2025,30.45,75.55,4
2025,30.45,75.65,12
2025,30.45,75.75,13
2025,30.45,75.85,7
2025,30.45,75.95,11
2025,30.45,76.05,10
2025,30.45,76.15,8
2025,30.45,76.25,4
2025,30.45,76.35,10
2025,30.45,76.45,3
2025,30.45,76.55,6
2025,30.45,76.65,5
2025,30.45,76.75,9
2025,30.45,76.85,4
2025,30.45,76.95,4
2025,30.45,77.05,2
2025,30.45,77.25,1
2025,30.45,77.35,1
2025,30.55,74.05,9
2025,30.55,74.15,16
2025,30.55,74.25,18
2025,30.55,74.35,11
2025,30.55,74.45,11
2025,30.55,74.55,18
2025,30.55,74.65,19
2025,30.55,74.75,11
2025,30.55,74.85,7
2025,30.55,74.95,9
2025,30.55,75.05,21
2025,30.55,75.15,10
2025,30.55,75.25,7
2025,30.55,75.35,11
2025,30.55,75.45,2
2025,30.55,75.55,5
2025,30.55,75.65,7
2025,30.55,75.75,11
2025,30.55,75.85,7
2025,30.55,75.95,13
2025,30.55,76.05,7
2025,30.55,76.15,4
2025,30.55,76.25,1
2025,30.55,76.35,7
2025,30.55,76.45,5
2025,30.55,76.55,7
2025,30.55,76.65,11
2025,30.55,76.75,11
2025,30.55,76.85,7
2025,30.55,76.95,6
2025,30.55,77.05,3
2025,30.55,77.15,1
2025,30.65,74.15,17
2025,30.65,74.25,16
2025,30.65,74.35,21
2025,30.65,74.45,27
2025,30.65,74.55,11
2025,30.65,74.65,8
2025,30.65,74.75,6
2025,30.65,74.85,2
2025,30.65,74.95,20
2025,30.65,75.05,23
2025,30.65,75.15,2
2025,30.65,75.25,6
2025,30.65,75.35,10
2025,30.65,75.45,31
2025,30.65,75.55,15
2025,30.65,75.65,14
2025,30.65,75.75,16
2025,30.65,75.85,10
2025,30.65,75.95,9
2025,30.65,76.05,7
2025,30.65,76.15,2
2025,30.65,76.25,8
2025,30.65,76.35,6
2025,30.65,76.45,4
2025,30.65,76.55,7
2025,30.65,76.65,1
2025,30.65,76.75,4
2025,30.65,76.85,6
2025,30.65,76.95,2
2025,30.75,74.15,1
2025,30.75,74.25,13
2025,30.75,74.35,28
2025,30.75,74.45,30
2025,30.75,74.55,2
2025,30.75,74.65,6
2025,30.75,74.75,5
2025,30.75,74.85,1
2025,30.75,74.95,10
2025,30.75,75.05,20
2025,30.75,75.15,14
2025,30.75,75.25,4
2025,30.75,75.35,8
2025,30.75,75.45,17
2025,30.75,75.55,4
2025,30.75,75.65,5
2025,30.75,75.75,7
2025,30.75,75.85,10
2025,30.75,75.95,8
2025,30.75,76.05,1
2025,30.75,76.15,2
2025,30.75,76.25,2
2025,30.75,76.35,5
2025,30.75,76.45,4
2025,30.75,76.55,8
2025,30.75,76.65,1
2025,30.75,76.95,2
2025,30.85,74.35,13
2025,30.85,74.45,17
2025,30.85,74.55,12
2025,30.85,74.65,8
2025,30.85,74.75,7
2025,30.85,74.85,7
2025,30.85,74.95,15
2025,30.85,75.05,11
2025,30.85,75.15,6
2025,30.85,75.25,5
2025,30.85,75.35,9
2025,30.85,75.45,7
2025,30.85,75.55,1
2025,30.85,75.65,3
2025,30.85,75.75,1
2025,30.85,75.85,3
2025,30.85,75.95,4
2025,30.85,76.05,1
2025,30.85,76.15,3
2025,30.85,76.35,1
2025,30.85,76.65,1
2025,30.85,76.85,3
2025,30.95,74.45,11
2025,30.95,74.55,18
2025,30.95,74.65,11
2025,30.95,74.75,16
2025,30.95,74.85,18
2025,30.95,74.95,10
2025,30.95,75.05,20
2025,30.95,75.15,14
2025,30.95,75.25,6
2025,30.95,75.35,9
2025,30.95,75.45,12
2025,30.95,75.55,7
2025,30.95,75.65,3
2025,30.95,75.85,3
2025,30.95,75.95,4
2025,30.95,76.05,6
2025,30.95,76.15,3
2025,30.95,76.25,8
2025,30.95,76.65,1
2025,30.95,76.75,1
2025,30.95,76.85,1
2025,31.05,74.55,2
2025,31.05,74.65,11
2025,31.05,74.75,14
2025,31.05,74.85,15
2025,31.05,74.95,26
2025,31.05,75.05,16
2025,31.05,75.15,17
2025,31.05,75.25,18
2025,31.05,75.35,9
2025,31.05,75.45,4
2025,31.05,75.55,13
2025,31.05,75.65,1
2025,31.05,75.75,3
2025,31.05,75.85,6
2025,31.05,75.95,4
2025,31.05,76.05,2
2025,31.05,76.15,5
2025,31.05,76.25,6
2025,31.05,76.35,1
2025,31.15,74.55,46
2025,31.15,74.65,29
2025,31.15,74.75,25
2025,31.15,74.85,36
2025,31.15,74.95,11
2025,31.15,75.05,26
2025,31.15,75.15,14
2025,31.15,75.25,4
2025,31.15,75.45,1
2025,31.15,75.55,2
2025,31.15,75.65,3
2025,31.15,75.75,1
2025,31.15,75.85,4
2025,31.15,75.95,1
2025,31.15,76.05,5
2025,31.15,76.15,3
2025,31.15,76.25,1
2025,31.15,76.55,1
2025,31.25,74.55,30
2025,31.25,74.65,18
2025,31.25,74.75,21
2025,31.25,74.85,25
2025,31.25,74.95,37
2025,31.25,75.05,17
2025,31.25,75.15,12
2025,31.25,75.25,2
2025,31.25,75.45,2
2025,31.25,75.55,2
2025,31.25,75.75,1
2025,31.25,75.85,2
2025,31.25,75.95,4
2025,31.25,76.05,2
2025,31.25,76.15,1
2025,31.35,74.55,17
2025,31.35,74.65,19
2025,31.35,74.75,29
2025,31.35,74.85,37
2025,31.35,74.95,21
2025,31.35,75.05,22
2025,31.35,75.15,20
2025,31.35,75.25,7
2025,31.35,75.35,5
2025,31.35,75.45,1
2025,31.35,75.75,4
2025,31.35,75.95,1
2025,31.35,76.05,1
2025,31.35,76.35,1
2025,31.45,74.65,25
2025,31.45,74.75,28
2025,31.45,74.85,47
2025,31.45,74.95,15
2025,31.45,75.05,31
2025,31.45,75.15,26
2025,31.45,75.25,6
2025,31.45,75.35,18
2025,31.45,75.45,6
2025,31.45,75.55,4
2025,31.45,75.75,6
2025,31.45,75.85,2
2025,31.55,74.55,5
2025,31.55,74.65,14
2025,31.55,74.75,21
2025,31.55,74.85,22
2025,31.55,74.95,10
2025,31.55,75.05,15
2025,31.55,75.15,15
2025,31.55,75.25,14
2025,31.55,75.35,8
2025,31.55,75.45,18
2025,31.55,75.55,19
2025,31.55,75.65,1
2025,31.55,75.75,1
2025,31.65,74.55,13
2025,31.65,74.65,9
2025,31.65,74.75,3
2025,31.65,74.85,6
2025,31.65,74.95,7
2025,31.65,75.05,29
2025,31.65,75.15,12
2025,31.65,75.25,17
2025,31.65,75.35,7
2025,31.65,75.45,1
2025,31.65,75.55,14
2025,31.65,75.65,5
2025,31.75,74.55,13
2025,31.75,74.65,15
2025,31.75,74.75,11
2025,31.75,74.85,4
2025,31.75,74.95,18
2025,31.75,75.05,10
2025,31.75,75.15,10
2025,31.75,75.25,5
2025,31.75,75.35,3
2025,31.75,75.45,9
2025,31.75,75.55,1
2025,31.75,75.65,1
2025,31.85,74.55,9
2025,31.85,74.65,9
2025,31.85,74.75,15
2025,31.85,74.85,15
2025,31.85,74.95,10
2025,31.85,75.05,3
2025,31.85,75.15,5
2025,31.85,75.25,4
2025,31.85,75.35,5
2025,31.85,75.45,5
2025,31.85,75.55,4
2025,31.95,74.65,4
2025,31.95,74.75,16
2025,31.95,74.85,20
2025,31.95,74.95,10
2025,31.95,75.05,8
2025,31.95,75.15,5
2025,31.95,75.25,4
2025,31.95,75.35,4
2025,31.95,75.45,9
2025,31.95,75.55,2
2025,31.95,75.65,2
2025,32.05,75.05,1
2025,32.05,75.15,6
2025,32.05,75.25,2
2025,32.05,75.35,4
2025,32.05,75.45,1
2025,32.15,75.25,1
2025,32.15,75.35,3
2025,32.15,75.45,1
2025,32.25,75.35,9
2025,32.35,75.35,2
