date,wind_kmh,wind_u,wind_v,nw_wind_share,mixing_height_m,night_mixing_m,temp_c,rh_pct,rain_mm,temp_range_c
2015-01-01,6.616666666666667,-3.900000789520251,-1.7412915402369753,0.0,471.0,75.45454545454545,16.304166666666667,67.95833333333333,0.0,9.3
2015-01-02,6.9750000000000005,-6.043404747038289,-1.9177260876175286,0.0,547.0,91.81818181818181,15.237499999999999,83.25,4.2,3.0
2015-01-03,5.1000000000000005,3.1156706809452146,-2.7897629656811893,0.75,436.0,69.54545454545455,15.579166666666666,83.95833333333333,0.1,3.8999999999999986
2015-01-04,10.183333333333334,6.855898049650098,-7.358034209644164,1.0,1090.0,107.72727272727273,14.4,78.375,0.0,8.200000000000001
2015-01-05,18.67083333333333,15.83464944827241,-9.7922234180796,1.0,797.0,300.0,14.25,73.83333333333333,0.0,11.1
2015-01-06,12.737499999999999,9.486521500894384,-6.203947581765559,0.8333333333333334,1315.0,194.54545454545453,15.079166666666666,75.16666666666667,0.0,10.100000000000001
2015-01-07,6.845833333333334,1.7788973143957332,-5.467749648372038,0.75,1184.0,29.09090909090909,13.762500000000001,78.75,0.0,8.100000000000001
2015-01-08,6.8625,3.9822987802119276,-5.087218004091249,1.0,991.0,30.90909090909091,13.029166666666667,80.41666666666667,0.0,12.700000000000001
2015-01-09,6.395833333333333,2.294297474876154,-5.01423233993405,0.7916666666666666,767.0,34.09090909090909,12.404166666666667,82.66666666666667,0.0,12.399999999999999
2015-01-10,9.441666666666666,7.836655633659997,-4.835504116489947,1.0,596.0,55.45454545454545,11.891666666666666,81.5,0.0,10.700000000000001
2015-01-11,8.4125,2.817052821233329,-5.145103351815348,0.7083333333333334,650.0,60.45454545454545,11.716666666666667,84.25,0.0,11.200000000000001
2015-01-12,4.6875,-3.8363757515663655,-0.3950895261702816,0.041666666666666664,515.0,29.09090909090909,11.270833333333334,86.625,0.0,11.7
2015-01-13,8.270833333333334,-6.239207612399114,5.18872900140708,0.0,493.0,55.45454545454545,11.216666666666667,87.45833333333333,0.0,11.000000000000002
2015-01-14,12.0625,-9.677769041278628,5.554760726698596,0.0,785.0,145.9090909090909,12.866666666666667,84.95833333333333,4.1,6.700000000000001
2015-01-15,5.616666666666667,2.3759460132386865,-3.9775888892894002,0.875,749.0,44.54545454545455,11.958333333333334,83.875,0.0,10.600000000000001
2015-01-16,7.204166666666667,5.003899081924395,-4.838115333442791,1.0,969.0,74.54545454545455,13.304166666666667,77.58333333333333,0.0,11.8
2015-01-17,7.854166666666667,5.851729313864585,-4.910020185262936,1.0,831.0,48.63636363636363,13.791666666666666,79.04166666666667,0.0,12.200000000000001
2015-01-18,6.945833333333333,4.419199627589474,-4.7300725829849855,0.875,866.0,35.0,13.691666666666668,75.625,0.0,12.7
2015-01-19,5.558333333333334,1.4196323648261941,-3.7015924246164444,0.7083333333333334,856.0,18.636363636363637,13.0625,74.95833333333333,0.0,13.5
2015-01-20,8.491666666666667,-6.840831912431216,3.972248493673808,0.0,874.0,72.72727272727273,12.65,79.41666666666667,0.0,12.899999999999999
2015-01-21,11.658333333333333,-10.9321529895173,2.8090715335647993,0.0,592.0,182.27272727272728,12.554166666666667,80.91666666666667,3.8,6.4
2015-01-22,9.879166666666666,-9.388259417604655,1.8431030741471661,0.0,431.0,154.0909090909091,12.820833333333333,86.79166666666667,17.0,4.4
2015-01-23,5.945833333333333,0.462556662022259,-3.599102766752337,0.5416666666666666,601.0,167.72727272727272,14.079166666666666,82.625,0.0,6.799999999999999
2015-01-24,8.245833333333334,7.212996847442006,-3.604786285831168,1.0,822.0,86.81818181818181,14.362499999999999,79.95833333333333,0.0,6.499999999999998
2015-01-25,6.7749999999999995,4.924434013983183,-3.8652456571505085,0.9583333333333334,1116.0,68.18181818181819,13.65,75.16666666666667,0.0,8.3
2015-01-26,6.4375,1.2523947021288353,-5.971603957963796,0.6666666666666666,1008.0,72.72727272727273,13.308333333333332,74.29166666666667,0.0,10.000000000000002
2015-01-27,10.445833333333333,6.558170880268172,-7.574061496808537,1.0,1205.0,125.9090909090909,12.870833333333332,68.875,0.0,8.799999999999999
2015-01-28,11.583333333333334,9.44146447563415,-6.549393694730829,1.0,1089.0,145.0,11.370833333333332,73.83333333333333,0.0,10.299999999999999
2015-01-29,10.158333333333333,8.210339124766476,-5.7505147335741675,1.0,1088.0,79.0909090909091,10.941666666666668,67.95833333333333,0.0,13.0
2015-01-30,11.970833333333333,10.037078859018012,-6.203587349517869,1.0,1092.0,96.36363636363636,11.729166666666666,66.45833333333333,0.0,13.299999999999999
2015-01-31,11.8375,10.132351909644457,-5.310475162642953,0.9583333333333334,859.0,95.45454545454545,13.075000000000001,64.375,0.0,12.2
2015-02-01,8.158333333333333,-7.014949489782901,1.9924670368588935,0.0,701.0,52.27272727272727,13.833333333333334,73.91666666666667,0.0,13.7
2015-02-02,14.658333333333333,-13.603077418934703,5.312133101572312,0.0,897.0,229.54545454545453,15.7875,75.33333333333333,1.2,10.7
2015-02-03,11.791666666666666,-5.213720354881754,0.6374810327913865,0.3333333333333333,1028.0,281.3636363636364,16.9875,78.0,13.2,8.599999999999998
2015-02-04,10.741666666666667,8.656301933082792,-5.870970862120679,1.0,840.0,109.0909090909091,13.891666666666666,85.58333333333333,0.0,9.899999999999999
2015-02-05,11.058333333333332,9.255215228770943,-5.8113599524632775,1.0,915.0,133.1818181818182,14.112499999999999,75.91666666666667,0.0,11.3
2015-02-06,5.904166666666666,1.0862131923492069,-5.30379138272173,0.6666666666666666,760.0,27.272727272727273,13.5,72.29166666666667,0.0,13.6
2015-02-07,5.841666666666666,-3.5015146255037184,-3.9957592477419084,0.0,661.0,34.09090909090909,14.770833333333334,68.91666666666667,0.0,14.3
2015-02-08,6.5249999999999995,1.1187521474674123,-3.9333473628568334,0.5416666666666666,846.0,40.0,15.308333333333332,72.83333333333333,2.1,12.5
2015-02-09,9.670833333333333,5.708271109731666,-7.749270675860043,1.0,954.0,76.36363636363636,15.779166666666667,71.16666666666667,0.0,13.100000000000001
2015-02-10,10.283333333333333,7.3357381214033275,-7.0783965472853625,1.0,1103.0,70.0,15.129166666666668,66.79166666666667,0.0,12.600000000000001
2015-02-11,7.6625000000000005,4.89735898474428,-4.211581079975593,0.7916666666666666,1092.0,50.90909090909091,14.799999999999999,64.0,0.0,14.1
2015-02-12,8.466666666666667,5.50506183939775,-5.875422044138396,1.0,1197.0,51.81818181818182,15.216666666666667,68.95833333333333,0.0,13.500000000000002
2015-02-13,10.525,7.641687559261829,-3.739842503467987,0.8333333333333334,985.0,57.72727272727273,16.675,62.666666666666664,0.0,14.600000000000001
2015-02-14,6.304166666666667,-0.1672517090821289,-1.0113739812444238,0.20833333333333334,790.0,21.363636363636363,18.8125,62.958333333333336,0.0,15.1
2015-02-15,4.9375,-1.192353653915933,-2.8588314219475195,0.25,994.0,36.36363636363637,18.333333333333332,71.45833333333333,0.0,14.2
2015-02-16,14.045833333333334,-11.859579199075272,7.001576601716821,0.0,1067.0,159.54545454545453,19.795833333333334,70.375,0.0,12.299999999999999
2015-02-17,10.795833333333334,-10.142231108837038,1.894777678079116,0.0,1183.0,157.27272727272728,20.395833333333332,73.875,1.6,10.7
2015-02-18,7.145833333333333,-4.415720452439824,0.08390933236516739,0.0,1143.0,100.45454545454545,19.720833333333335,77.0,12.0,10.500000000000002
2015-02-19,11.883333333333333,-9.650253125111034,2.4508925844024563,0.0,838.0,189.0909090909091,20.054166666666667,77.875,1.6,12.299999999999999
2015-02-20,10.633333333333333,-8.860601895509507,1.6055736500804516,0.0,879.0,142.72727272727272,21.220833333333335,73.95833333333333,0.0,10.0
2015-02-21,11.316666666666668,6.650816500179548,-7.705141754266962,0.7916666666666666,1059.0,200.45454545454547,20.650000000000002,75.45833333333333,0.0,11.5
2015-02-22,15.858333333333334,13.176011357605505,-8.419355665694765,1.0,860.0,266.8181818181818,20.558333333333334,68.79166666666667,0.0,11.700000000000001
2015-02-23,6.679166666666667,2.0101154717394674,-5.9416349510606326,0.8333333333333334,716.0,38.18181818181818,20.1875,77.08333333333333,0.0,12.899999999999999
2015-02-24,7.825,-5.471331121852345,2.712413454052928,0.041666666666666664,569.0,59.54545454545455,20.95,78.83333333333333,0.1,12.899999999999999
2015-02-25,10.458333333333334,-8.97550485779112,1.8397825129095204,0.041666666666666664,941.0,121.81818181818181,21.441666666666666,79.25,5.2,10.399999999999999
2015-02-26,7.520833333333333,3.174113252135223,-5.11618387458296,0.75,1451.0,95.0,18.654166666666665,68.45833333333333,0.0,10.8
2015-02-27,9.049999999999999,0.522066767397825,-8.524062479027103,0.5,1236.0,102.72727272727273,16.995833333333334,67.5,0.0,11.500000000000002
2015-02-28,9.379166666666666,-3.679542580167236,-8.043676941294978,0.0,1103.0,103.63636363636364,18.2125,55.791666666666664,0.2,13.999999999999998
2015-03-01,20.816666666666666,-17.545871235079424,9.786985430497284,0.0,791.0,425.45454545454544,17.0625,83.20833333333333,22.9,3.1999999999999993
2015-03-02,15.6625,-10.868530036085224,10.271105054661833,0.0,588.0,441.3636363636364,16.325,92.79166666666667,22.8,5.1
2015-03-03,5.741666666666667,3.056254475285557,-4.60243618135539,1.0,1016.0,41.36363636363637,15.679166666666667,85.66666666666667,1.0,7.000000000000002
2015-03-04,9.645833333333334,7.0404502623112535,-6.036787459864914,1.0,1533.0,39.54545454545455,15.233333333333334,71.58333333333333,0.0,11.900000000000002
2015-03-05,5.6375,-0.30020828317480547,-2.5118737669168705,0.20833333333333334,921.0,35.45454545454545,16.504166666666666,70.08333333333333,0.0,14.7
2015-03-06,7.316666666666666,1.3982924325560726,-5.426162137011379,0.75,1403.0,72.72727272727273,18.162499999999998,70.0,0.0,12.299999999999999
2015-03-07,6.829166666666667,-1.5222614850420702,-1.3588291755754052,0.4166666666666667,1158.0,90.0,18.275000000000002,76.16666666666667,10.5,13.8
2015-03-08,10.558333333333334,-9.218949003766028,3.6824938378583254,0.0,1183.0,131.36363636363637,18.270833333333332,79.29166666666667,0.9,9.8
2015-03-09,11.783333333333333,4.2238897205339905,-10.6207669764688,0.8333333333333334,1107.0,200.9090909090909,16.5625,69.79166666666667,3.9,10.599999999999998
2015-03-10,10.629166666666666,7.748729041675431,-7.1467209540335235,1.0,991.0,124.54545454545455,16.125,69.5,0.0,13.500000000000002
2015-03-11,9.2125,6.356972816745295,-5.700733675964102,0.9166666666666666,770.0,70.45454545454545,17.370833333333334,69.79166666666667,0.0,14.1
2015-03-12,8.612499999999999,4.137048145250865,-7.188116859479114,1.0,672.0,40.90909090909091,18.491666666666667,67.375,0.0,16.4
2015-03-13,5.9125000000000005,-0.4377750457481797,-1.0654128684133626,0.5416666666666666,679.0,59.09090909090909,18.929166666666667,75.54166666666667,2.9,11.999999999999998
2015-03-14,8.241666666666667,-1.3398545290342618,6.292427487583361,0.0,999.0,89.54545454545455,20.0,78.70833333333333,4.1,11.8
2015-03-15,12.295833333333334,-8.268852404539317,7.240870181685559,0.0,632.0,186.8181818181818,18.154166666666665,87.95833333333333,20.6,6.5
2015-03-16,11.754166666666668,-8.291794861007686,5.061303835738811,0.0,850.0,206.8181818181818,18.162499999999998,86.625,6.7,7.5
2015-03-17,11.6875,8.164689622108115,-8.112096328837156,1.0,1321.0,145.45454545454547,19.333333333333332,75.875,0.0,10.900000000000002
2015-03-18,13.241666666666667,11.59444955977135,-6.192044272043986,1.0,1419.0,180.0,18.829166666666666,69.91666666666667,0.0,11.1
2015-03-19,8.112499999999999,5.381761594575821,-4.695245659002543,0.875,1267.0,41.36363636363637,19.224999999999998,68.70833333333333,0.0,14.100000000000001
2015-03-20,8.987499999999999,4.952451671571413,-6.315025358384481,0.9166666666666666,1022.0,37.27272727272727,20.258333333333333,66.70833333333333,0.0,15.4
2015-03-21,7.4375,3.4602203473448054,-6.114735556425532,0.9583333333333334,1165.0,50.45454545454545,21.95,69.04166666666667,0.0,14.399999999999999
2015-03-22,11.470833333333333,8.943645258250578,-6.553820629194493,1.0,1263.0,83.18181818181819,23.204166666666666,62.5,0.0,13.399999999999999
2015-03-23,10.583333333333334,6.988600267091681,-6.782774903193864,0.9583333333333334,1322.0,64.54545454545455,23.954166666666666,61.916666666666664,0.0,13.5
2015-03-24,7.0125,1.4152835577128917,-4.178392989525525,0.5416666666666666,1182.0,32.27272727272727,24.191666666666666,63.625,0.0,16.6
2015-03-25,6.4125000000000005,-4.84735306614288,-2.137201156007606,0.041666666666666664,1261.0,33.63636363636363,25.183333333333334,61.5,0.0,15.3
2015-03-26,5.329166666666667,0.3230116311767235,-2.20777701284633,0.4166666666666667,1247.0,33.63636363636363,26.745833333333334,57.458333333333336,0.0,13.400000000000002
2015-03-27,7.2625,2.480891188013378,-6.0465259342611395,0.75,1700.0,64.54545454545455,27.308333333333334,56.25,0.0,11.999999999999996
2015-03-28,6.1375,-0.15259599606854235,-2.825567570115337,0.3333333333333333,1327.0,40.90909090909091,25.52916666666667,52.291666666666664,0.0,17.700000000000003
2015-03-29,13.629166666666668,-11.064782900370489,6.123410245101799,0.0,1163.0,194.54545454545453,25.675,52.125,0.4,11.500000000000004
2015-03-30,17.55,-15.683081752192004,5.817707278225444,0.0,742.0,374.54545454545456,22.204166666666666,74.83333333333333,5.1,7.600000000000001
2015-03-31,8.112499999999999,-7.704666822993906,1.1802804712586952,0.0,1269.0,138.1818181818182,22.933333333333334,69.66666666666667,0.1,10.600000000000001
2015-04-01,6.9125000000000005,-3.95487704954809,-0.7013652164905665,0.041666666666666664,1519.0,85.9090909090909,24.27916666666667,65.54166666666667,0.6,12.900000000000002
2015-04-02,9.075000000000001,-6.288662717959646,4.249361262019412,0.0,1622.0,100.9090909090909,26.541666666666668,56.0,0.0,14.099999999999998
2015-04-03,9.170833333333333,-2.6486868853215624,4.551552608801503,0.041666666666666664,749.0,107.72727272727273,23.495833333333334,72.45833333333333,10.8,11.0
2015-04-04,5.433333333333334,-2.3512591214205987,1.394562879910983,0.16666666666666666,900.0,139.0909090909091,20.849999999999998,82.66666666666667,17.8,6.5
2015-04-05,5.129166666666666,-1.6048632261120037,-2.7323777936413003,0.3333333333333333,1579.0,42.27272727272727,22.3875,68.20833333333333,0.0,13.0
2015-04-06,6.920833333333333,2.32542278573432,-5.456840043591114,0.7916666666666666,2065.0,70.0,23.775000000000002,58.416666666666664,0.0,13.8
2015-04-07,6.016666666666667,-2.1487573156471376,-3.000385085922033,0.375,1386.0,84.54545454545455,22.28333333333333,66.625,5.5,10.8
2015-04-08,6.754166666666666,1.5007774419749502,-5.440790798767536,0.7083333333333334,2078.0,78.63636363636364,23.479166666666668,61.958333333333336,0.3,13.399999999999999
2015-04-09,10.9375,7.816430746468202,-6.7963937363214315,1.0,1629.0,112.72727272727273,23.95,56.875,0.0,14.0
2015-04-10,10.15,6.369838326376986,-6.020949986809743,0.8333333333333334,1882.0,82.27272727272727,25.420833333333334,51.5,0.0,15.3
2015-04-11,4.958333333333333,0.7170219030525304,-1.4223691159255416,0.2916666666666667,2447.0,36.81818181818182,26.099999999999998,49.166666666666664,0.1,15.900000000000002
2015-04-12,8.029166666666667,-2.271312121170058,2.3658651822249177,0.125,1150.0,56.36363636363637,24.420833333333334,56.416666666666664,0.0,9.0
2015-04-13,10.4625,-9.603880279770978,0.9114395233701765,0.0,1448.0,136.36363636363637,23.579166666666666,70.0,7.1,10.3
2015-04-14,9.295833333333333,-9.060572227613767,1.2067576368140789,0.0,1662.0,109.0909090909091,24.195833333333336,69.54166666666667,0.6000000000000001,10.599999999999998
2015-04-15,8.379166666666666,-7.87660189898288,2.389502595185299,0.0,1824.0,80.0,25.525000000000002,63.041666666666664,0.0,12.3
2015-04-16,7.625,-3.6967813584058216,-2.4407794170833155,0.20833333333333334,1674.0,90.45454545454545,26.054166666666664,61.875,0.0,10.899999999999999
2015-04-17,10.420833333333333,7.4563577746893515,-6.1399861016815045,1.0,2006.0,68.63636363636364,27.370833333333334,55.583333333333336,0.0,15.2
2015-04-18,8.758333333333333,5.977177743253596,-5.278635716998396,1.0,1972.0,83.63636363636364,29.625,45.583333333333336,0.0,16.1
2015-04-19,6.670833333333333,0.05542073734280365,0.863227271063353,0.25,1662.0,56.81818181818182,31.3125,38.791666666666664,0.0,18.2
2015-04-20,11.108333333333334,-9.429945550835972,4.678005985123666,0.0,2064.0,125.45454545454545,31.504166666666666,38.5,0.1,14.100000000000001
2015-04-21,9.8375,4.736005113833842,-5.132488116916327,0.8333333333333334,3331.0,75.45454545454545,30.96666666666667,35.833333333333336,0.0,16.200000000000003
2015-04-22,11.783333333333333,8.30656743669635,-5.670173564580004,0.8333333333333334,3082.0,81.81818181818181,30.258333333333336,26.625,0.0,16.1
2015-04-23,7.3999999999999995,0.7221565908459784,-2.578631430740917,0.25,4059.0,40.90909090909091,30.65833333333333,24.208333333333332,0.0,17.1
2015-04-24,7.233333333333333,-3.0574343505979855,-1.9678479752704436,0.25,4124.0,44.09090909090909,31.3625,26.708333333333332,0.0,16.9
2015-04-25,16.425,-14.452264521452419,5.867367122897896,0.0,1340.0,297.72727272727275,29.829166666666666,35.541666666666664,0.3,13.5
2015-04-26,17.770833333333332,-16.5923640051984,5.447858361686198,0.0,1600.0,513.1818181818181,28.55,48.833333333333336,0.0,11.2
2015-04-27,14.520833333333334,-12.114846160209398,5.622825202299489,0.041666666666666664,1767.0,310.45454545454544,29.629166666666666,50.041666666666664,0.8999999999999999,12.7
2015-04-28,11.183333333333332,-8.52661860438966,1.1552933248740003,0.08333333333333333,2659.0,225.0,29.84583333333333,49.791666666666664,3.9000000000000004,13.100000000000001
2015-04-29,8.862499999999999,-5.24791054008898,0.9247816479363161,0.20833333333333334,2582.0,172.27272727272728,29.8875,46.041666666666664,0.0,13.400000000000002
2015-04-30,14.208333333333334,-10.772457092149407,5.299649231641573,0.0,2512.0,209.54545454545453,30.620833333333334,45.625,1.1,15.3
2015-05-01,11.079166666666666,-5.567254412214814,-6.030985357459566,0.25,2382.0,332.72727272727275,30.358333333333334,39.958333333333336,0.0,12.399999999999999
2015-05-02,9.104166666666666,3.0507748148462674,-7.073793335342014,0.75,3074.0,55.45454545454545,30.224999999999998,28.625,0.0,15.299999999999997
2015-05-03,6.883333333333333,0.5850358914308605,-4.215808411537095,0.5,3514.0,54.09090909090909,30.245833333333334,24.666666666666668,0.0,17.0
2015-05-04,7.1000000000000005,3.4166824088582413,-2.0835026686841007,0.4583333333333333,3138.0,39.54545454545455,30.566666666666666,28.041666666666668,0.0,18.0
2015-05-05,8.825000000000001,4.942687045052852,-5.273420946367002,0.6666666666666666,2804.0,35.0,31.633333333333336,27.625,0.0,19.1
2015-05-06,8.783333333333333,4.277867125461605,-1.6761076561524095,0.3333333333333333,3684.0,38.63636363636363,32.65,26.708333333333332,0.0,20.1
2015-05-07,11.641666666666666,7.9501846666618725,-3.1236602268059515,0.75,3591.0,104.54545454545455,33.65416666666667,24.625,0.0,18.6
2015-05-08,11.4625,10.377658792064938,-4.25148095944129,0.9583333333333334,3192.0,114.54545454545455,34.7125,17.791666666666668,0.0,15.400000000000002
2015-05-09,6.516666666666667,1.656375690040207,-0.14202130137656013,0.4166666666666667,3516.0,93.18181818181819,34.09583333333333,22.791666666666668,0.0,13.999999999999996
2015-05-10,9.1,5.41803134371413,1.9074635941714788,0.4166666666666667,3670.0,116.36363636363636,33.53333333333333,25.333333333333332,0.0,16.6
2015-05-11,6.166666666666667,0.7631603721546041,-1.6911669631122965,0.4166666666666667,2540.0,75.9090909090909,32.92916666666667,34.0,0.8,14.200000000000003
2015-05-12,8.104166666666666,0.5489021696331763,-3.711547048173731,0.2916666666666667,1850.0,205.45454545454547,31.21666666666667,47.625,1.3,10.499999999999996
2015-05-13,6.666666666666667,-1.5976112038279473,-1.9091722023304332,0.125,1652.0,149.0909090909091,30.070833333333336,60.0,5.8,9.600000000000001
2015-05-14,6.125,3.511941580637965,-3.1781589380794752,0.75,2222.0,58.18181818181818,29.59583333333333,57.75,1.3,11.499999999999996
2015-05-15,8.341666666666667,4.1481374731540015,-6.25233005140828,0.875,1770.0,56.81818181818182,29.816666666666666,50.375,3.5,12.200000000000003
2015-05-16,4.733333333333333,-1.8657771090029824,-1.8833703261255,0.375,1824.0,51.81818181818182,30.120833333333334,54.75,0.0,12.599999999999998
2015-05-17,6.9624999999999995,-4.562204723760124,3.2709663586937654,0.0,1940.0,104.54545454545455,31.583333333333332,46.791666666666664,0.0,13.2
2015-05-18,7.5249999999999995,-3.5768880785219683,1.5606256008437402,0.08333333333333333,1944.0,120.0,34.5875,38.833333333333336,0.30000000000000004,13.600000000000001
2015-05-19,9.5625,3.408528692008874,-5.290048051124609,0.5833333333333334,1551.0,52.72727272727273,34.083333333333336,30.875,1.4000000000000001,14.7
2015-05-20,11.495833333333332,9.448527041095256,-5.719033094733213,0.9583333333333334,2545.0,95.0,33.49166666666667,31.291666666666668,0.0,13.999999999999996
2015-05-21,11.137500000000001,8.179905721218693,-5.029490164401156,0.7083333333333334,3236.0,57.72727272727273,33.604166666666664,26.75,0.0,17.1
2015-05-22,11.916666666666666,8.016645183141483,-5.445177779545811,0.6666666666666666,3155.0,78.63636363636364,34.425000000000004,23.083333333333332,0.0,16.400000000000002
2015-05-23,11.225,10.557080084161734,1.1289259236126519,0.5,3699.0,55.45454545454545,34.59166666666667,22.166666666666668,0.0,17.700000000000003
2015-05-24,8.154166666666667,5.061530837648289,2.0768196837982322,0.4166666666666667,3051.0,91.36363636363636,35.05833333333333,22.708333333333332,0.0,15.699999999999996
2015-05-25,10.683333333333332,9.413210976958966,3.870018193065402,0.0,4267.0,75.0,35.291666666666664,20.666666666666668,0.0,17.900000000000002
2015-05-26,10.279166666666667,9.304615005875766,-0.967964499348701,0.4583333333333333,4318.0,139.0909090909091,35.420833333333334,18.166666666666668,0.0,16.3
2015-05-27,10.991666666666667,6.673567931479152,-8.524526190374866,1.0,2358.0,76.81818181818181,33.92916666666667,17.291666666666668,0.0,15.699999999999996
2015-05-28,7.6875,5.335991911037371,-5.14034321686468,1.0,2345.0,41.36363636363637,34.025,20.416666666666668,0.0,16.1
2015-05-29,10.116666666666667,6.149316900890002,-7.287728365364796,1.0,3185.0,107.72727272727273,35.050000000000004,26.25,0.0,14.700000000000003
2015-05-30,9.816666666666666,7.874624053507973,-5.382344396594412,1.0,2928.0,67.27272727272727,35.016666666666666,26.625,0.0,13.8
2015-05-31,10.637500000000001,5.600831024020451,-5.741858346734337,0.7916666666666666,3921.0,111.36363636363636,34.833333333333336,25.0,0.1,14.600000000000001
2015-06-01,6.833333333333333,-2.519433721885974,2.6091459851905774,0.125,2930.0,65.45454545454545,33.24166666666667,30.041666666666668,0.2,13.899999999999999
2015-06-02,6.45,-4.576412525725454,0.6316574791611563,0.0,3111.0,77.27272727272727,32.1,35.416666666666664,0.30000000000000004,10.599999999999998
2015-06-03,11.1875,-1.2926879308427124,-7.098700031237037,0.4166666666666667,1614.0,143.63636363636363,31.2,42.125,0.5,12.5
2015-06-04,9.15,4.4160263165944516,-7.00442862475735,0.75,2131.0,237.72727272727272,30.758333333333336,48.375,0.0,13.100000000000001
2015-06-05,8.733333333333333,5.604852920018325,-6.385688845113486,1.0,2592.0,144.0909090909091,32.80833333333333,40.208333333333336,0.1,10.7
2015-06-06,10.783333333333333,8.22247511282191,-6.342124140617397,1.0,2744.0,90.9090909090909,33.083333333333336,35.375,0.0,12.399999999999999
2015-06-07,8.799999999999999,6.418965026043371,-4.665920131695318,0.9583333333333334,2973.0,41.36363636363637,34.300000000000004,30.916666666666668,0.0,14.2
2015-06-08,8.958333333333334,4.2669308708504365,-6.037866073413583,0.7083333333333334,3139.0,35.45454545454545,35.4625,27.541666666666668,0.0,15.5
2015-06-09,18.083333333333332,16.53670441594218,-4.899886504091417,0.9583333333333334,3052.0,392.27272727272725,36.295833333333334,25.0,0.0,13.100000000000001
2015-06-10,18.941666666666666,17.522333506349174,-6.2115845064263615,0.9166666666666666,2728.0,521.8181818181819,36.28333333333333,33.458333333333336,0.5,10.599999999999998
2015-06-11,15.0,14.363217237535196,-3.281198862997137,0.875,2487.0,333.6363636363636,35.82083333333333,33.833333333333336,0.1,9.400000000000002
2015-06-12,13.262500000000001,12.380793706789783,-3.0248252263487916,0.8333333333333334,2674.0,214.0909090909091,35.37916666666667,36.791666666666664,0.0,10.700000000000003
2015-06-13,9.674999999999999,1.2746941477463027,1.3785625393153191,0.16666666666666666,1305.0,131.36363636363637,34.07083333333333,38.083333333333336,2.4000000000000004,9.900000000000002
2015-06-14,6.2375,-2.8382025173727423,0.5922258061126086,0.125,1102.0,182.27272727272728,28.991666666666664,69.04166666666667,3.7,7.299999999999997
2015-06-15,6.054166666666667,-0.3519894130212398,2.9903490981999283,0.25,1317.0,119.54545454545455,29.420833333333334,69.16666666666667,5.6000000000000005,10.099999999999998
2015-06-16,5.495833333333334,3.3539607478062585,-1.2341454136290417,0.5,1795.0,66.81818181818181,31.854166666666668,59.875,0.0,9.399999999999999
2015-06-17,5.129166666666666,0.6380357058237701,-1.746866414628873,0.5416666666666666,1868.0,80.0,32.666666666666664,57.916666666666664,0.4,9.8
2015-06-18,5.233333333333333,-0.5394986934881438,2.2433244061967614,0.3333333333333333,2193.0,60.90909090909091,34.0875,46.291666666666664,0.0,10.5
2015-06-19,8.333333333333334,-5.785944760822628,4.902375870886273,0.0,2118.0,167.72727272727272,34.454166666666666,47.708333333333336,0.1,9.800000000000004
2015-06-20,16.95,-16.36680350226155,2.134338052155153,0.0,1306.0,451.3636363636364,32.74166666666667,57.791666666666664,1.1,8.400000000000002
2015-06-21,11.745833333333332,-11.478397652163517,-1.804414362957927,0.0,1456.0,374.54545454545456,32.09166666666667,61.958333333333336,1.7,7.5
2015-06-22,10.487499999999999,-9.811842700409109,-1.987174974907717,0.0,1486.0,205.45454545454547,31.933333333333334,61.625,0.6000000000000001,10.2
2015-06-23,8.275,-4.775810519999969,-0.30268993532417315,0.08333333333333333,1611.0,171.8181818181818,33.0875,56.166666666666664,0.0,9.600000000000001
2015-06-24,7.379166666666666,-6.155208114029936,0.6054277111991149,0.0,1077.0,171.36363636363637,31.120833333333334,69.79166666666667,16.8,9.799999999999997
2015-06-25,7.9375,-1.316680830213402,-3.7313618212457427,0.3333333333333333,443.0,183.1818181818182,26.099999999999998,91.54166666666667,32.6,2.0
2015-06-26,10.629166666666666,9.811689845580847,-0.896471186685284,0.4583333333333333,1396.0,155.45454545454547,29.791666666666668,70.04166666666667,0.0,10.100000000000001
2015-06-27,13.254166666666668,12.030878804655975,-3.994067965845756,0.7083333333333334,1614.0,261.3636363636364,31.495833333333334,66.16666666666667,0.0,8.299999999999997
2015-06-28,8.891666666666667,6.1981556833978955,-1.0718098900371655,0.4583333333333333,1702.0,80.45454545454545,32.333333333333336,64.16666666666667,0.4,9.100000000000001
2015-06-29,14.954166666666666,-12.355840926496237,7.9909762497392505,0.0,1103.0,513.6363636363636,30.441666666666666,67.375,0.0,6.799999999999997
2015-06-30,7.979166666666667,-5.4394406689234165,2.4003486573450323,0.0,1112.0,302.27272727272725,28.791666666666668,68.08333333333333,0.4,7.099999999999998
2015-07-01,5.25,0.9591222270163159,1.978055230876044,0.25,1345.0,123.63636363636364,30.03333333333333,70.04166666666667,0.7999999999999999,9.199999999999996
2015-07-02,6.983333333333333,5.946747200339832,-0.47015859259201626,0.5833333333333334,1575.0,158.1818181818182,30.795833333333334,67.5,0.6,9.3
2015-07-03,12.512500000000001,12.259581087057787,-1.4653503246946737,0.75,1580.0,337.27272727272725,32.03333333333333,63.791666666666664,0.3,9.100000000000001
2015-07-04,13.579166666666666,13.364279667054289,-1.81916252441162,0.9166666666666666,1587.0,336.3636363636364,31.7375,63.625,0.6000000000000001,8.699999999999996
2015-07-05,12.345833333333333,10.014404081984244,2.5852669576780962,0.25,1484.0,100.45454545454545,31.458333333333332,67.58333333333333,12.3,9.799999999999997
2015-07-06,8.179166666666667,-4.222671053188255,3.7215244064685202,0.041666666666666664,655.0,194.54545454545453,29.666666666666668,76.70833333333333,6.3,6.700000000000003
2015-07-07,7.375,-3.485742951917128,0.12296677180869094,0.16666666666666666,768.0,270.90909090909093,27.608333333333334,84.20833333333333,14.6,6.600000000000001
2015-07-08,6.045833333333333,-3.350865564857463,4.138051073792292,0.0,886.0,200.0,28.212500000000002,84.04166666666667,16.5,6.5
2015-07-09,4.704166666666667,2.013562845085868,2.30754093997767,0.16666666666666666,761.0,161.36363636363637,27.820833333333336,86.58333333333333,18.7,6.100000000000001
2015-07-10,7.241666666666667,-5.105617566876074,0.7604188705607952,0.125,398.0,200.0,26.458333333333332,92.875,61.6,2.599999999999998
2015-07-11,12.529166666666667,-7.281620624774284,-9.765356592962535,0.0,537.0,303.6363636363636,24.84583333333333,90.75,44.1,4.100000000000001
2015-07-12,10.950000000000001,-4.241994194443972,-0.5978297003899248,0.0,481.0,556.3636363636364,25.400000000000002,88.875,6.3999999999999995,2.799999999999997
2015-07-13,7.033333333333334,4.304708445287939,2.9418379309227984,0.16666666666666666,822.0,87.27272727272727,27.90416666666667,79.83333333333333,1.6,8.0
2015-07-14,13.4125,12.83164420114038,-2.328361206282682,0.6666666666666666,1102.0,273.6363636363636,29.425,77.20833333333333,0.8,6.699999999999999
2015-07-15,15.424999999999999,15.230949704332192,-0.906505163518282,0.7083333333333334,1345.0,315.45454545454544,30.837500000000002,69.66666666666667,0.0,7.399999999999999
2015-07-16,11.741666666666667,4.822087834775062,2.3502049509837355,0.2916666666666667,1140.0,360.90909090909093,30.3125,69.29166666666667,2.3000000000000003,7.799999999999997
2015-07-17,8.029166666666667,-6.648065087752482,3.2865486560740016,0.0,710.0,199.54545454545453,28.054166666666664,86.25,35.2,5.100000000000001
2015-07-18,5.733333333333333,-4.727412491217298,1.8745737412329637,0.0,891.0,108.18181818181819,28.929166666666664,83.29166666666667,5.3,6.300000000000004
2015-07-19,6.0125,-5.4979569661573855,-0.5169658927047289,0.0,635.0,129.54545454545453,28.645833333333332,84.20833333333333,12.5,5.9999999999999964
2015-07-20,7.5375000000000005,-5.446710078393141,-0.5908157397534346,0.08333333333333333,644.0,171.36363636363637,27.491666666666664,87.66666666666667,17.4,5.300000000000001
2015-07-21,9.683333333333334,-9.122306731136378,2.3379457730936455,0.0,918.0,200.0,28.758333333333336,81.20833333333333,3.4,6.100000000000001
2015-07-22,10.075000000000001,-9.670676109313971,1.9859720022640968,0.0,905.0,316.8181818181818,28.9875,82.04166666666667,1.8,5.0
2015-07-23,12.529166666666667,-12.169985530474086,2.598373067956575,0.0,1005.0,336.8181818181818,29.40833333333333,75.91666666666667,0.30000000000000004,4.900000000000002
2015-07-24,9.766666666666667,-7.9548999445977815,5.029886441287485,0.0,850.0,258.6363636363636,28.791666666666668,79.875,5.6000000000000005,4.699999999999999
2015-07-25,12.145833333333334,-11.70229990624486,2.4936792638389074,0.0,1024.0,397.72727272727275,28.65416666666667,80.83333333333333,3.1999999999999997,6.0
2015-07-26,24.291666666666668,-21.633929379941666,9.150223180743803,0.0,1171.0,830.4545454545455,28.145833333333332,77.33333333333333,1.6,4.600000000000001
2015-07-27,15.612499999999999,-8.970462828086644,12.211629106202432,0.0,1255.0,568.1818181818181,27.558333333333334,75.33333333333333,0.0,6.399999999999999
2015-07-28,13.341666666666667,-4.776943137986825,12.132578806701787,0.0,1103.0,468.1818181818182,27.675,74.95833333333333,0.2,6.400000000000002
2015-07-29,17.020833333333332,-9.61129666567824,13.909718612023775,0.0,1043.0,626.8181818181819,27.349999999999998,73.875,0.0,4.700000000000003
2015-07-30,13.683333333333332,0.8717480709139617,12.27486843985153,0.0,968.0,507.27272727272725,27.558333333333334,79.125,2.1,5.0
2015-07-31,11.366666666666667,6.481637423380902,8.731490257404191,0.0,900.0,372.27272727272725,27.770833333333332,76.375,0.5,4.699999999999999
2015-08-01,6.658333333333334,1.783079007026427,5.573987151269933,0.0,692.0,205.9090909090909,26.825,84.16666666666667,5.5,4.0
2015-08-02,3.341666666666667,-0.21038283016622197,1.3487894851858524,0.125,866.0,70.0,27.6375,82.79166666666667,2.3,5.699999999999999
2015-08-03,6.308333333333334,5.231040996334989,-2.377616628623738,0.7916666666666666,1098.0,92.72727272727273,28.741666666666664,81.41666666666667,0.7000000000000001,7.300000000000001
2015-08-04,5.645833333333333,2.125071761872253,-2.3369970186571547,0.7083333333333334,1152.0,152.27272727272728,29.116666666666664,79.5,1.3,7.300000000000001
2015-08-05,4.879166666666666,-3.1374546463780537,0.2484252140447533,0.041666666666666664,937.0,123.18181818181819,28.504166666666666,86.5,7.2,6.599999999999998
2015-08-06,3.3833333333333333,-0.6172480337403613,1.7732730780462493,0.20833333333333334,573.0,100.0,28.016666666666666,87.41666666666667,10.799999999999999,5.899999999999999
2015-08-07,6.291666666666667,0.11656566725728057,2.0464182519654956,0.16666666666666666,588.0,135.45454545454547,27.650000000000002,88.75,8.4,6.300000000000004
2015-08-08,6.304166666666667,-5.537320580190998,0.5381521850664619,0.0,384.0,140.45454545454547,25.6875,94.125,29.1,2.8000000000000007
2015-08-09,6.445833333333333,0.9851237977235469,-0.42341801182479794,0.4166666666666667,456.0,135.0,25.933333333333334,93.41666666666667,53.0,4.0
2015-08-10,4.375,3.195658611460166,-2.278896134892723,0.875,619.0,50.45454545454545,27.491666666666664,88.125,6.8,5.699999999999999
2015-08-11,8.391666666666667,-6.132672200349174,1.065588405159706,0.125,580.0,178.1818181818182,27.204166666666666,91.375,11.1,3.799999999999997
2015-08-12,7.866666666666667,-6.117019452339428,3.9950862528550495,0.0,795.0,268.1818181818182,28.3,83.08333333333333,0.5,5.899999999999999
2015-08-13,5.216666666666667,-4.119244090937926,2.139650069019853,0.0,1038.0,45.0,29.104166666666668,82.58333333333333,0.5,6.900000000000002
2015-08-14,5.6499999999999995,-3.3799601911540833,2.4855784281763302,0.08333333333333333,694.0,106.36363636363636,28.675,85.04166666666667,6.4,6.0
2015-08-15,5.204166666666667,-1.3518657310203068,0.10968952684258888,0.20833333333333334,480.0,77.27272727272727,27.900000000000002,88.25,11.1,4.099999999999998
2015-08-16,3.533333333333333,-1.0624381487022563,0.8629531469931302,0.041666666666666664,564.0,90.0,27.291666666666668,88.5,6.499999999999999,4.5
2015-08-17,4.579166666666667,3.896046169592718,-0.5080818481414401,0.7083333333333334,992.0,70.9090909090909,28.691666666666666,83.33333333333333,0.30000000000000004,7.600000000000001
2015-08-18,7.508333333333333,5.548250576034345,-0.601062525407526,0.5833333333333334,973.0,80.45454545454545,28.875,84.375,3.2,7.600000000000001
2015-08-19,12.420833333333334,12.054564678905379,-1.2275074581487575,0.625,1198.0,237.27272727272728,28.9875,78.45833333333333,1.8,7.199999999999999
2015-08-20,13.629166666666668,13.473799433183574,1.0413684687030613,0.2916666666666667,1161.0,372.72727272727275,29.15833333333333,71.0,0.0,5.300000000000001
2015-08-21,9.691666666666666,9.03412704618969,0.744053069582172,0.375,1018.0,210.9090909090909,28.537499999999998,72.83333333333333,0.3,6.100000000000001
2015-08-22,8.125,7.347483273855541,-1.2324489366719806,0.7916666666666666,1070.0,165.0,27.90416666666667,76.04166666666667,2.6,6.100000000000001
2015-08-23,5.083333333333333,3.224572860663514,-0.31250239683775466,0.5,999.0,45.90909090909091,28.2,81.54166666666667,5.1,8.0
2015-08-24,9.775,8.96129593145699,-2.5266325992689396,0.7916666666666666,1274.0,178.1818181818182,28.6375,75.95833333333333,0.4,7.5
2015-08-25,12.775,11.915563852044405,-3.4838801715117533,0.8333333333333334,1268.0,196.36363636363637,29.52916666666667,70.875,0.0,7.300000000000004
2015-08-26,10.525,8.704721165871566,-2.933677487617112,0.7083333333333334,1171.0,134.0909090909091,30.02916666666667,72.20833333333333,0.0,7.299999999999997
2015-08-27,4.795833333333333,1.8262205365466775,-0.987745024967948,0.625,1136.0,44.09090909090909,29.575,79.29166666666667,1.6,6.9999999999999964
2015-08-28,5.7,-2.509050425810706,-1.0924627475421216,0.3333333333333333,989.0,90.0,29.2375,81.95833333333333,0.7000000000000001,8.299999999999997
2015-08-29,6.833333333333333,5.211156922900853,-4.345309987340294,1.0,1279.0,41.81818181818182,30.054166666666664,78.04166666666667,0.0,7.399999999999999
2015-08-30,8.466666666666667,6.872140683944539,-2.9191446394096547,0.625,1339.0,37.72727272727273,30.054166666666664,75.04166666666667,0.2,8.199999999999996
2015-08-31,10.825000000000001,9.06309701891458,-3.6205485458788225,0.7083333333333334,1532.0,45.0,30.041666666666668,68.29166666666667,0.0,7.899999999999999
2015-09-01,11.679166666666667,10.874452518517046,-3.1120396870444402,0.7916666666666666,1793.0,77.27272727272727,29.441666666666666,63.416666666666664,0.0,8.899999999999999
2015-09-02,11.629166666666668,10.728091513707804,-1.1589601890151162,0.5416666666666666,1574.0,108.18181818181819,29.008333333333336,58.708333333333336,0.0,8.299999999999997
2015-09-03,10.308333333333334,8.440922559539294,-3.5421516464998057,0.7916666666666666,1270.0,115.9090909090909,29.045833333333334,56.958333333333336,0.0,9.2
2015-09-04,7.204166666666667,5.071977150074276,-2.817362033496998,0.6666666666666666,1749.0,19.09090909090909,29.675,60.958333333333336,0.0,10.799999999999997
2015-09-05,10.966666666666667,9.520573540076501,-4.073613112275812,0.7916666666666666,1994.0,43.18181818181818,28.766666666666666,59.541666666666664,0.0,11.599999999999998
2015-09-06,9.908333333333333,9.170860976296632,-2.7074146060412914,0.7916666666666666,2091.0,41.81818181818182,28.691666666666666,57.541666666666664,0.0,11.499999999999996
2015-09-07,10.729166666666666,9.098944494329638,-4.331270677028486,0.9166666666666666,2013.0,61.36363636363637,29.041666666666668,55.208333333333336,0.0,10.500000000000004
2015-09-08,10.879166666666668,9.541812639096149,-4.253910137571287,0.875,1829.0,49.09090909090909,29.166666666666668,57.791666666666664,0.0,12.100000000000001
2015-09-09,11.262500000000001,8.238302423530003,-7.081335259482992,1.0,1818.0,78.18181818181819,29.416666666666668,56.375,0.0,11.599999999999998
2015-09-10,9.016666666666667,5.10647107865717,-5.746286600135545,0.6666666666666666,1920.0,40.0,29.0625,59.458333333333336,0.0,13.799999999999997
2015-09-11,7.554166666666666,1.8669125291508577,-6.2133859503997115,0.8333333333333334,1667.0,29.545454545454547,28.920833333333334,61.208333333333336,0.0,13.5
2015-09-12,6.845833333333334,-5.565358930463469,-0.14692614068064658,0.0,1397.0,73.18181818181819,28.916666666666668,69.04166666666667,0.3,12.299999999999997
2015-09-13,5.704166666666667,-3.6305840106233127,-0.1951563753134992,0.16666666666666666,1582.0,89.54545454545455,29.895833333333332,68.75,0.0,10.299999999999997
2015-09-14,6.254166666666666,-1.0493056784140256,-2.3450218915650924,0.2916666666666667,1923.0,32.27272727272727,30.46666666666667,61.958333333333336,0.0,12.199999999999996
2015-09-15,6.579166666666667,-5.3998005910716,0.25354570081679983,0.0,1599.0,82.27272727272727,30.179166666666664,62.708333333333336,0.0,11.0
2015-09-16,7.5,-6.362489035715849,0.7682303636746565,0.0,1459.0,155.0,30.1875,66.125,0.0,9.3
2015-09-17,6.8374999999999995,-6.373762367724897,-0.20900995366937006,0.0,1506.0,118.18181818181819,29.650000000000002,71.66666666666667,0.4,9.7
2015-09-18,10.1,-9.632074293311213,-0.8063964530592428,0.0,1253.0,175.0,29.233333333333334,72.29166666666667,1.6,6.699999999999999
2015-09-19,7.2250000000000005,-6.604799827422071,-1.6744735113775269,0.0,778.0,138.1818181818182,27.974999999999998,84.45833333333333,24.3,7.899999999999999
2015-09-20,7.166666666666667,-6.030094168081452,0.7661363933525815,0.0,985.0,145.0,28.770833333333332,83.20833333333333,5.0,7.600000000000001
2015-09-21,6.845833333333334,-5.682317187296591,3.354117013512086,0.0,883.0,180.0,28.066666666666666,84.54166666666667,9.5,6.699999999999999
2015-09-22,11.895833333333334,-7.379801656752218,8.90501490117824,0.0,1203.0,202.27272727272728,28.46666666666667,78.79166666666667,2.0,6.900000000000002
2015-09-23,12.170833333333334,9.7354847589312,-6.2133835290873,0.9583333333333334,1442.0,277.72727272727275,27.016666666666666,74.875,0.3,6.5
2015-09-24,13.995833333333332,13.330755381376909,-3.9735502872876514,1.0,1503.0,206.8181818181818,26.858333333333334,66.79166666666667,0.0,7.300000000000001
2015-09-25,11.174999999999999,10.169610625748332,-3.281663804490099,0.8333333333333334,1566.0,120.45454545454545,26.483333333333334,66.875,0.0,8.900000000000002
2015-09-26,8.129166666666666,6.8488659477404825,-1.982350340501962,0.7916666666666666,1610.0,54.54545454545455,27.020833333333332,66.125,0.0,10.2
2015-09-27,7.4125000000000005,4.812237914281024,-4.209205457993515,0.8333333333333334,1446.0,66.81818181818181,27.8,64.375,0.0,10.800000000000004
2015-09-28,7.870833333333334,3.992441277046044,-6.552312871186469,1.0,1396.0,66.81818181818181,26.754166666666666,65.625,0.0,11.0
2015-09-29,8.941666666666666,4.218965778431527,-7.836484672241416,1.0,1452.0,103.18181818181819,26.4375,63.291666666666664,0.0,13.100000000000001
2015-09-30,10.854166666666666,6.070216781548741,-8.789895428262108,1.0,1088.0,147.27272727272728,26.458333333333332,56.875,0.0,12.800000000000004
2015-10-01,7.641666666666667,4.268944921753928,-6.2251978415949765,1.0,1037.0,63.18181818181818,26.175,60.416666666666664,0.0,13.600000000000001
2015-10-02,8.495833333333334,5.571126512414614,-6.30147123399108,1.0,1371.0,45.0,26.433333333333334,57.208333333333336,0.0,15.700000000000003
2015-10-03,7.5874999999999995,4.351840522899086,-3.7502752585417247,0.7083333333333334,1487.0,27.727272727272727,27.370833333333334,57.291666666666664,0.0,15.3
2015-10-04,5.55,-2.3533242748804604,1.8713161768888653,0.16666666666666666,1486.0,28.181818181818183,27.954166666666666,56.916666666666664,0.0,15.3
2015-10-05,5.958333333333333,1.5388417314697727,2.1787618965452444,0.2916666666666667,1357.0,32.72727272727273,28.258333333333336,54.833333333333336,0.0,14.799999999999997
2015-10-06,7.591666666666666,4.394368934630324,-5.377650646410459,0.875,1936.0,29.09090909090909,28.2625,53.166666666666664,0.0,14.299999999999997
2015-10-07,7.791666666666667,1.953750326800326,-7.125647543009486,0.6666666666666666,1725.0,39.54545454545455,28.245833333333334,56.041666666666664,0.0,12.399999999999999
2015-10-08,9.458333333333334,5.095663867722171,-7.725815352881532,0.9583333333333334,1860.0,47.72727272727273,28.34583333333333,54.166666666666664,0.0,12.599999999999998
2015-10-09,8.995833333333334,7.468691899312222,-3.4928907395901767,0.875,2128.0,31.363636363636363,28.308333333333334,49.833333333333336,0.0,14.600000000000001
2015-10-10,10.416666666666666,9.814494532878145,-1.288131485941979,0.7083333333333334,2001.0,42.27272727272727,28.391666666666666,40.208333333333336,0.0,14.999999999999996
2015-10-11,9.329166666666667,4.357648611017146,-2.620424442741384,0.625,1462.0,61.36363636363637,28.175,46.0,0.0,13.399999999999999
2015-10-12,5.795833333333333,-1.982287954769604,1.1736914682663941,0.20833333333333334,1613.0,109.54545454545455,27.754166666666666,52.25,0.0,12.8
2015-10-13,9.9625,-9.0863165668532,2.621063501889345,0.0,1270.0,287.72727272727275,27.425,69.0,0.4,9.100000000000001
2015-10-14,8.195833333333333,-6.636260794738777,0.44121152877932873,0.041666666666666664,1202.0,165.45454545454547,26.491666666666664,73.75,7.3,10.599999999999998
2015-10-15,6.354166666666667,-5.209041957012972,0.11135302080848823,0.08333333333333333,1455.0,146.36363636363637,26.554166666666664,70.33333333333333,0.0,10.8
2015-10-16,6.425,-3.3301640823793686,0.3926913360312762,0.16666666666666666,1649.0,133.1818181818182,27.025000000000002,67.79166666666667,0.0,11.099999999999998
2015-10-17,6.9875,1.2394270506293956,-0.6252926453110348,0.25,1755.0,56.36363636363637,27.349999999999998,65.75,0.0,11.899999999999999
2015-10-18,5.375,-1.6840466315131861,0.9980461279964722,0.20833333333333334,1605.0,38.63636363636363,27.8625,62.875,0.0,10.700000000000003
2015-10-19,6.770833333333333,0.5845118655851239,0.012268412236003723,0.375,1785.0,41.81818181818182,27.650000000000002,63.916666666666664,1.1,12.200000000000003
2015-10-20,6.9375,3.8640188151279378,-4.557100774548216,0.8333333333333334,2217.0,36.36363636363637,27.400000000000002,54.916666666666664,0.3,12.7
2015-10-21,7.25,3.104163631573328,-6.008229070534199,0.7916666666666666,1876.0,62.27272727272727,26.145833333333332,52.916666666666664,0.0,12.3
2015-10-22,8.825000000000001,5.093091169728392,-6.793657259711826,1.0,1665.0,67.27272727272727,24.8625,47.958333333333336,0.0,13.5
2015-10-23,8.641666666666667,6.167219159872169,-4.857016090445202,0.8333333333333334,1594.0,45.45454545454545,24.212500000000002,49.291666666666664,0.0,14.600000000000001
2015-10-24,5.4125000000000005,-0.3451059193229126,-1.5909136937209423,0.4583333333333333,1552.0,43.18181818181818,24.979166666666668,51.375,0.0,12.7
2015-10-25,11.370833333333332,-9.667031824715965,4.857605461905452,0.0,1341.0,143.63636363636363,25.59166666666667,52.416666666666664,0.0,12.100000000000001
2015-10-26,9.5625,-8.25304236169786,-2.336802620450995,0.0,1398.0,115.9090909090909,24.941666666666666,56.875,1.5,11.400000000000002
2015-10-27,6.154166666666666,2.2048381615600037,-5.159452549822858,0.8333333333333334,1313.0,58.18181818181818,24.016666666666666,54.458333333333336,0.0,11.7
2015-10-28,7.183333333333334,0.14380855811255844,-3.38719060111103,0.375,573.0,52.72727272727273,20.4375,72.16666666666667,5.5,10.399999999999999
2015-10-29,5.804166666666667,-2.5218480360059528,-1.4874057045326294,0.4166666666666667,1464.0,84.0909090909091,20.895833333333332,65.33333333333333,0.0,11.6
2015-10-30,5.4875,-3.0268162493476023,-0.8290538601449232,0.08333333333333333,1510.0,71.81818181818181,21.354166666666668,70.875,0.0,12.100000000000001
2015-10-31,4.825,-2.172246160384976,0.29655665163159506,0.375,1508.0,20.90909090909091,22.191666666666666,66.25,0.0,12.0
2015-11-01,4.691666666666666,-3.8294530431673994,-0.5231790286996195,0.0,1352.0,22.272727272727273,23.504166666666666,63.791666666666664,0.0,11.099999999999998
2015-11-02,4.479166666666667,-1.8346372385280814,-2.6995395193583955,0.3333333333333333,1482.0,24.545454545454547,23.483333333333334,65.33333333333333,0.0,12.2
2015-11-03,5.504166666666666,1.0529381621098837,-3.9229316834084336,0.5,1360.0,43.18181818181818,23.1875,66.54166666666667,0.0,10.5
2015-11-04,4.5375000000000005,-2.543675948804696,-0.4521040390650317,0.125,1242.0,40.0,23.349999999999998,64.875,0.0,11.2
2015-11-05,9.854166666666666,-7.354765829658188,2.0118342189100953,0.0,681.0,74.54545454545455,22.97083333333333,67.20833333333333,0.2,8.099999999999998
2015-11-06,5.320833333333334,-3.6545631810654755,1.8153374522844297,0.041666666666666664,1117.0,57.27272727272727,23.0625,68.41666666666667,0.0,8.399999999999999
2015-11-07,4.229166666666667,-1.869723572920515,-0.9137310605271759,0.25,1172.0,33.63636363636363,22.416666666666668,72.75,0.0,10.599999999999998
2015-11-08,6.829166666666667,-5.761888954787207,-1.9416913334821189,0.0,1324.0,66.81818181818181,22.891666666666666,72.70833333333333,0.0,10.099999999999998
2015-11-09,6.304166666666667,-4.280781314050813,-4.1680390863518815,0.0,1378.0,55.45454545454545,23.020833333333332,69.125,0.0,10.899999999999999
2015-11-10,6.554166666666667,-0.2152969949797048,-6.205791061261301,0.375,1086.0,45.45454545454545,22.641666666666666,66.45833333333333,0.6,11.299999999999997
2015-11-11,10.754166666666668,7.183374183544129,-7.781566490119954,1.0,1279.0,98.63636363636364,22.125,53.625,0.0,11.5
2015-11-12,10.554166666666667,8.443839853967889,-6.024350153245582,1.0,1118.0,116.36363636363636,22.125,51.833333333333336,0.0,11.8
2015-11-13,8.924999999999999,7.551959087265899,-4.4462182917874715,1.0,1114.0,63.63636363636363,22.620833333333334,58.5,0.0,13.200000000000003
2015-11-14,8.908333333333333,7.529759579437265,-4.573701810502717,1.0,1204.0,69.54545454545455,23.212500000000002,57.833333333333336,0.0,11.8
2015-11-15,4.945833333333334,2.5961638461393193,-3.811330020676184,0.875,1005.0,30.454545454545453,23.041666666666668,56.041666666666664,0.0,13.399999999999999
2015-11-16,9.237499999999999,4.7146415703138915,-7.410399334782428,0.9166666666666666,1425.0,90.0,22.895833333333332,53.375,1.0,10.5
2015-11-17,10.358333333333333,7.672667887545618,-6.546388931005435,1.0,1189.0,74.54545454545455,20.329166666666666,44.291666666666664,0.0,12.9
2015-11-18,8.420833333333333,6.565344458203035,-4.964232973649744,1.0,969.0,38.18181818181818,18.958333333333332,46.541666666666664,0.0,15.599999999999998
2015-11-19,5.504166666666666,1.893510644689892,-5.022469418653907,0.9166666666666666,938.0,19.545454545454547,19.579166666666666,53.291666666666664,0.0,14.6
2015-11-20,5.7,1.568830718846095,-4.907312378241801,0.7083333333333334,939.0,28.636363636363637,19.3,62.375,0.0,14.400000000000002
2015-11-21,5.570833333333333,3.4961068419257324,-4.081518532654626,1.0,858.0,29.545454545454547,19.483333333333334,60.125,0.0,14.3
2015-11-22,6.029166666666666,3.6773302610145446,-4.381655715163525,0.9583333333333334,806.0,23.636363636363637,19.133333333333333,62.208333333333336,0.0,14.3
2015-11-23,5.345833333333334,2.2657943833819316,-4.508465783194516,1.0,848.0,21.818181818181817,18.791666666666668,61.833333333333336,0.0,15.200000000000001
2015-11-24,8.529166666666667,4.983752680013465,-6.544663438484798,1.0,865.0,55.0,19.320833333333333,56.375,0.0,14.8
2015-11-25,11.4125,8.99848984597148,-6.85348954673269,1.0,900.0,97.27272727272727,19.591666666666665,50.416666666666664,0.0,13.400000000000002
2015-11-26,6.445833333333333,-0.9106954459634528,2.022236753888089,0.20833333333333334,586.0,56.36363636363637,19.879166666666666,49.958333333333336,0.0,14.500000000000002
2015-11-27,7.266666666666667,0.13124687706260305,-3.1159729687665774,0.25,984.0,117.27272727272727,19.270833333333332,69.20833333333333,0.0,10.900000000000002
2015-11-28,9.633333333333333,-6.525492500394523,-0.9217479923079158,0.041666666666666664,1467.0,103.18181818181819,19.908333333333335,68.375,0.0,8.400000000000002
2015-11-29,5.6375,-2.1477342919689204,0.010127625020747303,0.25,991.0,50.0,19.575,67.45833333333333,0.0,12.600000000000001
2015-11-30,5.3999999999999995,-0.04500747355858409,-4.110446677303028,0.4583333333333333,1016.0,50.90909090909091,20.891666666666666,71.625,0.0,10.899999999999999
2015-12-01,6.325,0.2741254547903766,-3.0710280431654104,0.20833333333333334,899.0,67.27272727272727,20.704166666666666,68.875,0.0,11.3
2015-12-02,6.970833333333334,3.3175309590791184,-5.908762155371252,1.0,1199.0,68.18181818181819,19.620833333333334,63.5,0.0,9.400000000000002
2015-12-03,9.9,7.700262265054616,-5.659285093087065,1.0,957.0,95.45454545454545,18.166666666666668,65.08333333333333,0.0,12.200000000000001
2015-12-04,10.5625,9.643766960513855,-3.8849985184444513,1.0,828.0,95.9090909090909,18.508333333333333,62.791666666666664,0.0,12.4
2015-12-05,4.829166666666667,2.298490454838197,-3.8268232950621557,0.875,823.0,17.272727272727273,17.829166666666666,67.08333333333333,0.0,14.2
2015-12-06,4.858333333333333,-2.7335359010840325,0.17323613488058517,0.25,919.0,23.636363636363637,18.316666666666666,67.125,0.0,12.8
2015-12-07,6.1125,-4.569053145970706,3.2748224840075526,0.0,876.0,40.45454545454545,18.474999999999998,70.45833333333333,0.0,12.7
2015-12-08,6.195833333333333,1.1733812221812077,-0.07240449011866781,0.3333333333333333,870.0,27.727272727272727,18.6125,69.70833333333333,0.0,11.4
2015-12-09,9.65,-7.952073260980106,5.113195760005698,0.0,603.0,100.0,18.245833333333334,72.33333333333333,0.0,11.099999999999998
2015-12-10,8.970833333333333,-7.767137989674054,3.7666879608527597,0.0,805.0,99.54545454545455,19.254166666666666,73.08333333333333,0.2,11.2
2015-12-11,7.841666666666666,6.295093671110419,-2.296136428780384,0.9166666666666666,1401.0,75.9090909090909,17.729166666666668,65.125,0.0,9.900000000000002
2015-12-12,9.816666666666666,8.18242990158141,-5.1471238201887815,1.0,1337.0,103.63636363636364,14.666666666666666,65.45833333333333,0.0,9.8
2015-12-13,8.491666666666667,7.174299374012281,-4.00711818081584,1.0,1335.0,82.27272727272727,14.225,62.791666666666664,0.0,10.600000000000001
2015-12-14,10.683333333333332,8.68924967808495,-5.837498682800359,1.0,1211.0,87.72727272727273,13.645833333333334,53.291666666666664,0.0,11.799999999999999
2015-12-15,11.025,9.599778870671162,-4.720580843535508,1.0,1023.0,95.0,13.604166666666666,51.791666666666664,0.0,12.9
2015-12-16,6.175,0.5852270699488887,0.6363254411243818,0.5416666666666666,854.0,40.45454545454545,12.895833333333334,56.875,0.0,14.799999999999999
2015-12-17,6.933333333333334,-3.8060749931490805,-0.016127137027245997,0.08333333333333333,1123.0,30.90909090909091,13.183333333333332,62.958333333333336,0.0,13.7
2015-12-18,9.620833333333334,7.540528427070342,-5.432378057057161,1.0,958.0,58.63636363636363,13.304166666666667,61.708333333333336,0.0,13.2
2015-12-19,8.5,7.250777505242074,-3.9958360929084358,1.0,824.0,66.36363636363636,13.604166666666666,59.541666666666664,0.0,13.0
2015-12-20,5.6125,1.98724498282144,-4.959355662054656,0.7916666666666666,1055.0,22.727272727272727,13.158333333333333,62.166666666666664,0.0,12.6
2015-12-21,5.170833333333333,2.0845448600225143,-4.497637119259307,0.9166666666666666,884.0,35.90909090909091,13.183333333333335,62.791666666666664,0.0,13.3
2015-12-22,4.258333333333334,-2.4744625092450945,-1.3135027301826785,0.20833333333333334,1174.0,15.0,13.395833333333334,67.58333333333333,0.0,12.5
2015-12-23,7.629166666666666,4.7868144017099175,-5.563252603032054,1.0,1159.0,62.72727272727273,12.933333333333332,67.41666666666667,0.0,13.3
2015-12-24,11.970833333333333,9.035245355834766,-7.625781161671392,1.0,1387.0,143.1818181818182,12.85,58.916666666666664,0.0,10.9
2015-12-25,10.595833333333333,9.336775696971687,-4.776179779864992,1.0,811.0,90.45454545454545,12.091666666666667,52.75,0.0,13.200000000000001
2015-12-26,11.704166666666666,10.555125953593395,-4.821721405139233,1.0,697.0,100.0,13.720833333333333,49.083333333333336,0.0,13.3
2015-12-27,11.845833333333333,10.452696423954212,-5.442432332620588,1.0,622.0,127.27272727272727,15.433333333333332,54.583333333333336,0.0,12.899999999999999
2015-12-28,13.416666666666666,11.427815561965092,-6.963955338304281,1.0,609.0,175.0,17.133333333333333,53.791666666666664,0.0,11.5
2015-12-29,13.229166666666666,11.662181129232787,-6.039068033253762,1.0,781.0,153.63636363636363,17.033333333333335,53.75,0.0,11.2
2015-12-30,7.720833333333334,5.342750625592905,-5.352820133749495,1.0,633.0,52.72727272727273,16.2375,61.25,0.0,13.899999999999999
2015-12-31,7.379166666666666,3.2040556739692287,-6.460650378236927,1.0,564.0,50.90909090909091,15.329166666666666,66.04166666666667,0.0,14.400000000000002
2016-01-01,6.145833333333333,3.117247115386857,-4.8617309940081155,0.9166666666666666,658.0,35.0,14.9125,68.41666666666667,0.0,13.0
2016-01-02,7.833333333333333,3.8425594877129448,-6.077248981869438,0.8333333333333334,824.0,36.81818181818182,14.395833333333334,65.75,0.0,14.7
2016-01-03,10.166666666666666,9.025904393936214,-4.3065432772390455,1.0,706.0,56.36363636363637,14.9375,62.458333333333336,0.0,13.900000000000002
2016-01-04,6.045833333333333,-0.5287400240621031,-0.09515570853335255,0.375,684.0,31.818181818181817,16.045833333333334,65.54166666666667,0.0,14.499999999999998
2016-01-05,5.55,-4.049216634744574,1.3282872974926694,0.0,736.0,34.09090909090909,18.033333333333335,68.83333333333333,0.0,12.0
2016-01-06,7.958333333333333,-7.447810860378227,-0.6001550045003072,0.0,766.0,40.0,18.245833333333334,74.5,0.5,11.2
2016-01-07,5.779166666666666,-2.0699323404217433,-3.8055258204688744,0.375,1004.0,27.727272727272727,17.816666666666666,75.45833333333333,0.0,12.3
2016-01-08,9.137500000000001,7.08465539761887,-5.627652780974451,1.0,1190.0,75.45454545454545,17.120833333333334,74.41666666666667,0.0,10.900000000000002
2016-01-09,12.970833333333333,12.025116114912008,-4.631806452516282,1.0,1292.0,142.72727272727272,15.6625,63.25,0.0,11.100000000000001
2016-01-10,7.758333333333333,5.35042599516018,-3.975212324948316,0.8333333333333334,1160.0,52.27272727272727,15.629166666666668,67.66666666666667,0.0,13.4
2016-01-11,5.875,-2.449977401885782,-1.7376674368974179,0.16666666666666666,1191.0,19.09090909090909,16.1375,71.875,0.0,13.1
2016-01-12,9.495833333333334,-7.481987852572014,5.067537414477905,0.0,928.0,56.81818181818182,16.495833333333334,71.25,0.0,13.7
2016-01-13,6.270833333333333,-0.784970286926265,-1.4667215387503632,0.3333333333333333,853.0,63.63636363636363,16.016666666666666,75.79166666666667,0.0,10.9
2016-01-14,5.325,3.6279254442903732,-3.398557443121977,0.9166666666666666,870.0,66.36363636363636,14.379166666666668,76.91666666666667,0.0,9.700000000000001
2016-01-15,8.808333333333334,6.083755904574833,-6.1841307013117515,1.0,1034.0,63.18181818181818,13.2875,74.875,0.0,10.3
2016-01-16,10.3375,9.103744146183217,-4.182006011011614,0.7916666666666666,1132.0,100.45454545454545,13.079166666666666,74.375,0.0,9.899999999999999
2016-01-17,4.2875000000000005,0.5804539408980788,-2.3049865828704763,0.3333333333333333,1036.0,29.09090909090909,12.783333333333333,76.79166666666667,0.0,10.799999999999999
2016-01-18,4.954166666666667,0.7042240793610396,-4.746823765288968,0.625,884.0,26.818181818181817,12.625,77.58333333333333,0.0,11.4
2016-01-19,6.195833333333333,1.7440801840562223,-5.698790088073096,0.75,1131.0,68.63636363636364,12.620833333333332,75.29166666666667,0.0,11.500000000000002
2016-01-20,7.612500000000001,5.035272398785673,-5.558707482318142,1.0,1130.0,38.63636363636363,12.162500000000001,72.5,0.0,10.3
2016-01-21,8.895833333333334,6.888141922889467,-5.15978734470525,1.0,977.0,40.90909090909091,11.558333333333332,74.58333333333333,0.0,11.8
2016-01-22,6.129166666666666,2.122144068685465,-3.7462132490608355,0.75,1026.0,32.27272727272727,11.470833333333333,76.29166666666667,0.0,13.399999999999999
2016-01-23,5.929166666666667,-1.3298485250669165,-3.7374332110460418,0.16666666666666666,976.0,51.36363636363637,12.333333333333334,76.79166666666667,0.0,13.499999999999998
2016-01-24,6.6499999999999995,1.1693903633453646,-6.3228861530702964,0.7916666666666666,962.0,77.72727272727273,12.133333333333333,78.375,0.0,12.2
2016-01-25,6.916666666666667,2.2770792453616373,-5.714536812638062,0.7916666666666666,790.0,69.0909090909091,10.729166666666666,79.95833333333333,0.0,12.100000000000001
2016-01-26,4.2875000000000005,-2.571455639720782,-0.9078833384098154,0.16666666666666666,764.0,41.36363636363637,13.016666666666666,74.95833333333333,0.0,12.400000000000002
2016-01-27,5.170833333333333,-2.3601114097555183,-1.2466363364869457,0.25,1039.0,48.18181818181818,15.6875,74.20833333333333,0.0,11.899999999999999
2016-01-28,8.033333333333333,5.830655437559536,-4.784625781399002,1.0,780.0,43.63636363636363,15.741666666666667,71.79166666666667,0.0,13.200000000000001
2016-01-29,5.454166666666667,-0.7491328450421882,-1.4992357340374423,0.375,868.0,38.18181818181818,17.075,71.91666666666667,0.2,12.6
2016-01-30,5.7250000000000005,-0.7822939025580281,-0.1829536823148106,0.375,877.0,43.63636363636363,19.35,72.75,0.5,11.8
2016-01-31,10.708333333333334,6.482804629477268,-8.131099321711565,1.0,749.0,136.8181818181818,17.349999999999998,77.33333333333333,0.0,9.3
2016-02-01,10.012500000000001,5.585969014120188,-8.099283437732216,1.0,849.0,117.72727272727273,15.141666666666666,64.91666666666667,0.0,12.400000000000002
2016-02-02,9.645833333333334,7.377063496785549,-5.623656839018188,1.0,1299.0,52.72727272727273,14.170833333333334,58.083333333333336,0.0,13.499999999999998
2016-02-03,12.370833333333332,10.018664824210848,-7.045067901344272,1.0,1154.0,81.81818181818181,14.445833333333333,53.333333333333336,0.0,13.2
2016-02-04,10.966666666666667,9.141345969250201,-5.540156403978714,1.0,941.0,80.0,14.820833333333333,51.791666666666664,0.0,14.0
2016-02-05,8.583333333333334,6.7541238529335095,-4.97545133657539,1.0,862.0,34.09090909090909,14.733333333333334,57.625,0.0,15.9
2016-02-06,7.845833333333334,-5.758202054039397,1.225734428757742,0.125,899.0,40.45454545454545,15.775,59.541666666666664,0.0,16.0
2016-02-07,8.966666666666667,-4.712024273719019,-6.239070980164228,0.20833333333333334,602.0,104.0909090909091,15.358333333333334,73.875,4.0,7.500000000000002
2016-02-08,7.5249999999999995,4.18482667207003,-5.92907691426823,0.9583333333333334,1083.0,60.90909090909091,14.966666666666667,73.58333333333333,0.0,13.1
2016-02-09,8.258333333333333,6.554625235881111,-4.885256113992248,1.0,998.0,49.09090909090909,15.933333333333332,69.41666666666667,0.0,13.399999999999999
2016-02-10,6.075,-0.11947244649117883,-0.48134656028086636,0.375,1205.0,36.81818181818182,16.295833333333334,66.625,0.0,14.299999999999999
2016-02-11,9.779166666666667,-2.981871503757031,5.790985790401929,0.041666666666666664,1533.0,73.63636363636364,17.55,55.75,0.0,12.5
2016-02-12,5.441666666666666,-1.997140159418912,-3.419348504597881,0.20833333333333334,1656.0,46.36363636363637,16.591666666666665,64.5,0.0,14.799999999999999
2016-02-13,10.029166666666667,-2.956409722897267,-8.904758914063484,0.25,1126.0,112.72727272727273,16.1125,61.583333333333336,0.7000000000000001,10.2
2016-02-14,9.354166666666666,5.877260130116021,-7.148584202469672,1.0,1132.0,80.9090909090909,15.879166666666668,65.33333333333333,0.0,14.3
2016-02-15,7.6875,3.461261364249424,-6.707649885509685,1.0,1336.0,67.27272727272727,15.720833333333333,59.541666666666664,0.0,12.9
2016-02-16,7.2124999999999995,2.207535797652899,-6.7112785655384135,0.9583333333333334,901.0,64.0909090909091,15.8375,54.708333333333336,0.0,14.4
2016-02-17,7.766666666666667,1.669986791761603,-7.520618283815858,0.9166666666666666,626.0,77.27272727272727,17.995833333333334,53.75,0.2,14.600000000000001
2016-02-18,7.866666666666667,1.776824229542579,-7.163193139989101,0.7083333333333334,648.0,113.18181818181819,20.441666666666666,61.041666666666664,1.4,12.3
2016-02-19,5.729166666666667,3.0572176617211153,-4.337841165044815,0.9583333333333334,423.0,56.36363636363637,22.691666666666666,65.79166666666667,0.0,11.8
2016-02-20,7.008333333333333,5.144219882041839,-0.5024034804087106,0.5,826.0,100.45454545454545,21.820833333333336,74.75,14.4,7.799999999999997
2016-02-21,14.700000000000001,12.515439105821466,-7.628927156692021,1.0,1104.0,196.8181818181818,19.258333333333333,65.29166666666667,0.0,10.799999999999999
2016-02-22,15.9125,14.210643277919957,-6.9326596307971045,1.0,1129.0,187.72727272727272,18.825,52.083333333333336,0.0,13.100000000000001
2016-02-23,9.9625,9.375845929634401,-2.622277925831646,0.9166666666666666,1344.0,81.36363636363636,19.091666666666665,54.125,0.0,14.499999999999998
2016-02-24,6.1000000000000005,0.13048883486052545,1.9267421523906574,0.16666666666666666,966.0,35.45454545454545,18.583333333333332,57.791666666666664,0.0,15.399999999999999
2016-02-25,8.358333333333333,-6.57869909779946,4.769550673664779,0.0,1087.0,45.90909090909091,19.537499999999998,59.0,0.0,15.9
2016-02-26,6.458333333333333,-5.703810032413728,1.3436408521609116,0.0,1371.0,39.09090909090909,20.675,58.75,0.0,13.7
2016-02-27,5.470833333333334,-3.100446949886731,0.07222422915955275,0.20833333333333334,1511.0,18.636363636363637,20.604166666666668,60.291666666666664,0.0,15.200000000000001
2016-02-28,5.9750000000000005,-4.1495141979857175,2.607683415479054,0.041666666666666664,1485.0,26.818181818181817,21.479166666666668,61.166666666666664,0.0,13.1
2016-02-29,6.854166666666667,-5.9827571412248375,2.609778799385095,0.0,1452.0,35.45454545454545,21.84583333333333,62.333333333333336,0.0,13.0
2016-03-01,4.645833333333333,-1.1119939115204882,0.24332380731648026,0.25,1562.0,19.545454545454547,22.5125,62.0,0.0,12.5
2016-03-02,5.4375,-2.39737252455165,-2.845813184783898,0.08333333333333333,1292.0,23.181818181818183,23.3,62.291666666666664,0.0,14.9
2016-03-03,6.654166666666666,-0.8126549727393213,-3.054321996418794,0.375,1000.0,32.27272727272727,23.46666666666667,59.75,0.2,15.499999999999998
2016-03-04,8.083333333333334,4.7419739686014335,-5.6940499575528465,0.9583333333333334,1330.0,68.18181818181819,23.7625,50.916666666666664,0.0,15.7
2016-03-05,12.154166666666667,-1.2991293863678437,-6.703401510145707,0.5,1211.0,165.9090909090909,22.420833333333334,59.541666666666664,12.2,12.8
2016-03-06,9.862499999999999,-7.20589983582287,-1.6801371165163645,0.0,822.0,200.45454545454547,20.1875,75.16666666666667,2.6,9.899999999999999
2016-03-07,6.558333333333334,0.7893467721787926,-4.460787428453368,0.3333333333333333,1228.0,86.36363636363636,21.329166666666666,68.75,0.0,12.7
2016-03-08,8.904166666666667,7.445564862989808,-4.816223556954255,1.0,1483.0,91.36363636363636,21.691666666666666,66.375,0.0,11.3
2016-03-09,8.933333333333334,7.673709766728563,-4.361998578711231,1.0,1680.0,54.09090909090909,21.46666666666667,62.5,0.0,13.1
2016-03-10,8.495833333333334,5.682309664315853,-5.063765469262036,0.9166666666666666,1367.0,42.27272727272727,22.5125,61.875,0.0,14.6
2016-03-11,9.258333333333333,-3.4940536345045676,3.5699769956276746,0.0,1353.0,61.36363636363637,23.3,64.83333333333333,2.2,12.899999999999999
2016-03-12,10.666666666666666,-9.633228231129804,0.5217575219081171,0.041666666666666664,1332.0,199.54545454545453,21.229166666666668,76.54166666666667,22.2,10.899999999999999
2016-03-13,11.891666666666666,-7.806824081848241,3.393343943603432,0.0,1055.0,232.27272727272728,21.166666666666668,70.83333333333333,0.0,10.899999999999999
2016-03-14,7.420833333333333,-4.204264906854472,-2.8180648129273718,0.125,907.0,117.27272727272727,20.629166666666666,76.625,0.9,8.900000000000002
2016-03-15,7.329166666666667,2.822311080628289,-5.252289464758473,0.7916666666666666,1847.0,50.0,20.783333333333335,65.54166666666667,0.0,12.9
2016-03-16,11.433333333333332,8.795670882690157,-6.866355432608498,1.0,1280.0,126.36363636363636,20.745833333333334,55.916666666666664,0.0,13.600000000000001
2016-03-17,9.625,-3.4139472351611495,1.9775053540974439,0.16666666666666666,907.0,133.63636363636363,22.766666666666666,56.166666666666664,0.1,13.5
2016-03-18,9.941666666666666,-8.520657615938921,3.677207549506433,0.0,1338.0,102.72727272727273,23.791666666666668,58.75,0.0,10.7
2016-03-19,6.283333333333334,-4.634310161311524,0.2517706463745158,0.08333333333333333,1155.0,41.36363636363637,23.933333333333334,59.916666666666664,0.5,13.0
2016-03-20,7.241666666666667,-2.9279406187270722,-5.682555830272761,0.16666666666666666,1483.0,76.81818181818181,24.71666666666667,55.541666666666664,0.0,13.299999999999997
2016-03-21,15.1625,8.236428664013294,-12.140538790606042,0.9583333333333334,2483.0,254.0909090909091,23.879166666666666,44.916666666666664,0.0,13.0
2016-03-22,19.841666666666665,16.87341252773084,-10.11257694736592,1.0,1277.0,427.27272727272725,22.4375,36.208333333333336,0.0,13.600000000000001
2016-03-23,13.666666666666666,11.711119696783646,-6.803083307084896,1.0,1152.0,144.54545454545453,23.5125,39.166666666666664,0.0,15.7
2016-03-24,6.616666666666667,-3.206993731700162,0.475196760362049,0.125,933.0,28.181818181818183,24.958333333333332,46.541666666666664,0.0,17.099999999999998
2016-03-25,7.925,-5.81251978177196,3.501264410703479,0.0,1088.0,35.90909090909091,26.462500000000002,49.833333333333336,0.0,17.6
2016-03-26,13.041666666666666,7.5789120119131885,-9.994505366316654,0.9583333333333334,916.0,163.63636363636363,25.179166666666664,53.375,0.0,13.599999999999998
2016-03-27,11.0625,7.921726887442609,-7.452831972085478,1.0,1342.0,180.45454545454547,24.65833333333333,45.25,0.0,13.3
2016-03-28,9.541666666666666,6.448123273167479,-6.271231077423942,0.9166666666666666,1801.0,48.63636363636363,24.420833333333334,41.458333333333336,0.0,15.099999999999998
2016-03-29,9.916666666666666,8.201741014296966,-5.390503727147873,1.0,1570.0,60.90909090909091,25.22083333333333,41.583333333333336,0.0,13.899999999999999
2016-03-30,6.054166666666666,4.841070569369944,-1.966948685462279,0.5,1978.0,26.818181818181817,26.458333333333332,45.208333333333336,0.0,16.5
2016-03-31,6.891666666666667,3.27844360586977,-2.937954299169272,0.5833333333333334,2101.0,49.09090909090909,27.983333333333334,40.291666666666664,0.0,17.099999999999998
2016-04-01,10.883333333333333,8.360984007897331,-5.711994268628822,1.0,1656.0,93.18181818181819,29.2,39.25,0.0,14.600000000000001
2016-04-02,7.425,3.429993945800756,-4.712781411838509,0.5416666666666666,1646.0,52.27272727272727,29.925,41.083333333333336,0.0,16.200000000000003
2016-04-03,6.716666666666666,2.7087111687588297,-1.485859375051545,0.5416666666666666,1493.0,28.636363636363637,31.195833333333336,44.208333333333336,1.8,14.2
2016-04-04,8.845833333333333,8.598745110845243,0.20736197414025317,0.375,2234.0,79.54545454545455,30.0625,34.166666666666664,0.0,13.8
2016-04-05,11.691666666666668,6.795224029427769,-9.131538515246866,1.0,2361.0,120.45454545454545,28.95,36.708333333333336,0.0,14.399999999999999
2016-04-06,7.629166666666666,1.013911075337946,-2.056825135111709,0.6666666666666666,2734.0,98.18181818181819,28.383333333333336,29.833333333333332,0.0,12.600000000000001
2016-04-07,11.1,7.4127014701197576,-3.3583775502366486,0.75,2823.0,76.81818181818181,27.099999999999998,36.958333333333336,0.0,14.999999999999996
2016-04-08,6.233333333333333,1.553894318637847,-5.058964431232851,0.5833333333333334,2787.0,53.18181818181818,27.087500000000002,37.75,0.0,16.999999999999996
2016-04-09,8.237499999999999,0.4474569105625295,-7.199050315206606,0.4166666666666667,2775.0,127.72727272727273,28.900000000000002,26.625,0.0,16.099999999999998
2016-04-10,8.691666666666666,2.60416017998334,-7.990667860942293,0.9583333333333334,2389.0,140.9090909090909,29.491666666666664,29.125,0.0,12.299999999999997
2016-04-11,15.566666666666668,9.850396042315877,-11.27807652327303,1.0,2493.0,233.1818181818182,28.3125,33.416666666666664,0.0,13.7
2016-04-12,17.474999999999998,15.126106857219462,-8.519103451773168,1.0,2025.0,310.0,27.945833333333336,33.375,0.0,13.3
2016-04-13,16.958333333333332,14.823005611043163,-8.043134477555101,1.0,2600.0,243.1818181818182,29.71666666666667,29.75,0.0,14.000000000000004
2016-04-14,12.0375,9.088466905593883,-6.18093270881052,0.875,2959.0,103.18181818181819,30.954166666666666,29.416666666666668,0.0,15.8
2016-04-15,9.612499999999999,7.065444951112085,-5.4867789724200415,1.0,2254.0,32.27272727272727,31.833333333333332,31.291666666666668,0.0,17.4
2016-04-16,10.083333333333334,9.240133664547356,-3.4610874159879756,1.0,2669.0,37.72727272727273,32.69166666666667,30.208333333333332,0.0,16.5
2016-04-17,7.783333333333332,6.4731533885553185,0.22493077230292743,0.625,2587.0,54.09090909090909,33.1,26.083333333333332,0.0,13.200000000000003
2016-04-18,7.258333333333333,3.6084819183700407,-3.1583089171137666,0.5416666666666666,3078.0,69.0909090909091,32.479166666666664,31.875,0.0,12.2
2016-04-19,6.116666666666667,-1.172233443370179,-0.24492176609404703,0.20833333333333334,2160.0,63.18181818181818,31.383333333333336,37.208333333333336,0.1,12.099999999999998
2016-04-20,12.291666666666666,10.074030523693184,-6.118437719845496,0.9583333333333334,2941.0,121.36363636363636,31.541666666666668,25.708333333333332,0.0,15.099999999999998
2016-04-21,16.091666666666665,13.776310062993877,-8.194053596724304,1.0,2690.0,193.63636363636363,31.84166666666667,22.875,0.0,14.0
2016-04-22,7.470833333333334,2.774910665991273,-3.6362439185858215,0.5,3411.0,106.36363636363636,31.787499999999998,24.75,0.0,14.3
2016-04-23,11.737499999999999,6.329676640371049,-7.2722396999583525,0.7916666666666666,3793.0,72.72727272727273,29.5625,24.541666666666668,0.0,14.100000000000001
2016-04-24,10.216666666666667,3.891305639687719,-8.397120817447117,0.7916666666666666,3874.0,45.0,28.825,21.083333333333332,0.0,17.900000000000002
2016-04-25,9.341666666666667,3.278282331267754,-6.866384230891043,0.7083333333333334,3168.0,70.0,29.962500000000002,18.583333333333332,0.0,17.1
2016-04-26,6.941666666666666,0.9943213670882871,-5.124516267290907,0.6666666666666666,3042.0,33.18181818181818,30.604166666666668,22.791666666666668,0.2,17.0
2016-04-27,8.383333333333333,5.1325178283795765,-2.469872375705143,0.625,3617.0,44.54545454545455,30.979166666666668,22.291666666666668,0.0,17.700000000000003
2016-04-28,10.458333333333334,6.631049676434678,-7.543857481765557,1.0,4106.0,74.0909090909091,31.425,18.791666666666668,0.0,17.5
2016-04-29,9.791666666666666,6.7454325450863735,-5.396085626526163,0.7916666666666666,4203.0,45.90909090909091,31.2625,19.0,0.0,17.099999999999998
2016-04-30,8.295833333333333,6.322149579958339,-4.666195595436741,0.875,3074.0,33.63636363636363,31.212500000000002,21.083333333333332,0.0,18.9
2016-05-01,10.733333333333334,9.596712022774742,-4.302745293558609,0.9583333333333334,3032.0,49.09090909090909,32.762499999999996,20.125,0.0,17.900000000000002
2016-05-02,7.141666666666667,3.5227929923175743,-1.6865034477162035,0.5833333333333334,4172.0,91.36363636363636,34.37916666666667,19.208333333333332,0.4,17.6
2016-05-03,10.299999999999999,-7.924145180928469,-0.08412635596836493,0.125,1166.0,101.81818181818181,32.13333333333333,31.958333333333332,1.5999999999999999,10.5
2016-05-04,12.916666666666666,-9.272373267855583,5.367491594852006,0.0,2224.0,195.0,30.849999999999998,47.958333333333336,1.0,14.099999999999998
2016-05-05,12.991666666666667,-9.052376199506273,1.9502320735466512,0.16666666666666666,1980.0,254.54545454545453,29.337500000000002,49.791666666666664,0.1,9.8
2016-05-06,5.504166666666666,-1.9902360442672533,2.88686662316346,0.0,1800.0,84.54545454545455,29.15416666666667,54.125,0.0,10.5
2016-05-07,6.595833333333334,-2.784147027938936,4.656249273174228,0.0,2307.0,109.0909090909091,30.770833333333332,41.25,0.0,11.399999999999999
2016-05-08,10.2875,-8.235774215522616,1.729488517510502,0.0,1849.0,139.0909090909091,30.837500000000002,45.166666666666664,0.0,11.800000000000004
2016-05-09,13.283333333333333,-11.468560737499816,5.403671923418753,0.0,2031.0,244.0909090909091,32.06666666666667,41.75,0.5,12.599999999999998
2016-05-10,13.116666666666667,-11.85714718732703,4.029794957126289,0.0,1546.0,180.0,32.15,45.708333333333336,1.0,11.399999999999999
2016-05-11,10.758333333333333,-9.67086911489838,0.10614077522933095,0.0,1500.0,180.9090909090909,31.6875,50.708333333333336,0.2,10.399999999999999
2016-05-12,6.683333333333334,0.43145456220495787,-1.2434110967343652,0.4583333333333333,2620.0,57.27272727272727,32.512499999999996,48.583333333333336,0.0,13.600000000000001
2016-05-13,7.325,-1.1175449485155116,-4.0503890540756355,0.4166666666666667,3006.0,50.90909090909091,34.5375,30.333333333333332,0.0,13.100000000000001
2016-05-14,6.8875,-3.520037133306174,-1.4523997297682365,0.08333333333333333,2501.0,40.90909090909091,34.90416666666667,30.0,0.0,13.800000000000004
2016-05-15,7.329166666666667,2.4269557367984294,-3.075422816851751,0.4583333333333333,3228.0,33.63636363636363,34.916666666666664,29.333333333333332,0.0,15.699999999999996
2016-05-16,10.041666666666666,7.090376414425357,-6.162700873529278,1.0,3764.0,52.27272727272727,35.237500000000004,24.833333333333332,0.0,16.1
2016-05-17,10.595833333333333,7.704232409157996,-6.553702422802139,0.875,3106.0,58.18181818181818,35.145833333333336,21.708333333333332,0.0,16.400000000000002
2016-05-18,6.866666666666667,2.848265904963832,-3.0476790607208195,0.7083333333333334,2991.0,36.36363636363637,35.32083333333333,22.791666666666668,0.0,17.5
2016-05-19,13.691666666666668,-10.301704727803697,5.975675847898908,0.0,1757.0,187.27272727272728,34.75,35.625,0.3,13.900000000000002
2016-05-20,14.541666666666666,-11.946578518705701,4.613555853895175,0.0,1699.0,289.54545454545456,34.65,42.75,0.3,10.800000000000004
2016-05-21,14.733333333333334,-12.53190327537245,6.510017451013032,0.0,1658.0,419.54545454545456,33.94583333333333,53.083333333333336,0.0,13.8
2016-05-22,10.299999999999999,-7.457970283133423,1.6445966008001076,0.25,2049.0,270.90909090909093,34.6,47.375,1.8,13.900000000000002
2016-05-23,10.1,-4.882130117999704,1.6107904249610947,0.16666666666666666,1638.0,150.0,33.625,52.5,4.5,14.799999999999997
2016-05-24,10.641666666666667,-7.399506297357647,3.4132341056875757,0.0,1883.0,264.09090909090907,31.65416666666667,59.0,1.8,11.5
2016-05-25,7.908333333333334,2.1185075923973353,1.2613031878178518,0.25,2026.0,91.36363636363636,31.645833333333332,52.958333333333336,0.6,14.2
2016-05-26,6.683333333333334,5.172501914536759,1.0061229956928517,0.375,2262.0,118.63636363636364,32.94166666666667,49.5,0.0,14.399999999999999
2016-05-27,11.991666666666667,11.018612493555118,-3.6951085735077416,0.875,2755.0,118.18181818181819,34.824999999999996,36.791666666666664,2.0,12.399999999999999
2016-05-28,13.4,13.034965978028309,-1.750154313140876,0.7083333333333334,2723.0,175.45454545454547,33.92916666666667,37.333333333333336,2.3,11.5
2016-05-29,12.658333333333333,-8.590081691504716,7.189825591615107,0.041666666666666664,1284.0,195.9090909090909,31.175,54.458333333333336,6.9,9.300000000000004
2016-05-30,10.466666666666667,-8.097048781855419,2.668367428169232,0.0,1246.0,216.8181818181818,28.775000000000002,68.04166666666667,3.4,9.0
2016-05-31,7.675,3.482610518156887,0.5267459613667589,0.25,2126.0,105.0,31.683333333333334,56.583333333333336,0.2,13.0
2016-06-01,8.216666666666667,6.3037320170427975,-4.222077076412998,0.875,2457.0,60.90909090909091,33.80833333333333,48.25,0.0,13.200000000000003
2016-06-02,9.579166666666667,7.454393380346306,-4.281206683800838,0.75,2714.0,60.0,34.858333333333334,37.458333333333336,0.0,12.899999999999999
2016-06-03,7.166666666666667,-0.7929680706894566,-1.7698849774293774,0.2916666666666667,2756.0,40.0,34.208333333333336,41.958333333333336,0.5,15.299999999999997
2016-06-04,8.529166666666667,-5.655237786231613,0.6604515489617642,0.08333333333333333,2849.0,136.36363636363637,35.291666666666664,44.875,0.0,14.7
2016-06-05,13.145833333333334,-11.890549135158748,4.269423131862661,0.0,2509.0,336.3636363636364,34.354166666666664,55.0,3.3,11.799999999999997
2016-06-06,12.7125,-11.891790638224263,3.365741024487896,0.0,1934.0,341.3636363636364,34.12916666666667,52.666666666666664,2.6,10.7
2016-06-07,12.441666666666668,-11.413500348260152,2.764652152724207,0.0,1960.0,308.1818181818182,34.12916666666667,52.291666666666664,1.1,10.400000000000002
2016-06-08,10.575000000000001,-9.224948881355067,3.098954093251301,0.0,2055.0,255.45454545454547,33.90416666666667,51.5,0.7,11.600000000000001
2016-06-09,11.195833333333333,-5.819567973168581,3.4319907244778496,0.20833333333333334,1899.0,262.72727272727275,34.35,50.666666666666664,0.2,11.500000000000004
2016-06-10,7.791666666666667,-0.3891957102011013,3.8023350983951225,0.125,2157.0,175.45454545454547,34.375,50.458333333333336,2.6,12.400000000000002
2016-06-11,10.054166666666667,5.30539596772219,-2.1223208032199268,0.5416666666666666,2166.0,230.45454545454547,34.225,50.416666666666664,0.1,10.5
2016-06-12,9.5625,8.98971721659899,-1.7134565046723553,0.7083333333333334,2186.0,175.0,33.30416666666667,53.291666666666664,3.6,11.899999999999999
2016-06-13,11.429166666666667,11.012818163563951,-0.3611604488002886,0.5416666666666666,2440.0,164.0909090909091,34.354166666666664,47.0,0.7,10.900000000000002
2016-06-14,10.112499999999999,9.041702795890288,-0.0562456583417654,0.5416666666666666,1563.0,151.8181818181818,32.25416666666667,61.0,1.8,10.600000000000001
2016-06-15,6.604166666666667,-1.3419585193056403,1.0773180721026887,0.20833333333333334,1800.0,175.9090909090909,31.666666666666668,65.33333333333333,1.5,8.200000000000003
2016-06-16,14.554166666666667,-13.236858385272894,4.249307018061862,0.0,1572.0,401.3636363636364,32.425000000000004,60.833333333333336,0.0,8.799999999999997
2016-06-17,11.200000000000001,-9.463697927083096,3.6669242720149398,0.0,1686.0,301.3636363636364,32.5625,62.083333333333336,0.2,10.399999999999999
2016-06-18,12.35,-10.999943170748564,4.821954538029327,0.0,1554.0,368.6363636363636,31.433333333333334,66.58333333333333,14.8,10.0
2016-06-19,12.483333333333334,-11.674740137059736,4.158657769195125,0.0,1576.0,390.0,32.3125,63.75,0.3,7.399999999999999
2016-06-20,13.279166666666667,-11.81899049530329,5.149138945961646,0.0,1138.0,361.8181818181818,32.775,63.083333333333336,0.0,7.300000000000001
2016-06-21,13.108333333333334,-10.687090316540086,6.953894313954969,0.0,1122.0,398.6363636363636,30.837500000000002,71.75,1.8,8.500000000000004
2016-06-22,8.0,-5.93712832935228,4.733735313129705,0.0,1306.0,277.27272727272725,30.900000000000002,69.125,1.4,8.500000000000004
2016-06-23,6.516666666666667,-0.7418721239090306,4.141482098526267,0.08333333333333333,1587.0,163.63636363636363,32.80833333333333,62.75,0.0,9.900000000000002
2016-06-24,7.7749999999999995,2.539927184681124,-2.8292618729252372,0.625,1906.0,113.18181818181819,33.791666666666664,58.375,0.6000000000000001,10.199999999999996
2016-06-25,12.591666666666667,-11.713892807914041,3.8418906667874264,0.0,1818.0,360.45454545454544,34.199999999999996,58.833333333333336,0.0,9.0
2016-06-26,11.983333333333334,-11.074576308752123,3.9918098694012367,0.0,1469.0,424.54545454545456,32.333333333333336,65.33333333333333,3.1,9.2
2016-06-27,9.525,-8.631321654780942,3.5273404608281953,0.0,1522.0,280.90909090909093,32.045833333333334,67.125,3.3,10.0
2016-06-28,9.608333333333333,-9.212862725303399,0.970066677216041,0.0,1047.0,269.54545454545456,30.05,77.29166666666667,10.4,8.000000000000004
2016-06-29,9.195833333333333,-8.346071914141682,0.12631264183309365,0.041666666666666664,1503.0,210.9090909090909,32.041666666666664,69.54166666666667,10.5,9.0
2016-06-30,6.9875,-6.188876915932988,1.1574173364852922,0.0,1693.0,171.36363636363637,33.1125,65.91666666666667,0.4,9.899999999999999
2016-07-01,10.791666666666666,-2.853893358497114,4.612664753896776,0.125,1155.0,317.72727272727275,31.745833333333334,73.375,23.299999999999997,8.8
2016-07-02,8.424999999999999,-5.18861813550594,2.4475096746015184,0.0,561.0,318.6363636363636,27.741666666666664,86.0,67.9,4.699999999999999
2016-07-03,7.766666666666667,-7.441918616729841,1.0421006120491632,0.0,365.0,204.0909090909091,26.891666666666666,90.58333333333333,15.1,4.800000000000001
2016-07-04,4.1625000000000005,-2.0892986651047813,-0.8692865406811524,0.20833333333333334,766.0,68.18181818181819,28.804166666666664,81.375,1.2,7.400000000000002
2016-07-05,5.5375000000000005,3.523029533013741,0.23576434178385722,0.5,1058.0,76.36363636363636,30.962500000000002,75.41666666666667,0.30000000000000004,7.800000000000004
2016-07-06,7.425,-0.18992778273861863,0.7607076216204778,0.5,972.0,205.0,29.97083333333333,79.125,2.6,6.299999999999997
2016-07-07,8.704166666666667,-4.628283788056147,7.0036093892330085,0.0,1047.0,195.0,30.308333333333334,76.0,1.5,6.899999999999999
2016-07-08,6.1125,-1.896457159983644,4.459236316528127,0.0,817.0,185.0,30.758333333333336,75.95833333333333,2.5,7.299999999999997
2016-07-09,7.7749999999999995,-6.6113672044753224,3.2567253122598268,0.0,918.0,220.45454545454547,30.541666666666668,76.0,1.3,7.100000000000001
2016-07-10,5.575,-3.1644123485199476,4.356039629440002,0.0,1168.0,133.63636363636363,31.108333333333334,75.25,0.0,6.799999999999997
2016-07-11,9.387500000000001,-6.944919876176314,5.282627795924584,0.0,784.0,246.36363636363637,29.325,82.0,4.3,6.199999999999999
2016-07-12,9.775,-9.129862455866808,3.089346411129552,0.0,751.0,256.8181818181818,29.008333333333336,82.79166666666667,15.6,6.0
2016-07-13,7.845833333333334,-7.218631957991726,1.9413919472244896,0.0,892.0,185.9090909090909,29.4375,80.41666666666667,3.9000000000000004,6.100000000000001
2016-07-14,4.304166666666666,-1.966348465051083,2.6948363544670655,0.0,761.0,149.54545454545453,28.954166666666666,86.54166666666667,22.2,5.600000000000001
2016-07-15,5.8,3.2778295992444506,2.284423889447431,0.125,559.0,124.0909090909091,27.958333333333332,89.375,31.3,6.5
2016-07-16,5.320833333333334,-1.1654346809695166,-3.1800006151112172,0.375,283.0,130.9090909090909,26.462500000000002,94.5,75.4,1.5999999999999979
2016-07-17,9.083333333333334,5.410102442723692,-6.989278772037718,1.0,431.0,199.0909090909091,25.974999999999998,94.29166666666667,50.8,1.4000000000000021
2016-07-18,8.091666666666667,7.289067432357734,-0.787153810791929,0.5833333333333334,1030.0,91.81818181818181,28.191666666666666,85.04166666666667,5.7,7.799999999999997
2016-07-19,11.629166666666668,10.892573029637221,-2.1338213369140075,0.6666666666666666,1342.0,190.9090909090909,29.641666666666666,77.75,1.9000000000000001,8.3
2016-07-20,12.029166666666667,11.501762961077672,-1.2457834718140095,0.6666666666666666,1283.0,201.8181818181818,30.745833333333334,69.66666666666667,0.0,7.399999999999999
2016-07-21,10.379166666666666,8.680512195798485,3.2853127848884847,0.2916666666666667,1019.0,244.54545454545453,31.162499999999998,68.75,0.5,6.899999999999999
2016-07-22,6.0,1.3536061993880917,2.949976570214971,0.125,1025.0,128.1818181818182,30.866666666666664,72.66666666666667,0.6,7.700000000000003
2016-07-23,9.695833333333333,-8.561043668233852,3.101381471855912,0.0,695.0,228.1818181818182,28.8,81.54166666666667,5.0,5.100000000000001
2016-07-24,6.05,-4.108642010838213,2.104771788258592,0.0,665.0,126.81818181818181,28.816666666666666,82.91666666666667,3.1,6.599999999999998
2016-07-25,4.804166666666666,-2.0022145814199663,2.915850524523062,0.08333333333333333,1083.0,86.81818181818181,29.15416666666667,84.375,7.3999999999999995,7.600000000000001
2016-07-26,12.2125,-9.67966646967102,6.473670383367893,0.0,620.0,325.90909090909093,27.995833333333334,86.79166666666667,4.199999999999999,5.300000000000001
2016-07-27,12.108333333333334,-11.185605469791474,3.8985294234287022,0.0,675.0,392.27272727272725,27.241666666666664,86.41666666666667,6.5,3.8000000000000007
2016-07-28,7.091666666666666,-6.399462180847315,-0.13455466897226545,0.0,590.0,224.0909090909091,26.695833333333336,89.125,18.9,5.100000000000001
2016-07-29,6.5125,-6.042092028904032,1.278724621893085,0.0,356.0,215.0,25.795833333333334,94.375,18.7,2.3000000000000007
2016-07-30,6.395833333333333,-5.983602912106266,1.0758791967800443,0.0,541.0,193.1818181818182,26.566666666666666,89.66666666666667,8.299999999999999,4.800000000000001
2016-07-31,5.8625,-5.2760581626398855,-1.5913176591098328,0.0,471.0,161.8181818181818,26.77916666666667,89.375,7.6000000000000005,4.300000000000001
2016-08-01,9.908333333333333,-9.690792730358357,0.7636515736025404,0.0,700.0,279.09090909090907,26.8625,89.16666666666667,12.500000000000002,4.099999999999998
2016-08-02,10.8125,-10.339997604114219,2.2376267007870383,0.0,854.0,340.45454545454544,27.4875,86.08333333333333,10.6,7.199999999999999
2016-08-03,9.795833333333333,-9.267054916849178,0.9047069371772785,0.0,1012.0,180.45454545454547,29.166666666666668,78.5,0.0,7.199999999999999
2016-08-04,9.625,-9.170659701821688,1.0798374119094172,0.0,1047.0,206.36363636363637,29.6125,79.0,4.8,6.400000000000002
2016-08-05,7.783333333333334,-7.149353410718601,2.0278396863567183,0.0,1176.0,130.0,30.1125,80.04166666666667,1.1,6.400000000000002
2016-08-06,11.887500000000001,-11.048852548175093,-2.402322836134735,0.0,522.0,235.0,28.620833333333334,84.70833333333333,1.0,4.199999999999999
2016-08-07,9.799999999999999,-9.202796446574132,-1.1461629008311485,0.0,940.0,142.27272727272728,28.849999999999998,79.83333333333333,2.7,7.0
2016-08-08,11.316666666666668,-11.013327687254693,-1.257463754229998,0.0,1114.0,295.90909090909093,28.945833333333336,81.20833333333333,4.7,5.699999999999999
2016-08-09,11.116666666666667,-10.859117833875343,1.4705880739263044,0.0,756.0,417.72727272727275,27.787499999999998,84.79166666666667,6.3,4.600000000000001
2016-08-10,11.0625,-10.84926963425564,0.557152198159644,0.0,740.0,299.54545454545456,27.295833333333334,87.70833333333333,10.5,4.599999999999998
2016-08-11,7.495833333333334,-6.710379885565735,2.1528831941083775,0.0,547.0,232.27272727272728,26.837500000000002,89.54166666666667,14.1,5.199999999999999
2016-08-12,5.045833333333333,-2.310363126267465,-2.657735611283971,0.375,543.0,151.36363636363637,27.241666666666664,88.83333333333333,11.9,5.599999999999998
2016-08-13,3.5375,2.600506981028545,-0.8864851319267465,0.6666666666666666,579.0,55.90909090909091,27.770833333333332,88.25,11.4,6.5
2016-08-14,6.445833333333333,4.432025402761593,-0.20896006862510544,0.5416666666666666,508.0,109.54545454545455,27.675,89.375,13.9,5.599999999999998
2016-08-15,11.075000000000001,10.116534842459133,-1.1286442040553275,0.625,969.0,268.6363636363636,29.008333333333336,79.625,2.6,7.200000000000003
2016-08-16,13.479166666666666,12.87468427130671,-2.1685666664980645,0.75,925.0,422.72727272727275,29.445833333333336,72.66666666666667,0.8,7.399999999999999
2016-08-17,6.816666666666666,2.843489490638922,-1.6104786135900921,0.5416666666666666,691.0,284.09090909090907,28.1125,75.75,0.2,3.400000000000002
2016-08-18,4.666666666666667,-0.27705578870206,-1.9228686880632475,0.3333333333333333,473.0,101.36363636363636,27.741666666666664,87.16666666666667,7.1,4.300000000000001
2016-08-19,6.058333333333334,-0.28480159816146783,-1.7439281742661714,0.375,769.0,197.27272727272728,28.945833333333336,82.45833333333333,1.3,6.399999999999999
2016-08-20,13.629166666666668,-13.392917478382453,1.496237907039947,0.0,1075.0,509.54545454545456,28.650000000000002,80.20833333333333,2.9,5.300000000000001
2016-08-21,12.025,-10.178873245614838,5.441527922480257,0.0,1181.0,389.09090909090907,27.925,77.58333333333333,0.0,5.200000000000003
2016-08-22,9.754166666666666,-8.987345141865195,3.2237177190680133,0.0,1292.0,158.63636363636363,27.895833333333332,78.66666666666667,0.0,7.400000000000002
2016-08-23,7.4875,-7.041029244537978,1.2204541866001162,0.0,949.0,190.9090909090909,28.441666666666666,81.58333333333333,0.1,5.199999999999999
2016-08-24,14.066666666666668,-13.559649914400737,1.160691216739793,0.0,836.0,501.8181818181818,27.308333333333334,84.66666666666667,12.8,3.599999999999998
2016-08-25,7.375,-5.594012917230295,4.182662182283053,0.0,1164.0,185.45454545454547,28.383333333333336,84.875,1.3,6.799999999999997
2016-08-26,4.604166666666667,-1.024839784169931,2.797792638497856,0.16666666666666666,1044.0,90.45454545454545,28.916666666666668,82.45833333333333,1.5,6.799999999999997
2016-08-27,8.358333333333333,-7.14415216838545,-1.0668079617793156,0.0,836.0,136.8181818181818,28.400000000000002,85.66666666666667,6.5,7.5
2016-08-28,7.516666666666667,-4.874070536932554,1.4133092955334579,0.16666666666666666,1006.0,103.18181818181819,28.945833333333336,83.91666666666667,6.3,6.599999999999998
2016-08-29,5.25,1.9043521047577885,-2.676494854954484,0.5416666666666666,640.0,82.72727272727273,27.454166666666666,88.91666666666667,13.7,6.199999999999999
2016-08-30,3.329166666666667,1.013370866244823,0.4910700112203887,0.16666666666666666,631.0,55.90909090909091,27.1125,88.25,24.3,7.0
2016-08-31,6.05,-4.4906001232499015,3.541528780922782,0.0,510.0,132.72727272727272,26.758333333333336,90.625,18.5,5.0
2016-09-01,5.870833333333334,-0.44515308103197926,1.0503977793574715,0.20833333333333334,674.0,125.0,27.0,87.79166666666667,7.3,6.800000000000001
2016-09-02,10.737499999999999,9.24022575308569,-4.59955913387211,0.9583333333333334,1150.0,150.45454545454547,28.212500000000002,80.16666666666667,0.4,6.599999999999998
2016-09-03,15.508333333333333,14.795034015578613,-3.8054548336183136,0.8333333333333334,1111.0,325.45454545454544,28.21666666666667,73.875,0.2,5.699999999999999
2016-09-04,13.691666666666668,13.44788974758758,-0.3806468540245811,0.5,1077.0,338.6363636363636,28.170833333333334,73.5,0.0,7.300000000000001
2016-09-05,14.583333333333334,14.225064773698646,-0.9032081465338179,0.5,1021.0,385.90909090909093,27.933333333333334,71.625,0.1,7.200000000000003
2016-09-06,15.554166666666667,15.215285293785223,-1.2481046505071511,0.5416666666666666,1080.0,389.09090909090907,28.2375,69.625,0.0,6.300000000000001
2016-09-07,12.862499999999999,12.385537448111991,-1.5367007942163848,0.6666666666666666,1040.0,296.8181818181818,28.291666666666668,68.33333333333333,0.0,7.200000000000003
2016-09-08,12.1,11.414323665262424,-2.941331089962496,0.7916666666666666,1088.0,234.0909090909091,28.445833333333336,68.25,0.1,6.900000000000002
2016-09-09,12.408333333333333,11.978598970698123,-1.4758258080311826,0.7083333333333334,1355.0,208.1818181818182,28.775000000000002,67.75,0.0,7.899999999999999
2016-09-10,13.3125,12.839418105553591,-0.6481899479753639,0.625,1289.0,285.0,29.025000000000002,64.875,0.0,7.600000000000001
2016-09-11,11.504166666666668,10.985653231604454,-0.6241288364927207,0.6666666666666666,1438.0,265.0,28.920833333333334,64.33333333333333,0.0,7.5
2016-09-12,11.266666666666666,9.613063483533791,-1.133959876562143,0.5833333333333334,1154.0,224.54545454545453,28.8125,64.91666666666667,0.0,7.0
2016-09-13,6.520833333333333,1.283432811406317,-1.3757539234643195,0.4166666666666667,1284.0,107.72727272727273,29.020833333333332,70.0,0.0,7.899999999999999
2016-09-14,6.5,-4.806950678845426,-2.220699871488358,0.0,1083.0,88.63636363636364,27.912499999999998,78.58333333333333,0.1,7.699999999999999
2016-09-15,4.675,-0.6094206735559309,-1.1629031839283859,0.4583333333333333,1315.0,31.818181818181817,28.666666666666668,75.45833333333333,0.0,8.100000000000001
2016-09-16,5.670833333333333,-0.7467289776811162,-2.0752966160980075,0.4166666666666667,1347.0,30.0,29.066666666666666,72.66666666666667,0.0,8.400000000000002
2016-09-17,4.295833333333333,-1.0371602410930345,-0.3404118712976118,0.20833333333333334,1186.0,28.636363636363637,28.683333333333334,73.08333333333333,0.0,8.700000000000003
2016-09-18,6.595833333333334,-5.984500564141072,2.129194494989829,0.0,1082.0,71.36363636363636,28.6875,76.04166666666667,0.0,8.5
2016-09-19,3.8166666666666664,-1.4772040456778062,1.7210963003691298,0.20833333333333334,1342.0,61.36363636363637,28.9875,74.08333333333333,0.0,8.800000000000004
2016-09-20,5.25,-1.5221552618478704,1.9926127905087878,0.08333333333333333,1574.0,62.27272727272727,29.962500000000002,66.58333333333333,0.0,9.3
2016-09-21,10.225,-9.248612491658486,2.522391914910342,0.0,1136.0,238.1818181818182,29.608333333333334,72.58333333333333,0.0,8.299999999999997
2016-09-22,13.0625,-12.085691546854902,3.8151568319286664,0.0,853.0,363.1818181818182,26.9375,83.875,2.0,6.300000000000001
2016-09-23,5.016666666666667,-4.471623005869567,0.7571978039775583,0.0,1040.0,109.54545454545455,27.391666666666666,77.5,0.0,9.0
2016-09-24,6.004166666666666,-5.185515430199529,1.6687545452761434,0.041666666666666664,1050.0,89.0909090909091,28.09166666666667,77.875,0.2,7.300000000000001
2016-09-25,6.05,-4.944623384595322,0.642879560557338,0.08333333333333333,1083.0,106.81818181818181,27.59166666666667,76.375,0.0,8.099999999999998
2016-09-26,5.679166666666667,-3.6357201476317536,1.18266348672872,0.16666666666666666,1238.0,64.54545454545455,28.145833333333332,75.375,0.2,8.2
2016-09-27,6.091666666666666,-3.3463852490831747,2.0389280077993814,0.08333333333333333,1181.0,86.36363636363636,28.474999999999998,74.54166666666667,0.0,8.399999999999999
2016-09-28,5.708333333333333,-2.282177186100613,1.0085465586945423,0.20833333333333334,1527.0,90.0,29.09166666666667,69.66666666666667,0.0,9.500000000000004
2016-09-29,5.7124999999999995,-4.951058964546024,2.4274212924803074,0.0,1174.0,127.27272727272727,28.974999999999998,73.83333333333333,0.1,8.300000000000004
2016-09-30,4.295833333333333,-2.756113243150088,1.9830589904446703,0.0,1252.0,112.27272727272727,29.070833333333336,71.625,0.0,9.100000000000001
2016-10-01,5.716666666666666,-4.060417390634058,3.517317090529323,0.0,1129.0,65.45454545454545,29.724999999999998,70.91666666666667,0.0,8.100000000000001
2016-10-02,6.183333333333334,-5.805585534986378,0.9280758598046009,0.0,1143.0,79.54545454545455,29.712500000000002,73.45833333333333,0.30000000000000004,7.4999999999999964
2016-10-03,4.929166666666666,-3.2203404046752353,0.2037092813672052,0.08333333333333333,1205.0,80.0,29.316666666666666,76.70833333333333,1.7,7.700000000000003
2016-10-04,4.0375000000000005,-1.2369251922154654,-0.6751172976399414,0.20833333333333334,1114.0,50.0,29.05,77.70833333333333,1.7,7.5
2016-10-05,5.295833333333333,-1.6517252398836648,-2.1680555828410317,0.2916666666666667,801.0,49.09090909090909,27.95,81.41666666666667,7.7,6.699999999999999
2016-10-06,4.383333333333334,-1.5456171676365364,-0.5083054618531002,0.25,1046.0,59.09090909090909,28.15833333333333,77.95833333333333,0.0,7.5
2016-10-07,6.329166666666667,2.4230647357313044,-2.9714962236812634,0.625,1582.0,38.63636363636363,28.5125,71.83333333333333,0.0,9.400000000000002
2016-10-08,7.6625000000000005,2.435126371585378,-4.509427582593367,0.6666666666666666,1642.0,30.0,28.2625,65.41666666666667,0.0,10.799999999999997
2016-10-09,5.679166666666667,2.5288263491943654,0.5888377963350387,0.25,1492.0,29.545454545454547,28.037499999999998,63.5,0.0,12.3
2016-10-10,6.945833333333333,3.942306362273851,-3.1685400456211865,0.6666666666666666,1532.0,45.90909090909091,27.304166666666664,58.041666666666664,0.0,9.900000000000002
2016-10-11,9.258333333333333,7.421195899939437,-4.905307135567258,0.875,1941.0,47.72727272727273,26.55,51.583333333333336,0.0,13.7
2016-10-12,9.525,7.895492887719211,-3.9481960055059084,0.8333333333333334,1858.0,32.72727272727273,26.395833333333332,49.458333333333336,0.0,14.400000000000002
2016-10-13,9.245833333333334,8.133177223042509,-2.968218900705051,0.75,1950.0,33.63636363636363,26.041666666666668,47.083333333333336,0.0,15.7
2016-10-14,7.3374999999999995,4.377556388757459,-2.5081643021919735,0.75,1485.0,30.0,25.304166666666664,47.375,0.0,15.999999999999996
2016-10-15,7.3374999999999995,4.984877786461138,-3.950372651774851,0.7916666666666666,1535.0,27.727272727272727,25.325,52.875,0.0,15.399999999999999
2016-10-16,7.575,2.9090281584270024,-2.6243549194767097,0.7083333333333334,1760.0,27.727272727272727,25.483333333333334,52.083333333333336,0.0,15.200000000000003
2016-10-17,7.404166666666666,5.052912226417743,-2.474209984713178,0.6666666666666666,2002.0,29.545454545454547,25.679166666666664,51.583333333333336,0.0,14.700000000000003
2016-10-18,7.1625000000000005,4.641093960960395,-3.0497382300539715,0.75,1481.0,29.09090909090909,24.75,51.708333333333336,0.0,15.400000000000002
2016-10-19,6.654166666666666,4.174435954851623,-0.8509399874157312,0.7083333333333334,1574.0,30.454545454545453,24.90416666666667,53.583333333333336,0.0,15.799999999999997
2016-10-20,9.3875,7.812838652389964,-0.8833564016203496,0.5416666666666666,1583.0,53.63636363636363,25.4875,41.5,0.0,14.900000000000002
2016-10-21,10.866666666666667,9.932730309499968,-3.2363805969264665,0.875,2011.0,73.63636363636364,25.858333333333334,42.625,0.0,13.599999999999998
2016-10-22,11.279166666666667,10.34668588637052,-4.073739011178615,1.0,2086.0,65.0,25.8625,45.833333333333336,0.0,13.8
2016-10-23,11.533333333333333,10.114585159581562,-4.889676584478607,1.0,1805.0,61.36363636363637,25.287499999999998,48.541666666666664,0.0,13.900000000000002
2016-10-24,9.679166666666667,8.906793506717454,-2.693982099831144,0.8333333333333334,1890.0,50.45454545454545,25.166666666666668,49.208333333333336,0.0,14.200000000000003
2016-10-25,10.35,8.079500521482197,-4.360625926711748,0.7916666666666666,2086.0,51.36363636363637,25.316666666666666,49.125,0.0,13.399999999999999
2016-10-26,7.166666666666667,2.8408021282611067,-3.971677928503809,0.625,1845.0,18.181818181818183,24.900000000000002,55.083333333333336,0.0,15.400000000000002
2016-10-27,8.775,5.071456197081312,-7.067004680839228,1.0,1401.0,34.54545454545455,23.90833333333333,54.625,0.0,15.5
2016-10-28,7.741666666666667,6.284505903556806,-2.7034325101797347,0.7916666666666666,1256.0,37.27272727272727,23.6875,48.541666666666664,0.0,14.2
2016-10-29,5.695833333333333,-2.553564868546834,0.9320901634095242,0.041666666666666664,1414.0,28.636363636363637,23.808333333333334,49.958333333333336,0.0,13.0
2016-10-30,6.3625,-5.100530943660522,-0.940157730166172,0.0,1391.0,36.81818181818182,23.320833333333336,61.708333333333336,0.0,13.8
2016-10-31,5.641666666666667,-3.0088312605653975,-3.76490278257843,0.16666666666666666,1367.0,20.454545454545453,23.625,62.083333333333336,0.0,10.8
2016-11-01,5.991666666666667,2.9131131017434098,-4.6046228588633005,0.875,1205.0,25.454545454545453,22.7,63.916666666666664,0.0,13.5
2016-11-02,6.1875,2.2961490621664526,-4.650569051951079,0.7916666666666666,1338.0,20.454545454545453,23.1125,63.541666666666664,0.0,13.5
2016-11-03,5.733333333333333,1.8108107178417712,-5.007867078825146,0.875,1118.0,20.0,23.0625,63.166666666666664,0.0,14.2
2016-11-04,6.658333333333334,5.230682905688411,-3.531367742925734,0.9166666666666666,1485.0,24.545454545454547,22.616666666666664,63.125,0.0,14.4
2016-11-05,8.450000000000001,6.813130638182148,-4.754226410486472,1.0,1272.0,39.54545454545455,22.5125,62.041666666666664,0.0,13.8
2016-11-06,7.129166666666666,3.0573613979497924,-4.763957242342563,0.7916666666666666,1063.0,31.818181818181817,22.287499999999998,59.75,0.0,14.5
2016-11-07,9.495833333333334,7.462316137851455,-5.409097917716655,0.9166666666666666,1445.0,60.45454545454545,22.108333333333334,57.083333333333336,0.0,13.9
2016-11-08,12.929166666666667,11.645598695441713,-5.483407491801622,1.0,1176.0,149.54545454545453,22.349999999999998,49.5,0.0,12.2
2016-11-09,9.470833333333333,8.178367956147662,-4.567728538486008,1.0,877.0,62.27272727272727,21.691666666666666,51.291666666666664,0.0,14.4
2016-11-10,7.145833333333333,1.3978223809284858,-1.8570234532957137,0.4583333333333333,865.0,34.54545454545455,21.004166666666666,58.541666666666664,0.0,16.0
2016-11-11,7.3875,-6.520761498552141,2.546862483579655,0.0,879.0,40.0,20.962500000000002,63.833333333333336,0.0,15.2
2016-11-12,7.6000000000000005,-4.9159028722104825,4.707061055569217,0.0,1223.0,59.54545454545455,21.641666666666666,59.666666666666664,0.0,14.600000000000001
2016-11-13,4.858333333333333,-2.719534975643979,2.665184666761343,0.0,716.0,40.45454545454545,21.920833333333334,58.416666666666664,0.0,12.9
2016-11-14,4.720833333333333,-0.5979636154199625,-3.0026319744377825,0.4166666666666667,1548.0,25.454545454545453,21.858333333333334,61.25,0.0,10.7
2016-11-15,6.741666666666667,2.7445176350451916,-5.964941032594948,1.0,1802.0,41.36363636363637,21.329166666666666,51.583333333333336,0.0,10.3
2016-11-16,8.691666666666666,6.2906873927655695,-5.7159873145566635,1.0,1116.0,55.45454545454545,20.070833333333333,52.375,0.0,13.100000000000001
2016-11-17,12.475,10.907744057696853,-5.674018883624298,1.0,900.0,107.72727272727273,20.025000000000002,50.333333333333336,0.0,13.5
2016-11-18,10.404166666666667,9.458097186805018,-3.888992126165661,0.9583333333333334,930.0,91.36363636363636,20.075,55.125,0.0,12.700000000000001
2016-11-19,6.991666666666667,3.305256943772479,-1.2884992333835372,0.5833333333333334,845.0,41.81818181818182,19.54583333333333,57.833333333333336,0.0,13.799999999999999
2016-11-20,6.404166666666666,-4.0956594077255675,3.9959722279131555,0.0,781.0,30.454545454545453,19.683333333333334,61.958333333333336,0.0,14.400000000000002
2016-11-21,7.095833333333334,2.24764698341489,0.028972191463738212,0.5,967.0,22.727272727272727,20.383333333333333,59.666666666666664,0.0,15.7
2016-11-22,9.879166666666666,9.203005637745253,-3.3414805332383932,1.0,1030.0,66.36363636363636,20.55,53.25,0.0,15.600000000000001
2016-11-23,10.441666666666666,9.411254968023027,-4.367937272830906,1.0,820.0,92.72727272727273,20.724999999999998,57.625,0.0,13.3
2016-11-24,10.183333333333334,8.090132828324913,-6.079848536208864,1.0,989.0,82.27272727272727,20.008333333333333,56.416666666666664,0.0,14.8
2016-11-25,17.816666666666666,15.04183838880003,-9.412100117974783,1.0,820.0,295.90909090909093,21.275000000000002,43.125,0.0,13.399999999999999
2016-11-26,17.408333333333335,14.976156484839157,-8.657062163879473,1.0,811.0,283.1818181818182,21.979166666666668,38.583333333333336,0.0,12.5
2016-11-27,14.816666666666668,12.917750491422252,-7.0916992441801625,1.0,926.0,187.27272727272728,21.520833333333332,41.666666666666664,0.0,13.5
2016-11-28,12.645833333333334,10.941710217973169,-6.200437243885258,1.0,800.0,163.1818181818182,20.929166666666667,40.666666666666664,0.0,12.0
2016-11-29,6.204166666666667,-0.7986790827972142,-4.420128674408789,0.5416666666666666,687.0,30.454545454545453,18.662499999999998,55.041666666666664,0.0,15.3
2016-11-30,8.120833333333334,-7.276330352465007,2.890577752256102,0.0,870.0,37.72727272727273,19.0625,71.5,0.0,14.100000000000001
2016-12-01,5.958333333333333,-3.4783673879533583,-1.067421406065389,0.25,1100.0,31.818181818181817,19.866666666666667,75.16666666666667,0.0,11.8
2016-12-02,5.754166666666666,4.304574081436301,-3.427448469528143,1.0,959.0,32.72727272727273,19.245833333333334,71.79166666666667,0.0,11.600000000000001
2016-12-03,6.6000000000000005,5.996133780847708,-2.261476987092408,0.9166666666666666,863.0,38.18181818181818,18.2,61.833333333333336,0.0,14.100000000000001
2016-12-04,7.529166666666666,6.91520837155251,-2.7289991699272775,1.0,888.0,35.90909090909091,17.724999999999998,59.0,0.0,14.399999999999999
2016-12-05,8.058333333333334,7.273780779615752,-2.8270773163994316,0.875,842.0,40.0,18.008333333333333,63.208333333333336,0.0,14.0
2016-12-06,5.745833333333334,1.2683296554718526,-4.9787106481989145,0.6666666666666666,748.0,30.90909090909091,18.141666666666666,68.125,0.0,13.799999999999999
2016-12-07,4.833333333333333,0.5052304381332253,-2.8437811490787195,0.7083333333333334,749.0,13.636363636363637,18.162499999999998,71.66666666666667,0.0,13.7
2016-12-08,4.216666666666667,-0.20061847708420422,0.2446635192143857,0.25,711.0,16.818181818181817,17.766666666666666,73.375,0.0,13.499999999999998
2016-12-09,4.3875,1.8108181465753244,1.7988720258577862,0.2916666666666667,684.0,16.363636363636363,18.2,71.0,0.0,13.799999999999999
2016-12-10,7.783333333333334,-2.4539929665952096,6.845480407675219,0.0,652.0,55.45454545454545,18.599999999999998,74.0,0.0,13.8
2016-12-11,5.679166666666667,3.6747696746558027,0.04583922306517951,0.5416666666666666,534.0,36.81818181818182,19.220833333333335,71.20833333333333,0.0,13.0
2016-12-12,6.9875,5.120573060085977,-4.567195645097502,1.0,1247.0,46.36363636363637,18.683333333333334,67.875,0.0,12.999999999999998
2016-12-13,7.2875000000000005,4.790435693283292,-4.975630973777277,1.0,821.0,52.27272727272727,18.108333333333334,71.83333333333333,0.0,12.2
2016-12-14,9.283333333333333,6.396202990814682,-6.508117915665015,1.0,831.0,86.81818181818181,17.337500000000002,69.25,0.0,11.3
2016-12-15,11.391666666666666,10.354932388155099,-4.435020611830199,1.0,983.0,81.36363636363636,16.333333333333332,61.166666666666664,0.0,12.4
2016-12-16,7.616666666666667,5.25156704331978,-5.3369609744250015,1.0,768.0,34.09090909090909,15.308333333333332,64.54166666666667,0.0,14.200000000000001
2016-12-17,8.012500000000001,5.66387130785593,-5.24846093002782,1.0,746.0,45.45454545454545,15.233333333333334,66.5,0.0,13.200000000000001
2016-12-18,8.362499999999999,6.452210585159915,-5.070592345277528,1.0,647.0,50.90909090909091,15.008333333333333,63.875,0.0,13.100000000000001
2016-12-19,11.079166666666666,9.624709154461836,-5.165525631236858,1.0,659.0,94.0909090909091,15.258333333333333,63.041666666666664,0.0,14.400000000000002
2016-12-20,16.741666666666667,14.922276411235833,-7.213276371292872,1.0,755.0,254.54545454545453,17.208333333333332,56.958333333333336,0.0,12.200000000000001
2016-12-21,14.783333333333333,13.658603144725435,-5.568113381709243,1.0,685.0,221.8181818181818,17.325,52.166666666666664,0.0,13.2
2016-12-22,7.55,4.217793063124938,-4.5456686223645955,0.7916666666666666,664.0,82.27272727272727,16.429166666666667,60.0,0.0,13.200000000000001
2016-12-23,3.15,0.897565799615835,-1.075774422227963,0.4583333333333333,529.0,12.272727272727273,16.695833333333333,67.70833333333333,0.0,13.5
2016-12-24,9.604166666666666,-7.651089924788509,5.383387953551694,0.0,741.0,71.36363636363636,16.095833333333335,73.0,0.0,14.3
2016-12-25,9.045833333333333,0.4574397068340185,0.5728739373689705,0.4583333333333333,1021.0,168.1818181818182,16.179166666666667,78.16666666666667,0.0,9.700000000000001
2016-12-26,11.470833333333333,8.80380056178589,-7.068461055699376,1.0,843.0,160.45454545454547,16.054166666666667,73.16666666666667,0.0,11.200000000000001
2016-12-27,10.216666666666667,8.681471257147612,-4.996131656233541,1.0,739.0,84.0909090909091,15.6625,63.25,0.0,13.2
2016-12-28,6.3374999999999995,3.984149743490439,-1.6204307183311792,0.75,704.0,24.545454545454547,15.791666666666666,68.20833333333333,0.0,14.999999999999998
2016-12-29,8.700000000000001,-7.200360434527215,4.456327905997317,0.0,643.0,66.36363636363636,15.779166666666667,75.625,0.0,13.4
2016-12-30,9.108333333333333,-7.969474682138877,4.252212027839769,0.0,736.0,95.0,16.029166666666665,79.79166666666667,0.0,10.900000000000002
2016-12-31,9.549999999999999,-7.768805178673308,5.321483880895813,0.0,834.0,82.72727272727273,15.325000000000001,78.25,0.0,11.200000000000001
2017-01-01,9.108333333333333,-8.444259472509287,1.4159420237167264,0.0,1344.0,90.9090909090909,15.704166666666666,79.66666666666667,0.0,10.7
2017-01-02,6.954166666666667,-1.5416511473592938,-3.9001455894832997,0.2916666666666667,1053.0,74.77272727272727,15.566666666666668,81.875,0.0,11.0
2017-01-03,5.191666666666666,3.6642498179193725,-2.387615196715561,0.7916666666666666,1129.0,33.18181818181818,16.079166666666666,74.79166666666667,0.0,12.1
2017-01-04,5.8,-0.14797515832909217,4.759080173678778,0.0,989.0,30.454545454545453,16.608333333333334,73.70833333333333,0.0,12.7
2017-01-05,6.6375,0.9262364062973445,2.334259713346131,0.20833333333333334,1032.0,37.72727272727273,16.733333333333334,77.91666666666667,0.0,12.499999999999998
2017-01-06,10.845833333333333,-5.636336626805135,7.4467482621889,0.0,1162.0,64.54545454545455,16.791666666666668,76.95833333333333,1.8,10.6
2017-01-07,10.700000000000001,-6.452972683861575,3.496920661664502,0.041666666666666664,668.0,133.1818181818182,14.5875,87.04166666666667,5.4,7.999999999999998
2017-01-08,7.9624999999999995,-3.552336107401272,-3.681054968572509,0.2916666666666667,801.0,117.72727272727273,13.658333333333333,81.16666666666667,0.0,7.799999999999999
2017-01-09,9.450000000000001,3.1798052765773615,-8.108362253983769,0.8333333333333334,1100.0,97.72727272727273,13.008333333333333,71.625,0.0,10.799999999999999
2017-01-10,10.895833333333334,8.97559977870917,-5.884883515469686,1.0,1150.0,80.45454545454545,11.016666666666666,59.75,0.0,10.299999999999999
2017-01-11,10.737499999999999,9.495880950005693,-3.8145863327814524,0.9166666666666666,1879.0,51.81818181818182,9.674999999999999,57.375,0.0,11.4
2017-01-12,8.9125,6.415789723288813,-4.800999238203227,0.8333333333333334,1017.0,40.45454545454545,10.158333333333333,64.08333333333333,0.0,12.7
2017-01-13,9.2125,5.470200836008559,-6.524565891118126,1.0,844.0,38.18181818181818,10.5,65.83333333333333,0.0,12.899999999999999
2017-01-14,7.5,5.032248843446555,-5.171820299849856,1.0,715.0,51.81818181818182,11.366666666666667,64.25,0.0,14.1
2017-01-15,6.733333333333333,-0.11824700849225882,1.8128875188903943,0.25,720.0,35.90909090909091,13.820833333333333,63.041666666666664,0.0,12.0
2017-01-16,11.629166666666668,6.001223075183727,-1.6400564588248245,0.5833333333333334,1080.0,105.0,14.525,62.166666666666664,0.2,9.100000000000001
2017-01-17,9.691666666666666,8.238035632472682,-4.976097604733531,1.0,941.0,126.36363636363636,10.683333333333332,75.625,0.0,10.600000000000001
2017-01-18,8.804166666666667,4.019688759008339,-7.698169760985134,1.0,714.0,82.72727272727273,11.504166666666668,72.58333333333333,0.0,13.900000000000002
2017-01-19,13.479166666666666,8.476410968527667,-10.214027280085899,1.0,699.0,186.36363636363637,12.920833333333334,66.5,0.0,13.700000000000001
2017-01-20,12.254166666666668,10.791287791115101,-5.574166803442313,1.0,617.0,145.0,12.012500000000001,68.04166666666667,0.0,12.8
2017-01-21,9.529166666666667,8.389465025255177,-3.801031197862095,1.0,454.0,92.27272727272727,13.279166666666667,65.79166666666667,0.1,12.5
2017-01-22,8.016666666666667,4.080959931365863,-6.503011601754607,1.0,634.0,68.63636363636364,15.729166666666666,72.91666666666667,0.0,13.2
2017-01-23,9.179166666666667,6.253843947599685,-5.923488231063726,1.0,808.0,77.72727272727273,16.354166666666668,70.91666666666667,0.0,12.9
2017-01-24,6.716666666666666,1.0321450047658047,-3.754457863269374,0.5833333333333334,647.0,39.54545454545455,16.95,70.83333333333333,0.0,14.499999999999998
2017-01-25,12.9375,-9.619233610419501,6.413880264245463,0.0,757.0,66.81818181818181,18.474999999999998,75.29166666666667,12.8,11.5
2017-01-26,11.808333333333332,-6.705381975156914,4.099829862734894,0.041666666666666664,229.0,159.54545454545453,16.308333333333334,89.875,33.3,5.300000000000001
2017-01-27,12.920833333333334,11.711175639964802,-2.5505946007197036,0.7083333333333334,1108.0,189.54545454545453,14.741666666666667,81.45833333333333,1.8,5.499999999999998
2017-01-28,9.987499999999999,8.095104121285376,-5.640996335541668,1.0,1048.0,123.18181818181819,14.266666666666666,81.83333333333333,0.0,9.6
2017-01-29,12.4,11.440381891000738,-4.149228609817025,0.875,702.0,138.63636363636363,14.9125,82.125,0.0,10.0
2017-01-30,7.279166666666666,5.763499149331238,-1.4964579713367752,0.5833333333333334,813.0,48.63636363636363,14.8125,84.41666666666667,0.0,10.700000000000001
2017-01-31,6.875,3.054233901877698,-4.7607903600252826,0.75,901.0,41.36363636363637,15.658333333333333,84.29166666666667,0.0,10.1
2017-02-01,9.004166666666666,7.666451633630363,-4.198590755343596,1.0,1126.0,70.45454545454545,14.674999999999999,80.95833333333333,0.0,10.8
2017-02-02,6.304166666666667,3.2732310275994636,-4.78617381806083,1.0,916.0,27.727272727272727,14.770833333333334,78.45833333333333,0.0,12.2
2017-02-03,6.879166666666666,1.7528110569661284,-3.8044417297679765,0.75,694.0,28.636363636363637,14.716666666666667,82.29166666666667,0.0,12.899999999999999
2017-02-04,14.633333333333333,-11.857268399118183,8.450784947731655,0.0,600.0,134.0909090909091,16.858333333333334,78.58333333333333,0.0,10.900000000000002
2017-02-05,13.045833333333334,-10.786494388163284,5.512617963541914,0.041666666666666664,845.0,172.72727272727272,17.683333333333334,79.41666666666667,3.2,7.200000000000001
2017-02-06,10.741666666666667,7.776632657620804,-6.62969941005774,0.9583333333333334,1058.0,57.27272727272727,16.179166666666667,77.625,0.1,10.0
2017-02-07,11.424999999999999,9.589410889726034,-5.774405459625868,1.0,715.0,89.54545454545455,14.304166666666667,73.25,0.0,10.3
2017-02-08,8.15,6.235268249776837,-3.2112016735676865,0.875,849.0,52.27272727272727,14.879166666666668,72.91666666666667,0.0,12.2
2017-02-09,10.875,5.7112727277148,-7.697827976504993,0.8333333333333334,1340.0,58.63636363636363,14.716666666666667,71.83333333333333,0.0,11.2
2017-02-10,12.408333333333333,10.295002954160848,-6.750399099472865,1.0,1123.0,82.27272727272727,14.570833333333333,68.20833333333333,0.0,11.200000000000001
2017-02-11,8.112499999999999,5.731714352022055,-5.002191770066972,1.0,865.0,40.0,14.012500000000001,69.66666666666667,0.0,13.399999999999999
2017-02-12,7.595833333333334,0.6432297359835175,-6.066487640020406,0.5416666666666666,1235.0,36.36363636363637,15.008333333333333,71.95833333333333,0.0,13.700000000000001
2017-02-13,9.266666666666667,6.314603567615246,-6.442604251229478,1.0,1042.0,62.27272727272727,15.7875,67.625,0.0,13.1
2017-02-14,10.5375,9.363305119602137,-4.346153541445228,1.0,796.0,64.0909090909091,16.425,65.08333333333333,0.0,13.8
2017-02-15,9.704166666666667,8.573010830046716,-3.485634470251767,0.9583333333333334,779.0,45.90909090909091,17.616666666666667,65.0,0.0,14.000000000000002
2017-02-16,12.720833333333333,10.71102845365174,-6.564961186551879,1.0,835.0,92.27272727272727,19.945833333333333,61.083333333333336,0.0,14.099999999999998
2017-02-17,11.979166666666666,10.29527842606706,-5.671234139494481,1.0,783.0,108.63636363636364,20.104166666666668,63.875,0.0,12.2
2017-02-18,10.1625,8.308779891003612,-5.656152000197687,1.0,929.0,69.0909090909091,20.599999999999998,65.70833333333333,0.0,14.3
2017-02-19,8.950000000000001,4.493430171209691,-3.57415636545254,0.625,924.0,38.63636363636363,21.537499999999998,62.416666666666664,0.0,13.500000000000002
2017-02-20,7.579166666666667,-0.8777263916802817,2.620934691909952,0.125,1708.0,54.54545454545455,22.391666666666666,63.083333333333336,0.0,13.0
2017-02-21,10.316666666666666,8.171641325317443,-0.9242367340342511,0.5416666666666666,1675.0,72.27272727272727,19.429166666666667,63.791666666666664,0.0,10.7
2017-02-22,8.891666666666667,3.194659163818945,-3.779403970036744,0.5416666666666666,2115.0,33.18181818181818,18.900000000000002,57.125,0.0,12.6
2017-02-23,13.799999999999999,10.503596192360726,-8.818952673926814,1.0,1571.0,87.72727272727273,17.900000000000002,44.291666666666664,0.0,13.299999999999999
2017-02-24,17.729166666666668,14.649965005548331,-9.697011403228707,1.0,1516.0,163.1818181818182,18.295833333333334,37.458333333333336,0.0,12.799999999999999
2017-02-25,16.912499999999998,15.07785222672465,-6.926311504004729,1.0,1299.0,141.36363636363637,19.279166666666665,38.875,0.0,13.700000000000001
2017-02-26,13.241666666666667,11.325340226145359,-5.8823568998236935,0.9166666666666666,1482.0,73.18181818181819,18.829166666666666,45.541666666666664,0.0,13.499999999999998
2017-02-27,11.1875,7.812821265795857,-4.924791459689698,0.8333333333333334,1386.0,38.18181818181818,19.420833333333334,48.208333333333336,0.0,15.2
2017-02-28,5.558333333333334,-0.14697852180969137,-2.2557647136575905,0.5416666666666666,983.0,27.727272727272727,22.004166666666666,46.583333333333336,0.0,13.899999999999999
2017-03-01,7.25,0.0755957399078689,-1.040416845327609,0.4166666666666667,1256.0,35.45454545454545,22.258333333333336,55.958333333333336,2.9,9.600000000000001
2017-03-02,7.416666666666667,1.659645929166727,-4.78988853272901,0.375,1638.0,35.90909090909091,20.320833333333333,61.708333333333336,1.2999999999999998,13.100000000000001
2017-03-03,10.291666666666666,5.04921395541358,-8.333335708727425,1.0,1515.0,61.36363636363637,19.704166666666666,45.625,0.0,12.899999999999999
2017-03-04,11.433333333333332,9.083818100178595,-6.674893183720322,1.0,1580.0,50.90909090909091,18.474999999999998,43.208333333333336,0.0,12.900000000000002
2017-03-05,13.391666666666666,11.201586426113392,-6.744369685790228,1.0,1824.0,68.63636363636364,18.8625,43.458333333333336,0.0,14.7
2017-03-06,11.933333333333332,10.33611520917908,-5.191128306714343,1.0,1705.0,68.18181818181819,19.4375,42.625,0.0,14.399999999999999
2017-03-07,7.970833333333334,0.2568284837436082,-1.5918215405555711,0.20833333333333334,1136.0,44.54545454545455,20.479166666666668,45.666666666666664,0.0,14.0
2017-03-08,11.279166666666667,-8.150597692758874,-5.7802705412240085,0.0,1175.0,161.36363636363637,20.541666666666668,49.75,1.2,9.399999999999999
2017-03-09,9.558333333333334,-5.018734259894804,-2.062929788011862,0.125,1639.0,148.1818181818182,19.1125,63.791666666666664,0.3,11.799999999999999
2017-03-10,11.091666666666667,-5.198058284966137,4.5574551111359325,0.08333333333333333,807.0,200.45454545454547,17.125,76.91666666666667,12.1,9.3
2017-03-11,9.975,-5.1709336533895645,-1.354670992747837,0.125,1652.0,200.9090909090909,16.1125,76.04166666666667,1.3,9.7
2017-03-12,9.629166666666666,4.574169946766677,-6.965879595290876,0.8333333333333334,2173.0,65.45454545454545,15.970833333333333,62.916666666666664,0.0,11.3
2017-03-13,11.733333333333334,7.307489625395987,-7.152001752827847,0.8333333333333334,1570.0,71.36363636363636,16.2,53.166666666666664,0.0,12.5
2017-03-14,8.254166666666666,2.988871022551045,-6.212076669881132,0.7083333333333334,1442.0,41.36363636363637,17.508333333333333,52.833333333333336,0.0,14.8
2017-03-15,9.679166666666667,6.165724038750301,-5.774693177612609,0.9166666666666666,1412.0,81.81818181818181,18.929166666666667,53.875,0.0,15.599999999999998
2017-03-16,8.262500000000001,4.430844362025061,-4.9251675794286305,0.7083333333333334,1125.0,56.36363636363637,20.279166666666665,52.0,0.0,13.6
2017-03-17,11.4,7.61360507950292,-7.683202789294266,0.9583333333333334,1922.0,82.27272727272727,19.866666666666667,55.916666666666664,0.0,12.599999999999998
2017-03-18,8.804166666666667,4.016004375465964,-3.7956492334334104,0.7083333333333334,1341.0,52.27272727272727,20.520833333333332,50.458333333333336,0.0,14.2
2017-03-19,7.841666666666666,2.774313114385418,-1.3413568522537809,0.375,2035.0,20.90909090909091,21.483333333333334,55.0,1.3,13.499999999999998
2017-03-20,11.6875,10.477569844773347,-3.2908279665722553,0.7083333333333334,1830.0,43.18181818181818,21.84583333333333,55.541666666666664,0.0,14.3
2017-03-21,11.929166666666667,10.241618952442339,-3.8200966016273554,0.7916666666666666,1989.0,50.45454545454545,23.520833333333332,48.291666666666664,0.0,16.1
2017-03-22,12.25,10.60682417191083,-3.768205299670059,0.75,1569.0,43.18181818181818,25.545833333333334,47.541666666666664,0.0,15.899999999999999
2017-03-23,7.804166666666667,3.4405654491615696,-0.5486552824436312,0.3333333333333333,1504.0,39.09090909090909,25.84166666666667,49.666666666666664,0.2,16.8
2017-03-24,12.216666666666667,7.92095843601727,-9.191220344584845,1.0,1684.0,81.36363636363636,25.9875,47.416666666666664,0.0,14.0
2017-03-25,12.804166666666667,10.061942596043787,-7.600426488748714,1.0,1740.0,75.45454545454545,25.46666666666667,40.541666666666664,0.0,15.100000000000001
2017-03-26,15.066666666666668,13.150625962155749,-6.356567869127549,0.875,1604.0,105.9090909090909,26.704166666666666,38.541666666666664,0.0,14.3
2017-03-27,16.95,13.787418871296486,-9.430481943272344,1.0,1714.0,148.1818181818182,28.425,39.791666666666664,0.0,14.3
2017-03-28,12.016666666666666,8.869703777476413,-7.138981517424153,0.9583333333333334,1843.0,76.36363636363636,28.974999999999998,42.791666666666664,0.0,15.499999999999996
2017-03-29,14.216666666666667,11.821162687698555,-6.048368571199188,0.875,1762.0,96.81818181818181,29.766666666666666,39.166666666666664,0.0,14.7
2017-03-30,13.645833333333334,11.039616187379792,-6.228075248621354,0.9166666666666666,2434.0,100.9090909090909,29.84166666666667,35.708333333333336,0.0,14.499999999999996
2017-03-31,10.779166666666667,8.634105659938808,-3.9165028939594735,0.7916666666666666,1973.0,51.36363636363637,30.0625,39.416666666666664,0.0,14.399999999999999
2017-04-01,12.904166666666667,10.122364245920458,-6.265974856789232,0.9166666666666666,3027.0,87.27272727272727,29.77916666666667,35.5,0.0,15.300000000000004
2017-04-02,13.383333333333333,11.143433075442488,-6.339277226974432,0.9166666666666666,2239.0,80.9090909090909,29.40833333333333,29.0,0.0,14.8
2017-04-03,10.6,7.7990476033367315,-4.5843023777928975,0.75,2101.0,56.36363636363637,29.1375,31.125,0.0,16.2
2017-04-04,10.516666666666667,-1.6679960231912936,-6.118299152368614,0.16666666666666666,1971.0,43.18181818181818,29.058333333333334,31.625,0.0,15.3
2017-04-05,20.400000000000002,-16.60174516798126,6.6804600314793845,0.0,1591.0,310.0,28.34166666666667,41.291666666666664,1.1,11.400000000000002
2017-04-06,17.454166666666666,-2.3964925172158758,9.266213063876407,0.16666666666666666,3285.0,304.54545454545456,28.75,39.75,0.0,15.399999999999999
2017-04-07,10.145833333333334,-0.5731251417083503,-4.151814806399698,0.3333333333333333,3349.0,80.0,26.454166666666666,39.666666666666664,0.0,14.000000000000004
2017-04-08,10.225,7.431933246966071,-5.2362036996539265,0.9583333333333334,2365.0,57.72727272727273,25.483333333333334,24.0,0.0,15.399999999999999
2017-04-09,17.425,12.001714904724503,-12.25949066380519,1.0,2076.0,194.54545454545453,25.670833333333334,22.125,0.0,12.2
2017-04-10,20.537499999999998,17.220977007013037,-10.99406853793949,1.0,2499.0,217.27272727272728,25.962500000000002,21.625,0.0,14.399999999999999
2017-04-11,19.095833333333335,16.53049520345098,-9.287988045161322,1.0,2548.0,139.54545454545453,28.15416666666667,23.708333333333332,0.0,16.299999999999997
2017-04-12,15.645833333333334,11.784679412427671,-8.563482920225653,0.9583333333333334,2889.0,86.81818181818181,29.554166666666664,26.041666666666668,0.0,17.0
2017-04-13,8.783333333333333,2.5858575350024267,-3.3250614231667726,0.4583333333333333,2559.0,29.545454545454547,30.325,27.125,0.0,17.8
2017-04-14,8.5625,-2.0911740247463406,5.755904357915333,0.08333333333333333,2383.0,48.18181818181818,30.90833333333333,27.625,0.0,15.5
2017-04-15,10.195833333333333,6.277113863383334,-3.124851293207792,0.6666666666666666,3164.0,35.90909090909091,31.28333333333333,26.958333333333332,0.0,17.7
2017-04-16,8.725,1.500955546548641,-4.186542837840727,0.5,1941.0,40.90909090909091,31.054166666666664,30.666666666666668,0.0,16.500000000000004
2017-04-17,10.737499999999999,-4.367788473812257,1.3090960645732928,0.20833333333333334,2463.0,72.72727272727273,31.958333333333332,38.458333333333336,0.0,16.0
2017-04-18,8.779166666666667,5.385628577564954,-0.8737964147055339,0.5416666666666666,2833.0,42.72727272727273,32.69166666666667,35.041666666666664,0.0,17.799999999999997
2017-04-19,11.204166666666666,8.662658653259829,-2.6909454966484705,0.625,2854.0,60.90909090909091,33.699999999999996,19.833333333333332,0.0,15.900000000000002
2017-04-20,9.691666666666666,5.6038244479740555,-0.7668125963949883,0.5416666666666666,2520.0,72.72727272727273,33.7,24.791666666666668,0.0,17.2
2017-04-21,10.845833333333333,-2.391180358432629,3.366332224985411,0.125,1698.0,178.63636363636363,33.28333333333333,38.416666666666664,0.0,15.0
2017-04-22,8.570833333333333,-0.3003704884802236,-0.9068997931288286,0.16666666666666666,1700.0,62.72727272727273,32.512499999999996,47.375,2.0,13.399999999999999
2017-04-23,10.766666666666666,7.774390309229578,-4.194784588692981,0.75,3290.0,85.45454545454545,31.45,38.416666666666664,0.0,14.099999999999998
2017-04-24,11.583333333333334,8.59148767902309,-5.0049708763456975,0.8333333333333334,3036.0,143.63636363636363,30.441666666666666,30.791666666666668,2.0999999999999996,12.899999999999999
2017-04-25,13.274999999999999,9.898757119340383,-6.01817068968596,0.7916666666666666,3607.0,191.36363636363637,30.53333333333333,24.166666666666668,0.0,13.700000000000003
2017-04-26,10.3125,9.14191019621427,-1.1078194170991116,0.7083333333333334,4178.0,82.27272727272727,29.97083333333333,23.25,0.0,15.2
2017-04-27,8.424999999999999,3.8084030927556154,-3.0242282929780053,0.5,3369.0,91.36363636363636,30.599999999999998,24.291666666666668,0.0,15.5
2017-04-28,9.516666666666667,4.291402317561272,-1.309972357983676,0.5,3547.0,68.18181818181819,30.445833333333336,28.666666666666668,0.3,15.599999999999998
2017-04-29,7.129166666666666,0.07917122277777426,1.9393008948908186,0.20833333333333334,1655.0,58.63636363636363,30.820833333333336,30.458333333333332,0.0,14.300000000000004
2017-04-30,12.104166666666666,-7.12078378852376,2.658659052288288,0.041666666666666664,2910.0,168.63636363636363,29.974999999999998,33.916666666666664,0.1,13.700000000000003
2017-05-01,7.425,-2.3603465679428637,-5.097230400890195,0.20833333333333334,2874.0,40.45454545454545,29.929166666666664,31.541666666666668,0.0,14.899999999999999
2017-05-02,5.7,1.4357741627988012,0.38956566432010503,0.2916666666666667,3231.0,33.63636363636363,31.9375,21.666666666666668,0.0,13.599999999999998
2017-05-03,8.895833333333334,1.1395934707428061,1.161909680350641,0.3333333333333333,3684.0,60.0,31.666666666666668,25.333333333333332,0.0,11.800000000000004
2017-05-04,12.858333333333334,8.707947169902194,-2.145802770032318,0.625,2903.0,74.54545454545455,31.599999999999998,25.25,0.0,12.7
2017-05-05,10.416666666666666,6.923119285934367,-5.89955874265835,0.8333333333333334,2996.0,37.72727272727273,31.75,25.75,0.0,15.900000000000002
2017-05-06,9.158333333333333,4.40651044168257,-4.120666268838678,0.625,2584.0,29.09090909090909,33.233333333333334,23.958333333333332,0.0,16.000000000000004
2017-05-07,8.5625,5.018575482933787,-3.6052548291675546,0.75,3489.0,23.181818181818183,34.56666666666667,23.291666666666668,0.0,16.900000000000002
2017-05-08,8.058333333333334,0.9004039905470993,-1.0223518596653818,0.375,2607.0,79.54545454545455,34.233333333333334,22.75,0.0,16.1
2017-05-09,13.366666666666667,-3.891954236692993,1.2341112856121097,0.16666666666666666,2431.0,165.0,33.75,31.666666666666668,0.0,16.5
2017-05-10,14.495833333333332,-10.962188021619886,5.692240288281096,0.0,1198.0,322.27272727272725,32.31666666666667,43.583333333333336,1.8,12.899999999999999
2017-05-11,10.616666666666667,-4.531490632684544,0.8232858359857734,0.16666666666666666,2256.0,159.54545454545453,33.604166666666664,38.125,0.0,12.799999999999997
2017-05-12,9.133333333333333,-3.6062833338907265,-4.572350474674608,0.20833333333333334,2727.0,50.90909090909091,33.09166666666667,36.916666666666664,1.4,14.0
2017-05-13,9.379166666666666,4.380644671317846,-5.208497917252253,0.625,3237.0,109.54545454545455,33.62083333333333,33.291666666666664,0.1,14.199999999999996
2017-05-14,9.954166666666667,6.07382186554081,-3.5412796801262307,0.4166666666666667,3950.0,56.36363636363637,35.05833333333333,23.166666666666668,0.0,15.8
2017-05-15,9.583333333333334,8.038234617955606,0.20100977487244828,0.4166666666666667,4070.0,45.90909090909091,35.270833333333336,21.875,0.0,15.3
2017-05-16,11.841666666666667,6.68293595144969,-6.415471684782163,0.6666666666666666,2993.0,191.36363636363637,33.833333333333336,27.5,0.7,13.3
2017-05-17,7.970833333333334,0.7326421889240478,-0.3260415300895039,0.4166666666666667,1877.0,86.81818181818181,31.15833333333333,40.041666666666664,1.0,10.5
2017-05-18,9.545833333333333,-0.024101542128680913,1.2435864834816657,0.20833333333333334,3139.0,115.0,31.55,42.541666666666664,0.4,12.8
2017-05-19,8.262500000000001,1.547561495985639,1.3302510421905245,0.2916666666666667,2644.0,116.81818181818181,33.1625,37.75,0.0,14.499999999999996
2017-05-20,8.004166666666666,6.464224990995393,0.4823039059797673,0.5,2866.0,87.27272727272727,33.06666666666667,31.208333333333332,0.0,14.0
2017-05-21,9.541666666666666,4.577328397190779,-1.7257058712328763,0.4166666666666667,2539.0,132.27272727272728,32.46666666666667,34.25,0.0,13.599999999999998
2017-05-22,7.083333333333333,5.739402929999383,-1.5419971814138027,0.5833333333333334,1587.0,87.27272727272727,30.675,43.875,0.9,13.400000000000002
2017-05-23,9.379166666666666,4.951393434268705,-1.647101588055487,0.4166666666666667,2864.0,46.81818181818182,31.5125,42.208333333333336,0.1,12.699999999999996
2017-05-24,8.8125,-2.751837286052178,2.6079845217545903,0.125,2803.0,58.63636363636363,33.050000000000004,39.625,0.2,13.700000000000003
2017-05-25,8.033333333333333,-2.5641421202004753,0.3068947625663718,0.20833333333333334,3121.0,100.9090909090909,33.56666666666667,39.125,0.0,13.200000000000003
2017-05-26,10.516666666666667,-3.9010838306572935,1.8627028159549879,0.08333333333333333,2872.0,145.9090909090909,35.420833333333334,32.958333333333336,0.0,14.8
2017-05-27,15.737499999999999,-12.056630700262838,7.3795045645934,0.041666666666666664,1706.0,454.54545454545456,32.9375,46.166666666666664,0.2,12.499999999999996
2017-05-28,16.775000000000002,-13.80626363464183,8.617097672911719,0.0,1691.0,466.8181818181818,32.44583333333333,51.208333333333336,0.3,10.100000000000001
2017-05-29,13.754166666666668,-10.530728699740072,7.048710661101424,0.0,1418.0,380.45454545454544,29.9375,56.958333333333336,2.4,10.100000000000001
2017-05-30,7.308333333333334,-5.710171705119355,1.1426806995088772,0.08333333333333333,2035.0,195.45454545454547,30.02916666666667,60.625,0.5,10.699999999999996
2017-05-31,12.379166666666668,-7.811272555086613,7.095388356555094,0.041666666666666664,1318.0,241.36363636363637,30.895833333333332,56.958333333333336,0.2,11.000000000000004
2017-06-01,7.420833333333333,3.4453823130302106,-2.344486673547618,0.5416666666666666,2039.0,40.90909090909091,31.4375,55.583333333333336,0.0,10.999999999999996
2017-06-02,8.862499999999999,8.337811735586323,-0.49353635178218774,0.5416666666666666,2648.0,68.18181818181819,32.65,43.0,0.0,14.5
2017-06-03,12.179166666666667,10.561194695763957,-4.330537491087406,0.7916666666666666,2833.0,92.27272727272727,35.225,35.333333333333336,0.0,14.8
2017-06-04,16.400000000000002,15.286481607381331,-1.2279155997125624,0.5416666666666666,3293.0,152.72727272727272,37.270833333333336,26.166666666666668,0.0,14.400000000000002
2017-06-05,19.345833333333335,18.703289652020732,-0.4239700505683863,0.4583333333333333,2887.0,503.1818181818182,37.895833333333336,29.125,0.0,8.899999999999999
2017-06-06,16.3625,8.159017361295655,-0.8051684712483066,0.5416666666666666,2803.0,541.8181818181819,36.86666666666667,36.333333333333336,0.30000000000000004,8.699999999999996
2017-06-07,12.979166666666666,-9.91309864584746,2.024356121615304,0.08333333333333333,1331.0,343.6363636363636,31.745833333333334,56.916666666666664,0.6,9.600000000000001
2017-06-08,6.425,-1.3021364706197807,1.8926648620807536,0.125,1445.0,125.45454545454545,31.441666666666666,57.208333333333336,3.8000000000000003,8.700000000000003
2017-06-09,6.379166666666666,1.6906597052247914,1.4305223380146554,0.20833333333333334,2025.0,78.63636363636364,31.02916666666667,55.125,0.30000000000000004,10.300000000000004
2017-06-10,6.366666666666667,1.3660440554359388,-0.4463089270504474,0.16666666666666666,2045.0,37.27272727272727,32.266666666666666,50.458333333333336,0.6,12.799999999999997
2017-06-11,7.0,3.6569069248059485,-3.535634674057451,0.7083333333333334,2177.0,39.09090909090909,32.141666666666666,45.791666666666664,0.2,12.3
2017-06-12,10.612499999999999,8.546803130209641,-5.584826305037357,0.9166666666666666,2569.0,54.09090909090909,32.8375,42.25,0.0,13.2
2017-06-13,9.8375,8.255771320939477,0.4712959915374267,0.375,2772.0,44.54545454545455,33.770833333333336,36.666666666666664,0.1,13.899999999999999
2017-06-14,12.2125,11.450895332699602,1.238319928549421,0.4583333333333333,2508.0,128.1818181818182,34.416666666666664,34.833333333333336,0.4,13.899999999999999
2017-06-15,10.6,8.168256492978369,-2.1491896215174346,0.5833333333333334,2746.0,177.72727272727272,32.90416666666667,48.291666666666664,2.2,11.700000000000003
2017-06-16,6.633333333333333,-2.600938001577544,2.6519100724800624,0.0,1158.0,152.27272727272728,30.995833333333334,49.041666666666664,0.4,12.400000000000002
2017-06-17,7.233333333333333,1.408434748886424,3.294900854323629,0.20833333333333334,1649.0,131.36363636363637,30.508333333333336,61.416666666666664,7.0,12.3
2017-06-18,8.729166666666666,7.702640728164455,1.03708579360498,0.375,1564.0,83.18181818181819,30.837500000000002,65.875,3.1,11.3
2017-06-19,11.708333333333334,9.562557320094026,0.7262060330954797,0.4166666666666667,1851.0,115.9090909090909,31.412499999999998,64.54166666666667,5.5,8.700000000000003
2017-06-20,5.595833333333334,-1.916927499576339,-0.9369483719970239,0.3333333333333333,731.0,94.0909090909091,29.7375,69.625,10.2,9.899999999999999
2017-06-21,9.958333333333334,1.522332900982273,-0.031127462267578194,0.375,1330.0,92.72727272727273,28.6875,71.25,2.4000000000000004,9.0
2017-06-22,8.295833333333333,7.576070156003397,-0.11263764617851002,0.625,1296.0,99.0909090909091,29.079166666666666,68.375,0.0,9.200000000000003
2017-06-23,7.491666666666667,6.87165723262785,-1.332811198392122,0.7083333333333334,1666.0,95.0,29.349999999999998,70.625,5.5,7.700000000000003
2017-06-24,4.470833333333333,1.6775553617522512,0.7237373989870077,0.375,1783.0,49.09090909090909,31.599999999999998,60.5,0.0,9.599999999999998
2017-06-25,8.166666666666666,-7.250548510597912,2.2883786154411263,0.0,1726.0,113.18181818181819,33.083333333333336,58.458333333333336,0.2,7.599999999999998
2017-06-26,11.458333333333334,-10.457761400793615,2.274774994926966,0.0,1663.0,350.90909090909093,33.50833333333333,59.625,2.3000000000000003,8.0
2017-06-27,11.579166666666666,-10.019818026049078,4.538191833926487,0.0,1590.0,324.54545454545456,32.93333333333333,61.958333333333336,1.1,8.600000000000001
2017-06-28,12.720833333333333,-10.623361674875094,0.07391217324016007,0.041666666666666664,655.0,190.0,29.46666666666667,79.875,24.1,6.699999999999999
2017-06-29,12.549999999999999,-10.180560900638916,5.864116083613124,0.0,707.0,366.8181818181818,27.825,85.29166666666667,3.6,5.400000000000002
2017-06-30,7.758333333333333,-4.72169102593,5.65478168338312,0.0,816.0,216.36363636363637,27.816666666666666,86.29166666666667,15.1,4.5
2017-07-01,5.8500000000000005,-2.8154597405432713,1.3884414271410959,0.041666666666666664,810.0,147.27272727272728,28.620833333333334,85.45833333333333,10.5,4.700000000000003
2017-07-02,9.345833333333333,-7.46574546523832,3.595819599036408,0.0,534.0,288.1818181818182,27.941666666666666,86.29166666666667,12.4,4.699999999999999
2017-07-03,6.0625,-1.1163551543764954,2.6944795381255493,0.16666666666666666,1033.0,143.63636363636363,29.183333333333334,81.91666666666667,3.5,6.899999999999999
2017-07-04,14.883333333333333,12.979862455579052,-0.26988101454209584,0.4583333333333333,1306.0,181.8181818181818,30.775000000000002,74.45833333333333,3.8,7.0
2017-07-05,12.3125,9.070034731831207,2.2460914611043186,0.375,1295.0,224.0909090909091,30.77916666666667,71.25,0.4,6.899999999999999
2017-07-06,8.458333333333334,3.7770395518489193,1.3383858314805022,0.25,1033.0,167.27272727272728,30.09583333333333,71.83333333333333,1.0,7.399999999999999
2017-07-07,9.225,-0.6988953821219418,2.54857281437348,0.25,1317.0,141.36363636363637,29.895833333333332,75.29166666666667,1.7,8.8
2017-07-08,8.016666666666667,4.510339325532775,-1.334055769003869,0.4583333333333333,1499.0,82.27272727272727,31.0625,71.70833333333333,0.1,7.900000000000002
2017-07-09,11.012500000000001,8.174776633028939,-0.627544116945034,0.5,1569.0,75.45454545454545,32.25,63.625,0.0,8.099999999999998
2017-07-10,13.549999999999999,7.686054461111925,2.1466080352689634,0.5,1460.0,271.3636363636364,32.074999999999996,59.5,0.4,7.299999999999997
2017-07-11,9.770833333333334,2.22295591042545,4.9503275458523746,0.25,839.0,182.72727272727272,30.408333333333335,69.125,1.4000000000000001,7.200000000000003
2017-07-12,12.104166666666666,-7.121472870368372,7.1162424071230745,0.0,538.0,280.0,28.2375,78.33333333333333,1.1,4.800000000000001
2017-07-13,12.887500000000001,-12.388128238380261,1.1937389797107778,0.0,1134.0,285.90909090909093,29.270833333333332,72.20833333333333,0.6000000000000001,6.399999999999999
2017-07-14,13.533333333333333,-13.41487259801802,0.5894510824247138,0.0,1202.0,530.0,29.754166666666666,72.83333333333333,0.6,5.799999999999997
2017-07-15,12.741666666666667,-11.996609586496424,3.334103876114456,0.0,1000.0,387.27272727272725,29.491666666666664,76.41666666666667,9.6,5.399999999999999
2017-07-16,9.370833333333334,-8.55109906228265,2.9134380932083612,0.0,1135.0,266.3636363636364,29.833333333333332,79.08333333333333,5.1000000000000005,5.699999999999996
2017-07-17,8.283333333333333,-7.530681610449363,0.9675696958733934,0.0,704.0,199.54545454545453,29.75,80.45833333333333,5.800000000000001,5.700000000000003
2017-07-18,6.616666666666667,-5.146349927207101,2.6557524981807346,0.0,1251.0,139.0909090909091,30.241666666666664,78.91666666666667,4.3,6.799999999999997
2017-07-19,6.258333333333333,-2.216778431196612,-2.003210433733629,0.25,1146.0,89.0909090909091,31.491666666666664,72.66666666666667,2.0,7.5000000000000036
2017-07-20,10.958333333333334,-9.569781544548432,2.4315537309236652,0.0,940.0,205.45454545454547,29.462500000000002,77.66666666666667,14.0,6.799999999999997
2017-07-21,12.179166666666667,-11.920431967094222,0.48489657992217405,0.0,1236.0,355.0,29.7375,76.25,5.7,4.900000000000002
2017-07-22,18.325,-18.00683712347042,2.3898367412304826,0.0,900.0,703.6363636363636,28.445833333333336,79.45833333333333,1.8,4.599999999999998
2017-07-23,17.95,-17.442941062725414,3.146862306385321,0.0,922.0,609.5454545454545,28.05,81.54166666666667,5.3,6.600000000000001
2017-07-24,15.054166666666667,-13.413261462347881,4.511986384645962,0.0,798.0,468.6363636363636,27.583333333333332,84.375,6.300000000000001,5.399999999999999
2017-07-25,13.829166666666666,-13.130211779158252,3.4287582318710363,0.0,826.0,345.90909090909093,27.745833333333334,83.375,5.6000000000000005,6.100000000000001
2017-07-26,10.450000000000001,-9.137345061389455,3.7067281348817844,0.0,805.0,260.0,28.71666666666667,79.91666666666667,0.7000000000000001,6.400000000000002
2017-07-27,11.954166666666666,-11.267028148078703,2.6431169617900996,0.0,880.0,203.1818181818182,29.458333333333332,75.29166666666667,1.9,6.4999999999999964
2017-07-28,14.145833333333334,-13.823637236130992,1.0745685115954513,0.0,1077.0,502.27272727272725,29.170833333333334,76.25,0.9,5.100000000000001
2017-07-29,17.054166666666667,-14.96432202281005,6.8436208609867935,0.0,1061.0,499.09090909090907,28.916666666666668,76.875,1.8,5.099999999999998
2017-07-30,9.170833333333333,-3.313874536460434,7.850479560959232,0.0,981.0,287.72727272727275,28.570833333333336,79.625,2.3,5.099999999999998
2017-07-31,7.245833333333334,4.336346973638318,3.2733327957558487,0.25,516.0,166.36363636363637,27.370833333333334,86.54166666666667,17.6,5.300000000000001
2017-08-01,10.508333333333333,9.97501549010409,2.5510834817874812,0.16666666666666666,519.0,304.54545454545456,26.8625,89.58333333333333,4.8,3.1999999999999993
2017-08-02,9.75,8.971881265679402,-1.0480133529527111,0.6666666666666666,734.0,294.09090909090907,28.245833333333334,83.16666666666667,2.6,5.5
2017-08-03,14.054166666666667,13.630482845697498,-1.0417394038168368,0.6666666666666666,896.0,451.3636363636364,28.891666666666666,76.58333333333333,1.0,5.400000000000002
2017-08-04,10.987499999999999,8.67193275026053,1.8165260863579784,0.20833333333333334,747.0,365.0,29.150000000000002,73.79166666666667,0.7000000000000001,5.300000000000001
2017-08-05,6.858333333333333,5.107499672363694,0.8407027934885992,0.4583333333333333,944.0,183.63636363636363,29.820833333333336,72.125,3.8,6.299999999999997
2017-08-06,6.949999999999999,2.189075018164951,-0.5285420772006507,0.5,855.0,78.63636363636364,29.495833333333334,78.54166666666667,1.3,5.100000000000001
2017-08-07,5.445833333333333,-0.3414200392664646,1.9113102561841495,0.08333333333333333,680.0,121.81818181818181,28.40833333333333,86.91666666666667,17.7,5.699999999999999
2017-08-08,4.9,-2.7777737339683264,1.9160525037123437,0.041666666666666664,812.0,127.27272727272727,28.6125,86.33333333333333,12.5,6.600000000000001
2017-08-09,5.429166666666667,0.30700051304655857,2.1637350465020067,0.16666666666666666,538.0,75.9090909090909,27.90833333333333,88.79166666666667,17.3,4.699999999999999
2017-08-10,11.5875,10.163048714020507,0.7082533482463121,0.375,981.0,282.72727272727275,28.825,81.16666666666667,10.2,6.900000000000002
2017-08-11,18.4625,18.050296990850274,0.6675816725152206,0.5,1066.0,584.0909090909091,30.270833333333332,70.16666666666667,0.2,6.600000000000001
2017-08-12,20.625,19.909164521302632,2.638835853295895,0.25,976.0,591.8181818181819,30.041666666666668,68.875,0.3,5.600000000000001
2017-08-13,15.4,13.357794073296409,5.145170523703031,0.125,956.0,474.54545454545456,29.77916666666667,70.91666666666667,0.5,6.300000000000001
2017-08-14,8.058333333333334,6.883918591646805,2.9297399626052845,0.16666666666666666,1043.0,175.0,29.71666666666667,68.83333333333333,0.2,6.700000000000003
2017-08-15,9.391666666666667,9.079425419657936,-0.01243256554187581,0.4166666666666667,1083.0,249.0909090909091,29.791666666666668,71.45833333333333,0.6000000000000001,5.699999999999996
2017-08-16,12.645833333333334,11.294330870269965,-2.094972164361887,0.625,1218.0,249.54545454545453,30.425,67.08333333333333,0.0,7.400000000000002
2017-08-17,12.783333333333333,9.294848290663118,-0.6337120412532382,0.4166666666666667,1269.0,228.63636363636363,31.104166666666668,63.708333333333336,0.0,8.099999999999998
2017-08-18,10.799999999999999,1.3903198382310507,-1.1593777780863015,0.4166666666666667,1104.0,173.1818181818182,31.15416666666667,64.75,0.0,8.100000000000001
2017-08-19,13.379166666666668,-12.51426809721747,4.412662796205757,0.0,658.0,445.0,28.212500000000002,82.875,6.3,3.3999999999999986
2017-08-20,13.070833333333333,-12.357981181969686,2.841835026051259,0.0,930.0,406.3636363636364,29.575000000000003,74.29166666666667,0.4,7.100000000000001
2017-08-21,11.795833333333334,-11.107340260907252,2.5293323167406214,0.0,1094.0,367.27272727272725,29.258333333333336,78.375,6.2,6.0000000000000036
2017-08-22,8.320833333333333,-7.172544147566829,1.8123490946683205,0.0,778.0,274.54545454545456,28.858333333333334,81.08333333333333,6.0,5.600000000000001
2017-08-23,8.304166666666667,-6.019454539967167,2.666342288641914,0.0,630.0,190.0,27.983333333333334,86.375,3.8000000000000003,4.800000000000001
2017-08-24,5.8999999999999995,-3.419416806112762,3.607880432989394,0.0,848.0,120.9090909090909,28.675,83.70833333333333,1.7000000000000002,6.600000000000001
2017-08-25,5.641666666666667,-3.622852192241352,1.8516836427138408,0.08333333333333333,746.0,78.63636363636364,28.09166666666667,85.70833333333333,6.699999999999999,4.600000000000001
2017-08-26,4.925,-3.0326529401733526,-1.2736590266927676,0.125,891.0,81.81818181818181,27.570833333333336,87.75,26.700000000000003,6.5
2017-08-27,6.329166666666667,-3.877807465501928,-0.7876764873396804,0.08333333333333333,1189.0,121.36363636363636,28.6375,82.54166666666667,1.8,7.200000000000003
2017-08-28,13.625,-13.024574234608922,-0.5942444361102251,0.0,1089.0,338.6363636363636,27.395833333333332,83.58333333333333,2.0,3.1000000000000014
2017-08-29,15.033333333333333,-14.699959231456475,-0.6595062149563603,0.0,1055.0,429.54545454545456,27.90833333333333,80.25,8.0,5.399999999999999
2017-08-30,14.924999999999999,-14.485415437769243,2.63969955476337,0.0,1050.0,505.45454545454544,28.208333333333332,81.41666666666667,4.4,4.400000000000002
2017-08-31,9.983333333333333,-7.594509653027294,5.180977905462602,0.0,563.0,282.27272727272725,26.420833333333334,90.04166666666667,24.2,4.100000000000001
2017-09-01,9.970833333333333,5.885327045905299,5.810016271225009,0.08333333333333333,889.0,161.8181818181818,26.525000000000002,87.45833333333333,33.7,5.300000000000001
2017-09-02,9.795833333333333,9.030029006574138,2.7705129982455188,0.125,603.0,114.0909090909091,25.683333333333334,88.375,24.7,3.1000000000000014
2017-09-03,6.3999999999999995,5.642019038337957,-0.30382450311780057,0.5416666666666666,954.0,45.90909090909091,27.537499999999998,79.75,0.5,7.0
2017-09-04,10.341666666666667,9.368302749517417,-1.538155665148914,0.625,1079.0,94.0909090909091,28.670833333333334,77.875,0.0,7.4999999999999964
2017-09-05,10.104166666666666,9.783458641400328,-1.2209512684268289,0.6666666666666666,1014.0,127.72727272727273,28.516666666666666,77.16666666666667,0.1,6.900000000000002
2017-09-06,7.279166666666666,6.829122903716677,1.0973448654020987,0.2916666666666667,1123.0,134.0909090909091,28.712500000000002,76.45833333333333,1.5,6.600000000000001
2017-09-07,6.579166666666667,3.110046362837536,-1.4155897617454887,0.375,984.0,87.72727272727273,27.474999999999998,84.125,0.4,6.899999999999999
2017-09-08,6.158333333333334,3.831431485972677,-3.736130597038514,0.7916666666666666,1238.0,34.54545454545455,28.229166666666668,81.58333333333333,0.30000000000000004,7.300000000000004
2017-09-09,8.229166666666666,6.291946190450976,-3.188583012728911,0.5833333333333334,1315.0,31.363636363636363,28.741666666666664,76.5,0.0,8.2
2017-09-10,5.908333333333334,0.008168324997801272,1.1582423358458345,0.20833333333333334,1069.0,27.272727272727273,29.858333333333334,72.54166666666667,0.0,8.799999999999997
2017-09-11,6.941666666666666,2.455457250918844,-4.08726374241953,0.6666666666666666,1235.0,61.36363636363637,29.77916666666667,71.66666666666667,0.0,8.600000000000001
2017-09-12,7.166666666666667,5.411658639077807,-2.186894373758701,0.5833333333333334,1392.0,49.09090909090909,29.416666666666668,70.5,0.0,8.099999999999998
2017-09-13,6.529166666666666,4.587207646519501,-1.0167499478318893,0.4166666666666667,1326.0,50.0,29.854166666666668,69.375,0.0,8.100000000000001
2017-09-14,6.125,1.3765136741851354,-4.33706023398167,0.625,1255.0,29.09090909090909,29.53333333333333,72.625,0.0,7.700000000000003
2017-09-15,7.770833333333333,3.8139226405886983,-6.290162191246623,0.9166666666666666,1502.0,40.0,29.304166666666664,68.79166666666667,0.0,9.200000000000003
2017-09-16,5.983333333333333,2.354453858734303,-4.65007906993064,0.75,1057.0,48.63636363636363,28.683333333333334,70.75,0.0,8.400000000000002
2017-09-17,9.75,6.047388084401285,-7.089141772725781,1.0,966.0,54.09090909090909,28.7375,68.70833333333333,0.0,7.599999999999998
2017-09-18,9.508333333333333,4.595959578990025,-7.195247355051905,0.8333333333333334,1311.0,78.18181818181819,29.158333333333335,64.83333333333333,0.0,10.699999999999996
2017-09-19,5.7875000000000005,-4.066327942275833,-0.562081079559936,0.125,1175.0,80.0,29.508333333333336,73.70833333333333,0.1,8.999999999999996
2017-09-20,5.245833333333334,-1.5760796369968262,-1.9341942366590115,0.20833333333333334,1446.0,44.54545454545455,30.03333333333333,66.83333333333333,0.0,10.500000000000004
2017-09-21,10.654166666666667,-9.30871993461411,3.2160109764597693,0.0,964.0,290.45454545454544,29.120833333333334,71.79166666666667,0.0,8.600000000000001
2017-09-22,11.75,-6.964828589755246,-7.4378026025368635,0.0,534.0,377.72727272727275,25.599999999999998,85.29166666666667,12.4,3.3000000000000007
2017-09-23,10.629166666666666,2.5819971405827706,-4.613957630793251,0.5,451.0,275.90909090909093,24.3125,91.375,18.0,3.599999999999998
2017-09-24,11.291666666666666,6.799657516558013,-6.893768381936646,0.7916666666666666,930.0,68.63636363636364,25.366666666666664,82.625,0.0,9.8
2017-09-25,9.970833333333333,6.830920417620557,-5.779963466677905,0.8333333333333334,1183.0,49.54545454545455,27.541666666666668,76.04166666666667,0.0,10.600000000000001
2017-09-26,6.529166666666666,3.7584273424659815,-2.1904475706169815,0.625,1251.0,33.18181818181818,28.329166666666666,70.66666666666667,0.0,9.500000000000004
2017-09-27,6.429166666666666,0.537406275441107,1.2997072797548077,0.20833333333333334,1344.0,40.0,28.441666666666666,66.33333333333333,0.0,10.5
2017-09-28,6.195833333333333,1.226272035574286,-0.017647849782945573,0.25,1409.0,30.0,28.641666666666666,63.5,0.0,9.999999999999996
2017-09-29,6.8,1.0895190400748824,-3.05064659679982,0.4583333333333333,1239.0,30.454545454545453,29.041666666666668,63.791666666666664,0.0,9.399999999999999
2017-09-30,7.625,3.559785583303722,-4.406541729589786,0.7083333333333334,1175.0,31.818181818181817,28.837500000000002,62.791666666666664,0.0,11.399999999999999
2017-10-01,6.675,1.8529515130899687,0.46942033508390696,0.20833333333333334,1065.0,26.363636363636363,28.46666666666667,58.75,0.0,13.7
2017-10-02,7.020833333333333,2.498412912426026,-0.12867896371119952,0.4583333333333333,791.0,35.45454545454545,29.03333333333333,57.333333333333336,0.0,12.899999999999999
2017-10-03,7.8875,0.7033682678144557,-4.101054079742441,0.2916666666666667,990.0,26.363636363636363,28.09166666666667,59.416666666666664,0.0,12.900000000000002
2017-10-04,7.7,0.8960252808625936,-4.324790739279115,0.4166666666666667,1090.0,35.45454545454545,28.087500000000002,62.5,0.0,12.399999999999999
2017-10-05,8.454166666666667,-1.4426827207848414,-7.538007901854011,0.5,1192.0,24.09090909090909,28.116666666666664,65.54166666666667,0.0,11.899999999999999
2017-10-06,8.916666666666666,2.4156747596617363,-8.134571689868926,0.875,1201.0,25.0,27.920833333333334,56.166666666666664,0.0,11.900000000000002
2017-10-07,6.791666666666667,3.0633519132166236,-3.7926145960995687,0.625,1227.0,35.0,27.72083333333333,52.25,0.0,13.0
2017-10-08,6.4375,-1.3581412075903605,-2.069218558071228,0.08333333333333333,1075.0,30.0,27.441666666666666,61.875,0.0,13.100000000000001
2017-10-09,7.729166666666667,-6.395437705263666,0.2871518944134565,0.0,964.0,36.81818181818182,27.912499999999998,62.791666666666664,0.0,12.600000000000001
2017-10-10,6.8875,-4.7264978510806,-1.3349280912111388,0.0,1231.0,35.0,27.900000000000002,59.541666666666664,0.0,13.0
2017-10-11,7.166666666666667,-4.384075341137334,-0.7347045818448795,0.0,1370.0,39.54545454545455,27.96666666666667,58.708333333333336,0.0,12.3
2017-10-12,6.783333333333334,1.9797395416481607,-4.334050275694286,0.5833333333333334,1778.0,16.818181818181817,28.25,54.958333333333336,0.0,11.800000000000004
2017-10-13,7.25,3.899469953935317,-1.8745495012721485,0.4583333333333333,1779.0,43.18181818181818,28.099999999999998,48.125,0.0,12.3
2017-10-14,7.470833333333334,2.4774916655489885,-3.1757226554550506,0.4583333333333333,1075.0,26.363636363636363,28.0625,50.625,0.0,14.100000000000001
2017-10-15,6.566666666666666,0.5100760522293948,-2.3200233066743507,0.4583333333333333,756.0,23.181818181818183,28.004166666666666,51.666666666666664,0.0,14.199999999999996
2017-10-16,7.4875,0.48638070366294534,-3.2053127720796883,0.4166666666666667,729.0,28.636363636363637,27.904166666666665,51.666666666666664,0.0,14.399999999999999
2017-10-17,9.25,3.92128952406836,-5.684677360678509,0.5833333333333334,1134.0,30.0,26.566666666666666,50.708333333333336,0.0,13.8
2017-10-18,7.841666666666668,2.4088036958893193,-6.201045252412022,0.6666666666666666,1027.0,18.181818181818183,26.241666666666664,61.5,0.0,13.399999999999999
2017-10-19,6.629166666666666,-3.8019937626311315,-4.7883934062029345,0.0,1178.0,28.181818181818183,27.354166666666668,62.541666666666664,0.0,13.899999999999999
2017-10-20,7.1125,-2.517047470193395,-4.9852217308592595,0.3333333333333333,1321.0,28.636363636363637,28.05,58.208333333333336,0.0,13.100000000000001
2017-10-21,8.487499999999999,2.837698358017624,-6.1248971279320195,0.5833333333333334,1764.0,21.363636363636363,27.170833333333334,52.916666666666664,0.0,14.399999999999999
2017-10-22,8.333333333333334,-1.0656004921992113,3.0620867997824033,0.08333333333333333,1792.0,39.54545454545455,26.991666666666664,49.333333333333336,0.0,15.3
2017-10-23,6.666666666666667,-2.0633017379679157,-3.931920730234232,0.2916666666666667,1996.0,30.0,26.541666666666668,54.958333333333336,0.0,14.3
2017-10-24,10.183333333333334,6.832451993844582,-5.769680815959243,0.8333333333333334,1875.0,27.272727272727273,25.554166666666664,50.916666666666664,0.0,13.700000000000003
2017-10-25,7.054166666666667,3.1291827609634737,-2.008830439570977,0.5,1447.0,37.72727272727273,25.125,46.416666666666664,0.0,14.100000000000001
2017-10-26,7.241666666666667,-3.5666470034599276,3.1951658849629205,0.041666666666666664,1688.0,61.36363636363637,24.675,51.041666666666664,0.0,14.0
2017-10-27,6.404166666666666,-3.966962929891528,3.3402849128598593,0.0,1246.0,55.90909090909091,24.075,60.541666666666664,0.0,13.0
2017-10-28,6.7749999999999995,-4.469294574340141,-0.5299698593965128,0.08333333333333333,1087.0,65.0,24.7,60.875,0.0,12.399999999999999
2017-10-29,6.541666666666667,-4.886683794997535,-0.9074171221915136,0.08333333333333333,1522.0,65.0,23.962500000000002,60.958333333333336,0.0,13.3
2017-10-30,6.404166666666666,-0.911079419432587,-3.2115036445429,0.375,1293.0,35.0,23.400000000000002,62.666666666666664,0.0,12.400000000000002
2017-10-31,4.816666666666666,-1.1463166124663309,-0.2341286194781592,0.20833333333333334,1398.0,36.36363636363637,24.058333333333334,62.583333333333336,0.0,12.3
2017-11-01,7.7625,-5.115879259213129,4.277813574030922,0.0,1239.0,77.72727272727273,24.379166666666666,61.291666666666664,0.0,10.900000000000002
2017-11-02,6.466666666666666,-3.7771073429659965,-0.9429886530028263,0.125,1211.0,77.27272727272727,23.96666666666667,68.875,0.0,12.099999999999998
2017-11-03,6.558333333333334,-4.638658096777423,-1.7768061505143218,0.0,1320.0,55.0,23.370833333333334,70.33333333333333,0.0,11.2
2017-11-04,7.441666666666666,-6.982181342628564,-0.9709145797490383,0.0,1254.0,26.363636363636363,22.90833333333333,72.66666666666667,0.0,11.5
2017-11-05,4.75,-3.164994547059786,-1.1886215661161852,0.08333333333333333,1556.0,20.90909090909091,23.90833333333333,66.5,0.0,10.7
2017-11-06,6.325,2.2591270645669703,-2.167397390279264,0.5,1552.0,21.818181818181817,23.691666666666666,64.0,0.0,11.400000000000002
2017-11-07,6.216666666666666,1.4174940516448722,-4.339907935213666,0.7083333333333334,1477.0,30.90909090909091,22.900000000000002,70.58333333333333,0.0,11.3
2017-11-08,7.116666666666667,2.817014167268459,-4.969746987994941,0.6666666666666666,1336.0,27.272727272727273,22.891666666666666,68.25,0.0,12.899999999999999
2017-11-09,7.795833333333333,0.5086469172193991,-5.095002708027223,0.5,1308.0,24.545454545454547,22.191666666666666,71.70833333333333,0.0,12.5
2017-11-10,7.7749999999999995,-0.16594937364263215,-4.967580365907652,0.5,1356.0,20.90909090909091,22.1125,68.20833333333333,0.0,12.9
2017-11-11,7.508333333333333,0.6395567761395379,-5.175305039632353,0.4583333333333333,1145.0,22.272727272727273,21.3,69.0,0.0,12.5
2017-11-12,7.504166666666666,3.857410787598686,-4.957321134308345,0.75,1328.0,30.0,21.037499999999998,69.625,0.0,12.6
2017-11-13,6.454166666666667,-3.764283094448869,1.0120730064977448,0.16666666666666666,1159.0,45.0,20.962500000000002,69.91666666666667,0.0,11.200000000000003
2017-11-14,11.870833333333335,-9.78413377911807,5.91541957196032,0.0,1656.0,121.36363636363636,21.150000000000002,66.20833333333333,0.0,11.6
2017-11-15,9.112499999999999,-8.583052047456944,1.0511110949670017,0.0,1350.0,98.18181818181819,20.795833333333334,64.08333333333333,0.0,9.599999999999998
2017-11-16,8.575000000000001,-3.5239929817002533,-6.2126282795649495,0.16666666666666666,1199.0,70.9090909090909,19.974999999999998,66.0,0.2,10.2
2017-11-17,9.383333333333333,3.1859664396825536,-8.458590779920913,0.7916666666666666,943.0,103.63636363636364,19.879166666666666,69.375,0.1,9.9
2017-11-18,10.674999999999999,6.6217731743942645,-7.968290061356179,1.0,839.0,142.27272727272728,20.224999999999998,66.58333333333333,0.1,9.0
2017-11-19,12.683333333333332,8.44423691047026,-9.39785146923159,1.0,877.0,174.0909090909091,19.037499999999998,52.208333333333336,0.0,9.200000000000001
2017-11-20,11.591666666666667,9.543583756142846,-6.50659232212361,1.0,1179.0,106.36363636363636,17.016666666666666,49.75,0.0,10.8
2017-11-21,11.85,11.078622169774212,-2.951407792452193,0.7916666666666666,1259.0,74.54545454545455,16.579166666666666,50.916666666666664,0.0,12.100000000000001
2017-11-22,11.758333333333333,10.833910104328526,-3.4146577377355993,0.9583333333333334,1218.0,88.18181818181819,16.7,50.958333333333336,0.0,13.3
2017-11-23,11.595833333333333,10.480387294706405,-4.4380917029210805,1.0,992.0,97.27272727272727,16.654166666666665,47.333333333333336,0.0,12.9
2017-11-24,9.883333333333333,9.475200845288343,-2.668456480962996,1.0,800.0,71.36363636363636,16.958333333333332,47.166666666666664,0.0,14.5
2017-11-25,9.666666666666666,9.206497388310412,-2.0863832318807574,0.8333333333333334,686.0,62.27272727272727,17.029166666666665,52.041666666666664,0.0,13.499999999999998
2017-11-26,8.370833333333334,3.700684377677627,-6.350189419436977,0.7916666666666666,833.0,35.90909090909091,16.995833333333334,61.208333333333336,0.0,14.799999999999999
2017-11-27,11.133333333333333,10.524274660590633,-2.5505696964244877,0.8333333333333334,877.0,65.0,17.287499999999998,56.583333333333336,0.0,13.700000000000001
2017-11-28,8.829166666666667,4.71813449332421,-0.22146759786880935,0.4166666666666667,984.0,39.54545454545455,17.441666666666666,58.125,0.0,14.8
2017-11-29,7.258333333333333,-4.96086429422778,1.8343949932768202,0.0,826.0,30.454545454545453,17.837500000000002,62.791666666666664,0.0,14.3
2017-11-30,6.9750000000000005,4.156209248895664,-4.730301063626761,0.9166666666666666,1010.0,20.454545454545453,17.474999999999998,66.25,0.0,13.700000000000001
2017-12-01,5.8,3.8410032995158763,-3.0570995714166553,0.7916666666666666,970.0,30.454545454545453,17.120833333333334,59.625,0.0,14.499999999999998
2017-12-02,5.2250000000000005,-1.9239260618921044,-1.4490920739251765,0.25,1150.0,17.727272727272727,17.295833333333334,56.625,0.0,12.700000000000001
2017-12-03,4.429166666666666,1.743560085098273,-2.13318107757617,0.6666666666666666,998.0,17.727272727272727,17.441666666666666,53.458333333333336,0.0,11.7
2017-12-04,6.416666666666667,4.485546668965806,-3.6691014772160897,0.875,967.0,25.454545454545453,16.654166666666665,61.083333333333336,0.0,13.299999999999999
2017-12-05,6.345833333333334,4.2355525581913245,-3.229809422086072,0.7916666666666666,647.0,37.72727272727273,17.366666666666667,60.125,0.0,8.9
2017-12-06,8.379166666666666,7.232927528380927,-2.7003707007494664,0.8333333333333334,623.0,135.9090909090909,17.495833333333334,51.291666666666664,0.0,6.799999999999999
2017-12-07,11.275,9.381779450523311,-5.995521211822532,1.0,680.0,145.45454545454547,17.404166666666665,36.708333333333336,0.1,8.399999999999999
2017-12-08,11.770833333333334,10.952189838130286,-3.5373075522330346,0.9166666666666666,659.0,91.81818181818181,16.679166666666667,37.375,0.0,12.7
2017-12-09,7.1875,4.630466011151317,-2.6179670444999,0.5833333333333334,649.0,42.27272727272727,16.691666666666666,46.291666666666664,0.0,13.399999999999999
2017-12-10,5.4125000000000005,0.40423977554739826,-2.46309770030666,0.3333333333333333,692.0,17.272727272727273,17.066666666666666,59.875,0.0,13.399999999999999
2017-12-11,6.9750000000000005,-0.45832032392013783,2.4202202585359935,0.125,716.0,28.181818181818183,17.25,67.0,2.0999999999999996,11.999999999999998
2017-12-12,5.566666666666666,-0.41277183116170285,-0.663454923041324,0.3333333333333333,847.0,105.9090909090909,16.525000000000002,83.66666666666667,5.6,7.4
2017-12-13,6.25,3.5435397035047322,-4.651087952383803,1.0,853.0,80.9090909090909,14.304166666666667,83.29166666666667,0.0,8.299999999999999
2017-12-14,8.995833333333334,5.736143826061496,-6.794196168670177,1.0,723.0,70.9090909090909,13.620833333333332,70.54166666666667,0.0,10.799999999999999
2017-12-15,12.470833333333333,9.234766850260243,-8.339874399940081,1.0,627.0,129.54545454545453,13.025,69.875,0.0,12.299999999999999
2017-12-16,15.141666666666666,13.427730674025065,-6.615243966578944,1.0,722.0,192.27272727272728,12.683333333333332,62.75,0.0,11.9
2017-12-17,16.995833333333334,15.73430726320398,-5.648987825767882,1.0,548.0,182.27272727272728,13.75,50.666666666666664,0.0,12.7
2017-12-18,17.76666666666667,16.46559824965784,-6.105836019627489,1.0,554.0,195.9090909090909,15.641666666666666,45.666666666666664,0.0,13.4
2017-12-19,11.195833333333333,9.308131435103462,-5.8143661101931885,1.0,464.0,101.36363636363636,14.75,58.583333333333336,0.0,13.1
2017-12-20,7.6125,4.704483963807571,-4.892338712967666,0.9166666666666666,401.0,62.27272727272727,15.283333333333333,73.91666666666667,0.0,11.3
2017-12-21,8.045833333333333,4.989621046152802,-5.773539926606265,1.0,595.0,56.81818181818182,16.175,79.33333333333333,0.0,11.099999999999998
2017-12-22,14.916666666666666,13.333541968647408,-6.040450137381996,1.0,933.0,131.36363636363637,16.375,65.75,0.0,12.200000000000001
2017-12-23,13.995833333333332,13.119905662628502,-4.225636878981425,0.875,824.0,116.81818181818181,15.708333333333334,58.958333333333336,0.0,11.6
2017-12-24,5.4125000000000005,0.8495569205221952,-2.2358666841189976,0.375,769.0,21.363636363636363,15.570833333333333,64.95833333333333,0.0,12.3
2017-12-25,8.762500000000001,6.663538825812522,-3.807150377739498,0.8333333333333334,908.0,35.45454545454545,15.075000000000001,69.95833333333333,0.0,13.000000000000002
2017-12-26,9.75,9.06091349455119,-3.0970602095703956,1.0,674.0,55.90909090909091,14.4,72.45833333333333,0.0,13.4
2017-12-27,6.954166666666667,5.972434877757156,-1.4341855599440363,0.7083333333333334,604.0,32.72727272727273,15.254166666666668,66.16666666666667,0.0,14.1
2017-12-28,7.883333333333333,4.159759994054852,-5.971156565964045,0.9583333333333334,681.0,28.636363636363637,14.979166666666666,70.5,0.0,14.100000000000001
2017-12-29,8.137500000000001,2.8518825098365936,-6.111833337835859,0.75,720.0,35.90909090909091,14.120833333333332,76.29166666666667,0.0,13.500000000000002
2017-12-30,6.691666666666666,4.326523052831013,-4.222909007910006,0.9166666666666666,874.0,23.636363636363637,14.137500000000001,76.08333333333333,0.0,13.000000000000002
2017-12-31,6.808333333333334,3.677833428950295,-4.748090666764103,0.8333333333333334,828.0,27.272727272727273,12.924999999999999,75.41666666666667,0.0,12.899999999999999
2018-01-01,5.941666666666666,3.146958290526016,-1.4789389977278071,0.4166666666666667,1297.0,25.0,13.133333333333333,66.54166666666667,0.0,13.3
2018-01-02,5.804166666666667,4.42623015223814,-2.258320523601998,0.7083333333333334,850.0,19.09090909090909,13.433333333333332,69.04166666666667,0.0,13.3
2018-01-03,7.7124999999999995,6.6541203123698205,-2.457102304118528,0.7083333333333334,814.0,25.454545454545453,12.225,73.875,0.0,12.9
2018-01-04,6.979166666666667,2.5198588858318574,-0.33651790353825545,0.375,783.0,30.0,11.841666666666667,73.875,0.0,14.4
2018-01-05,6.7875000000000005,-4.028964057113866,2.076920920755302,0.041666666666666664,768.0,30.454545454545453,12.370833333333332,74.16666666666667,0.0,13.700000000000001
2018-01-06,7.3625,5.049885991601989,-3.7112510644100065,0.8333333333333334,841.0,20.454545454545453,12.070833333333333,76.33333333333333,0.0,14.0
2018-01-07,11.987499999999999,11.38436843282161,-2.4991850758218574,0.9166666666666666,965.0,70.9090909090909,11.891666666666666,69.20833333333333,0.0,12.700000000000001
2018-01-08,10.825000000000001,10.422563418836551,-2.375987221382294,0.875,849.0,62.72727272727273,12.154166666666667,70.08333333333333,0.0,12.8
2018-01-09,9.612499999999999,9.053498517588986,-2.7594503406571955,0.9166666666666666,713.0,47.27272727272727,12.125,70.70833333333333,0.0,14.0
2018-01-10,14.258333333333333,13.650792232285605,-3.742428069250321,1.0,657.0,104.0909090909091,13.35,67.5,0.0,13.5
2018-01-11,14.654166666666667,14.228768681397192,-3.3467602480281737,1.0,679.0,129.0909090909091,13.9375,63.458333333333336,0.0,12.899999999999999
2018-01-12,10.854166666666666,10.576410849775169,-1.7150992599460402,0.8333333333333334,753.0,92.27272727272727,14.845833333333333,58.333333333333336,0.0,12.999999999999998
2018-01-13,8.054166666666667,5.944322793653437,-4.5639398280786825,0.9583333333333334,929.0,37.27272727272727,13.991666666666667,68.79166666666667,0.0,15.100000000000001
2018-01-14,9.766666666666667,9.287316521162806,-2.4513086046719805,0.9583333333333334,699.0,50.45454545454545,13.5,68.79166666666667,0.0,14.599999999999998
2018-01-15,11.966666666666667,10.926103308850735,-4.581091371623014,1.0,741.0,74.0909090909091,13.904166666666667,63.416666666666664,0.0,14.600000000000001
2018-01-16,12.058333333333332,8.436492250862676,-1.9037297395440165,0.7916666666666666,637.0,93.18181818181819,14.579166666666666,56.791666666666664,0.0,13.100000000000001
2018-01-17,10.291666666666666,-8.390774010121019,5.74411181775156,0.0,587.0,36.36363636363637,13.612499999999999,73.625,0.0,13.5
2018-01-18,7.445833333333333,1.6770905627600445,-1.2692662860831636,0.5833333333333334,575.0,28.636363636363637,15.1,76.20833333333333,0.0,14.9
2018-01-19,9.066666666666666,7.675866412200937,-4.377714459666694,0.9583333333333334,1006.0,49.54545454545455,15.654166666666667,73.70833333333333,0.0,13.7
2018-01-20,11.945833333333333,11.387288841818503,-3.1112160235073607,0.9583333333333334,751.0,83.18181818181819,14.512500000000001,63.625,0.0,13.400000000000002
2018-01-21,6.854166666666667,3.4178184451556053,0.6887297805370439,0.375,764.0,40.90909090909091,14.095833333333333,56.916666666666664,0.0,14.299999999999999
2018-01-22,7.804166666666667,-5.526785825685109,5.083464434962978,0.0,692.0,27.272727272727273,14.154166666666667,67.33333333333333,0.0,14.6
2018-01-23,11.9375,-8.142082310123138,5.771034312663733,0.041666666666666664,586.0,100.45454545454545,13.379166666666668,79.375,6.0,5.400000000000002
2018-01-24,7.579166666666667,4.656543566123909,-2.439023811606106,0.7083333333333334,1086.0,80.45454545454545,12.766666666666666,81.58333333333333,0.8,10.399999999999999
2018-01-25,11.570833333333333,10.723086529683599,-4.195421362838577,1.0,982.0,94.0909090909091,13.108333333333334,79.125,0.0,10.9
2018-01-26,8.545833333333333,5.919922622180863,-5.001868877660944,0.9583333333333334,1141.0,30.0,12.529166666666667,80.41666666666667,0.0,12.299999999999999
2018-01-27,9.008333333333333,6.751205885663013,-5.046650316733376,0.9583333333333334,831.0,35.90909090909091,12.137500000000001,77.45833333333333,0.0,12.7
2018-01-28,9.108333333333333,6.865456887388073,-4.7877493567319025,0.9166666666666666,786.0,38.18181818181818,12.8125,75.25,0.0,14.399999999999999
2018-01-29,10.570833333333333,9.15300419416168,-4.4008663439590245,0.875,652.0,57.27272727272727,13.845833333333333,73.875,0.0,14.399999999999999
2018-01-30,16.729166666666668,15.329403284682272,-6.450510950763877,1.0,648.0,208.63636363636363,16.345833333333335,67.79166666666667,0.0,14.3
2018-01-31,18.366666666666667,16.794855895464437,-7.217550493148928,1.0,900.0,302.27272727272725,17.616666666666667,63.833333333333336,0.0,11.399999999999999
2018-02-01,10.908333333333333,9.06356338253636,-4.964215604495467,1.0,675.0,91.81818181818181,17.466666666666665,66.79166666666667,0.0,14.2
2018-02-02,7.816666666666666,5.4595315622411205,-5.042643484181611,0.9583333333333334,857.0,53.63636363636363,16.870833333333334,72.20833333333333,0.0,13.399999999999999
2018-02-03,9.058333333333334,4.167137052292759,-7.772441176281746,0.9166666666666666,1170.0,63.18181818181818,16.316666666666666,60.25,0.0,12.200000000000001
2018-02-04,10.983333333333334,9.018995178590528,-5.993901495696367,1.0,826.0,70.0,14.404166666666667,58.625,0.0,13.4
2018-02-05,8.041666666666666,5.165924214249917,-5.713676738417287,1.0,722.0,52.27272727272727,14.775,55.791666666666664,0.0,15.1
2018-02-06,11.549999999999999,7.712479048964506,-8.359739885223624,1.0,600.0,91.81818181818181,16.008333333333333,52.041666666666664,0.0,10.500000000000002
2018-02-07,12.429166666666667,9.695293378391817,-7.323143744944499,1.0,845.0,93.63636363636364,14.441666666666668,52.666666666666664,0.0,13.600000000000001
2018-02-08,9.1625,5.531709550692727,-6.011460291371166,0.8333333333333334,923.0,35.0,13.854166666666666,60.291666666666664,0.0,15.2
2018-02-09,9.083333333333334,5.17040017892964,-6.041500255023689,0.875,893.0,39.54545454545455,14.387500000000001,59.708333333333336,0.0,15.2
2018-02-10,6.216666666666666,-2.848986540268385,-3.353668267357834,0.16666666666666666,936.0,16.363636363636363,16.7375,50.833333333333336,0.0,15.100000000000001
2018-02-11,11.399999999999999,-8.043527898269717,3.245200526074704,0.0,588.0,110.9090909090909,16.258333333333333,56.666666666666664,1.6,14.600000000000001
2018-02-12,16.591666666666665,-15.781199717123677,4.250437227537275,0.0,779.0,254.0909090909091,15.854166666666666,79.20833333333333,2.9,9.0
2018-02-13,7.791666666666667,-0.07996313386030685,-4.852690102790915,0.4166666666666667,1042.0,87.72727272727273,15.470833333333333,79.41666666666667,0.0,11.4
2018-02-14,14.770833333333334,11.808162917618397,-8.514817886510665,1.0,1086.0,166.36363636363637,15.483333333333334,66.125,0.0,11.7
2018-02-15,15.641666666666666,13.38613181297985,-7.71316609329342,1.0,855.0,163.63636363636363,16.849999999999998,64.41666666666667,0.0,11.200000000000001
2018-02-16,11.845833333333333,10.587030040260208,-5.097364365413839,1.0,894.0,75.45454545454545,17.7625,66.125,0.0,12.8
2018-02-17,11.745833333333332,9.894736909191359,-5.431452980091287,1.0,1141.0,74.0909090909091,18.0625,66.70833333333333,0.0,12.3
2018-02-18,9.674999999999999,5.781133695128351,-5.9075906464714345,0.75,1263.0,39.09090909090909,17.579166666666666,59.208333333333336,0.0,13.1
2018-02-19,7.575,5.846886745862121,-4.014455148253263,0.875,977.0,23.181818181818183,17.4375,57.958333333333336,0.0,15.399999999999999
2018-02-20,8.183333333333334,4.6415762693127265,-4.415864707795616,0.8333333333333334,967.0,32.27272727272727,19.408333333333335,60.083333333333336,0.0,15.0
2018-02-21,6.920833333333333,1.9603720626626082,-0.973591692152556,0.375,878.0,27.272727272727273,21.3875,58.25,0.0,14.3
2018-02-22,7.8,3.4316077390244533,-4.575154661743704,0.625,1063.0,28.181818181818183,21.7375,63.541666666666664,0.0,15.799999999999999
2018-02-23,6.2875000000000005,-2.1229298595372605,-4.042634112258676,0.2916666666666667,957.0,34.54545454545455,21.90416666666667,68.625,0.0,13.8
2018-02-24,8.466666666666667,-7.472282973314088,0.6684386149651392,0.0,837.0,75.9090909090909,21.141666666666666,73.08333333333333,1.9000000000000001,11.600000000000001
2018-02-25,9.762500000000001,3.426827054353956,-7.128632803383428,0.6666666666666666,1222.0,134.0909090909091,21.058333333333334,68.33333333333333,0.30000000000000004,11.5
2018-02-26,16.833333333333332,14.771740180179433,-7.641051704480802,1.0,1114.0,188.1818181818182,20.5625,63.0,0.0,11.599999999999998
2018-02-27,11.445833333333333,9.262326317798905,-6.430912331542081,1.0,964.0,90.9090909090909,21.5125,62.333333333333336,0.0,13.100000000000001
2018-02-28,8.166666666666666,5.060469862539811,-5.027638225867025,0.875,1123.0,60.0,21.6375,66.54166666666667,0.0,14.200000000000001
2018-03-01,8.991666666666667,4.491247182600231,-6.742462056593702,0.9166666666666666,754.0,40.90909090909091,21.445833333333336,65.33333333333333,0.0,14.5
2018-03-02,8.754166666666666,3.464750340189958,-4.697075174820392,0.4583333333333333,1104.0,45.0,23.120833333333334,58.166666666666664,0.0,13.7
2018-03-03,7.7250000000000005,3.706028848964966,-2.09886260519557,0.2916666666666667,2086.0,62.72727272727273,22.633333333333336,60.208333333333336,0.0,14.2
2018-03-04,10.637500000000001,6.037717590328974,-7.267269025084811,0.9166666666666666,1452.0,67.27272727272727,21.491666666666664,59.375,1.2,11.0
2018-03-05,9.958333333333334,6.4935035142851705,-7.021341668492988,0.9583333333333334,1988.0,40.0,20.4375,56.916666666666664,0.0,12.500000000000002
2018-03-06,12.458333333333334,10.23270898202271,-6.45202915247883,1.0,1545.0,83.18181818181819,20.349999999999998,52.375,0.0,13.1
2018-03-07,11.575000000000001,8.828313874377235,-6.0152036381436025,0.9166666666666666,1291.0,58.18181818181818,21.1375,51.958333333333336,0.0,14.099999999999998
2018-03-08,5.233333333333333,-0.5386499373190731,-2.749924091349433,0.4583333333333333,1375.0,21.818181818181817,22.337500000000002,52.958333333333336,0.0,13.399999999999999
2018-03-09,8.758333333333333,3.8920711269544626,-4.932598121362624,0.75,1917.0,50.45454545454545,22.925,52.291666666666664,1.1,14.999999999999998
2018-03-10,12.433333333333332,9.416953215470567,-7.0979230832455,1.0,1616.0,87.27272727272727,23.079166666666666,48.458333333333336,0.0,14.600000000000001
2018-03-11,11.616666666666667,8.866874919145882,-6.597320280760965,1.0,1272.0,84.0909090909091,23.275000000000002,51.916666666666664,0.0,13.600000000000001
2018-03-12,10.8125,8.448987857332613,-4.686540891703346,0.8333333333333334,1710.0,50.0,23.72083333333333,53.25,0.0,15.600000000000001
2018-03-13,9.004166666666666,4.184064272986654,0.43759925079845946,0.3333333333333333,2418.0,47.27272727272727,25.420833333333334,48.583333333333336,0.0,16.8
2018-03-14,8.75,-0.8039599566674025,7.490869352464869,0.041666666666666664,1146.0,60.45454545454545,25.820833333333336,37.25,0.0,12.3
2018-03-15,9.820833333333333,6.009524388018883,-1.0340061663162707,0.3333333333333333,1813.0,74.0909090909091,23.77916666666667,42.0,0.0,12.7
2018-03-16,9.670833333333333,4.670223947415239,-6.94458611200374,0.7083333333333334,2538.0,42.72727272727273,22.758333333333336,47.833333333333336,0.0,13.2
2018-03-17,12.3375,8.719952963221832,-7.4090836975137115,0.9166666666666666,1937.0,66.81818181818181,21.925,40.291666666666664,0.0,13.400000000000002
2018-03-18,11.275,6.725196363395816,-6.884625139762897,0.7916666666666666,1764.0,54.09090909090909,22.770833333333332,40.625,0.0,14.400000000000002
2018-03-19,8.5375,5.422740303538251,-3.6273213454965223,0.625,1307.0,39.09090909090909,23.633333333333336,41.083333333333336,0.0,17.999999999999996
2018-03-20,6.5249999999999995,2.6239083376539356,-2.844208075530808,0.4583333333333333,1709.0,43.63636363636363,24.3875,48.458333333333336,0.2,16.799999999999997
2018-03-21,10.745833333333332,0.4389182937830008,-5.972499653141345,0.375,1444.0,115.9090909090909,23.583333333333332,56.25,1.6,12.5
2018-03-22,8.291666666666666,1.042015141786214,-6.618965107153204,0.7083333333333334,1836.0,125.0,23.066666666666666,55.625,0.3,12.5
2018-03-23,9.362499999999999,7.439252851165313,-5.14973353043485,0.9583333333333334,2143.0,100.45454545454545,22.979166666666668,53.625,0.0,11.899999999999999
2018-03-24,10.845833333333333,7.137947917635549,-7.509316915902649,1.0,1880.0,82.27272727272727,24.329166666666666,48.041666666666664,0.0,13.700000000000003
2018-03-25,12.820833333333333,9.764210624114975,-7.349774538906694,1.0,2322.0,80.9090909090909,25.058333333333334,43.791666666666664,0.0,14.100000000000001
2018-03-26,13.641666666666666,11.360147145382058,-6.926990662465102,1.0,1706.0,75.9090909090909,25.974999999999998,42.458333333333336,0.0,15.099999999999998
2018-03-27,9.816666666666666,4.63125469011327,-3.0979817224214123,0.5833333333333334,2083.0,46.36363636363637,26.354166666666668,40.375,0.0,16.9
2018-03-28,9.4375,2.680539166208176,-1.6951712929361573,0.5416666666666666,2244.0,37.72727272727273,27.958333333333332,37.083333333333336,0.0,14.899999999999999
2018-03-29,13.370833333333332,10.57820861012024,-6.85284722332072,0.9166666666666666,2778.0,82.72727272727273,27.2375,33.541666666666664,0.0,15.799999999999997
2018-03-30,14.375,7.9207998611071355,-3.6159457131213775,0.4166666666666667,2113.0,71.81818181818181,26.854166666666668,34.166666666666664,0.0,13.599999999999998
2018-03-31,11.924999999999999,-10.729996479040002,3.8687455419266263,0.0,1435.0,107.27272727272727,25.72083333333333,47.0,0.0,14.899999999999999
2018-04-01,10.733333333333334,-9.758418691930535,3.594263829852752,0.0,1716.0,106.81818181818181,26.508333333333336,45.125,0.0,12.3
2018-04-02,8.5375,-5.967715921600877,4.406661979293813,0.0,2306.0,68.18181818181819,28.008333333333336,45.541666666666664,0.0,14.3
2018-04-03,8.9625,-4.7444804498509985,3.614062763531358,0.0,2073.0,117.72727272727273,28.6875,44.125,1.7000000000000002,13.8
2018-04-04,8.320833333333333,-2.442369645512172,-0.8058935424333858,0.25,2811.0,105.0,29.175,42.833333333333336,0.0,15.500000000000004
2018-04-05,6.404166666666666,-1.707707620323412,-3.9169493247779457,0.125,1514.0,109.54545454545455,28.6125,48.75,2.1,14.700000000000003
2018-04-06,6.895833333333333,-1.7974470052506935,0.6260476470847146,0.08333333333333333,1517.0,71.36363636363636,27.883333333333336,51.708333333333336,1.1,12.899999999999999
2018-04-07,10.591666666666667,-6.09074683045862,2.693027469115934,0.08333333333333333,952.0,142.27272727272728,26.875,53.666666666666664,3.4000000000000004,12.600000000000001
2018-04-08,12.995833333333332,-11.396944720566905,5.025444518309196,0.0,2270.0,156.8181818181818,26.754166666666666,55.208333333333336,1.3,12.0
2018-04-09,10.262500000000001,-6.129099971132724,0.46548938166884596,0.041666666666666664,793.0,134.54545454545453,25.6125,61.75,3.5,11.399999999999999
2018-04-10,8.641666666666667,-3.703114696852103,5.3375195352167255,0.08333333333333333,1415.0,54.09090909090909,26.770833333333332,58.25,3.1,12.499999999999996
2018-04-11,12.808333333333332,-9.082324496406532,-2.435667815331025,0.041666666666666664,1010.0,115.45454545454545,25.366666666666664,63.416666666666664,2.5,10.399999999999999
2018-04-12,6.1375,0.5639458338946687,-2.465609762234059,0.4583333333333333,1699.0,49.09090909090909,25.425,61.458333333333336,0.2,11.8
2018-04-13,8.483333333333333,4.242409627674811,-6.653703783551698,0.875,2218.0,50.45454545454545,26.25,42.916666666666664,0.0,14.0
2018-04-14,10.391666666666667,5.690711846427573,-7.282536235397281,1.0,2417.0,76.81818181818181,27.212500000000002,33.541666666666664,0.0,15.7
2018-04-15,8.820833333333333,3.2029832896000783,-4.252592826991131,0.75,2954.0,34.09090909090909,28.791666666666668,34.833333333333336,0.0,15.7
2018-04-16,10.450000000000001,-4.221749117057037,4.148875195423553,0.08333333333333333,2451.0,61.81818181818182,29.224999999999998,35.666666666666664,5.4,13.8
2018-04-17,8.870833333333334,0.5153791065522401,-5.258618053958723,0.4583333333333333,3098.0,95.9090909090909,29.420833333333334,34.5,1.3,14.300000000000004
2018-04-18,15.450000000000001,11.35414750657447,-9.987055857925474,1.0,2918.0,161.8181818181818,29.45,28.125,0.0,14.3
2018-04-19,11.466666666666667,5.713328049509816,-5.738842558910799,0.7083333333333334,3923.0,89.54545454545455,30.016666666666666,28.291666666666668,0.0,13.999999999999996
2018-04-20,16.166666666666668,1.601742255245134,7.788188705561381,0.20833333333333334,4234.0,241.36363636363637,30.366666666666664,26.875,1.1,17.3
2018-04-21,12.358333333333334,8.976280621847089,-7.812194072734144,1.0,2191.0,151.8181818181818,27.004166666666666,33.583333333333336,0.0,14.5
2018-04-22,14.9625,10.600749039569022,-10.1384123342853,1.0,2221.0,218.1818181818182,27.525000000000002,24.583333333333332,0.0,13.399999999999999
2018-04-23,13.570833333333333,11.027492290165922,-7.206090151269241,0.9166666666666666,2277.0,101.36363636363636,28.275000000000002,23.333333333333332,0.0,14.700000000000003
2018-04-24,10.145833333333334,8.323632630479977,-3.239767903760016,0.75,2770.0,54.54545454545455,30.104166666666668,20.125,0.0,16.299999999999997
2018-04-25,10.166666666666666,5.882797059988679,0.4684677932301307,0.3333333333333333,3923.0,31.363636363636363,31.875,19.5,0.0,17.4
2018-04-26,9.0875,1.369709630743828,-0.19343749685698422,0.375,3357.0,63.63636363636363,32.475,20.083333333333332,0.0,17.400000000000002
2018-04-27,13.495833333333332,-11.21377373066039,5.120240410072209,0.0,1281.0,231.8181818181818,30.954166666666666,42.583333333333336,1.2000000000000002,12.900000000000002
2018-04-28,13.299999999999999,-10.0121956252075,4.776222392059134,0.041666666666666664,2274.0,231.36363636363637,30.775000000000002,44.166666666666664,0.9,13.200000000000003
2018-04-29,9.754166666666666,-1.898494899628307,-0.20191530949294045,0.16666666666666666,2547.0,73.18181818181819,30.837500000000002,43.458333333333336,0.4,15.200000000000003
2018-04-30,11.279166666666667,-6.697500074223556,4.482851681537582,0.041666666666666664,2404.0,166.36363636363637,31.07083333333333,42.333333333333336,0.7,14.7
2018-05-01,17.708333333333332,-15.232812100457195,5.908709125217265,0.0,1389.0,350.0,30.520833333333332,51.625,10.5,13.100000000000001
2018-05-02,17.05,-11.305221028422928,4.877521285937695,0.041666666666666664,1545.0,285.90909090909093,29.8,54.208333333333336,5.9,13.300000000000004
2018-05-03,16.099999999999998,-13.15639197328889,6.427990460120092,0.041666666666666664,1517.0,339.54545454545456,28.72083333333333,58.0,0.0,11.399999999999999
2018-05-04,13.470833333333333,-12.017301808519244,2.5257228903936584,0.041666666666666664,1695.0,290.90909090909093,29.058333333333334,55.375,0.0,10.200000000000003
2018-05-05,7.691666666666666,-1.4041879636839274,-2.2501269232415217,0.2916666666666667,2669.0,121.36363636363636,30.295833333333334,47.958333333333336,0.0,12.7
2018-05-06,10.416666666666666,-0.6129290407654578,-8.765740824875142,0.2916666666666667,2009.0,60.45454545454545,31.070833333333336,38.416666666666664,0.0,12.700000000000003
2018-05-07,8.575000000000001,0.5858206609102973,-5.566059402106538,0.5,2682.0,58.63636363636363,30.479166666666668,36.416666666666664,0.0,13.700000000000003
2018-05-08,9.070833333333333,5.436784997806865,-4.295082901672054,0.6666666666666666,1791.0,302.72727272727275,27.204166666666666,46.333333333333336,3.5,10.899999999999999
2018-05-09,7.145833333333333,0.08641344276007452,-5.531231021220797,0.375,2249.0,50.45454545454545,28.1375,43.958333333333336,2.2,14.599999999999998
2018-05-10,8.295833333333333,4.196992356502945,-2.8509178239070088,0.3333333333333333,2847.0,35.45454545454545,30.254166666666666,37.541666666666664,0.0,15.600000000000001
2018-05-11,9.170833333333333,3.2542511877220086,-3.892510183347065,0.5416666666666666,2559.0,34.09090909090909,32.520833333333336,36.0,0.0,15.8
2018-05-12,9.545833333333333,-3.9730937953666605,1.638847028889648,0.125,1827.0,88.63636363636364,32.28333333333333,41.791666666666664,1.1,13.0
2018-05-13,11.679166666666667,-3.429357179060578,-0.5537444192095428,0.20833333333333334,1472.0,102.72727272727273,29.587500000000002,56.291666666666664,3.8000000000000003,11.700000000000003
2018-05-14,8.008333333333333,-6.258876506248389,1.2891017106122884,0.0,1707.0,201.8181818181818,29.979166666666668,52.333333333333336,0.0,14.099999999999998
2018-05-15,8.416666666666666,-6.607644850224898,1.5150851540937713,0.0,1736.0,127.72727272727273,31.212500000000002,49.791666666666664,0.0,12.8
2018-05-16,8.154166666666667,4.468575722098697,-1.3888792970813741,0.4166666666666667,2214.0,80.45454545454545,31.954166666666666,41.833333333333336,0.4,13.899999999999999
2018-05-17,8.1875,3.403688610412941,-3.3433302274321703,0.5833333333333334,2359.0,99.54545454545455,32.737500000000004,29.75,0.0,15.0
2018-05-18,6.9125000000000005,-2.8533014844138513,-3.372401303972022,0.25,2382.0,49.54545454545455,32.520833333333336,32.208333333333336,0.0,13.0
2018-05-19,6.533333333333334,3.2141537248255596,2.019614002657574,0.25,2535.0,33.18181818181818,32.15833333333333,38.416666666666664,1.5,13.600000000000001
2018-05-20,10.170833333333333,6.477601389890853,-7.15569660178891,1.0,2947.0,86.36363636363636,32.88333333333333,28.375,0.0,14.3
2018-05-21,11.683333333333332,4.55482811655147,-10.132162129403065,1.0,2435.0,113.18181818181819,33.74166666666667,17.375,0.0,14.699999999999996
2018-05-22,9.8375,4.4275811790097785,-6.119281622875332,0.7083333333333334,2736.0,91.81818181818181,35.483333333333334,18.0,0.0,14.700000000000003
2018-05-23,10.158333333333333,-5.1468851911756035,-4.694919068312302,0.25,2522.0,51.81818181818182,34.550000000000004,25.583333333333332,0.1,13.8
2018-05-24,9.216666666666667,-0.8238190988525483,-2.8055217120957647,0.25,2972.0,67.72727272727273,33.78333333333333,30.5,0.0,14.0
2018-05-25,9.316666666666666,7.545966645242012,-3.367596784610102,0.7083333333333334,3828.0,37.27272727272727,34.645833333333336,24.666666666666668,0.0,16.200000000000003
2018-05-26,9.1875,4.164535533157385,-2.790408756178333,0.625,4335.0,43.18181818181818,34.895833333333336,16.75,0.0,15.899999999999999
2018-05-27,10.795833333333334,3.512179994840995,2.281851378943578,0.25,4125.0,51.81818181818182,35.333333333333336,18.916666666666668,0.0,16.1
2018-05-28,9.208333333333334,-2.327883015710772,0.5780875531620775,0.20833333333333334,3675.0,66.36363636363636,34.7875,27.958333333333332,0.0,14.899999999999999
2018-05-29,12.579166666666666,-6.479729578313269,4.627560492001942,0.0,3440.0,172.72727272727272,33.987500000000004,33.333333333333336,0.0,14.200000000000003
2018-05-30,14.333333333333334,-8.852191580819495,5.3643602676480695,0.041666666666666664,1472.0,364.54545454545456,32.791666666666664,48.625,0.7,13.299999999999997
2018-05-31,11.1,-6.706969211068238,3.992970360526845,0.041666666666666664,2278.0,215.9090909090909,34.34166666666667,45.0,0.0,14.3
2018-06-01,17.979166666666668,-15.66989232478401,5.206586783720805,0.0,1526.0,469.09090909090907,33.94583333333333,48.208333333333336,4.8,12.100000000000001
2018-06-02,15.637500000000001,-14.48746930365013,4.7215893828076085,0.0,1505.0,445.0,32.987500000000004,48.875,0.0,12.299999999999997
2018-06-03,13.320833333333333,-12.357022376010152,2.9244009234691455,0.0,1827.0,379.54545454545456,32.958333333333336,52.458333333333336,0.0,9.099999999999998
2018-06-04,16.0125,-13.84401661200196,6.825195940453224,0.0,2088.0,400.90909090909093,34.895833333333336,45.375,0.0,10.899999999999999
2018-06-05,16.0625,-14.886009220735815,5.046261094918807,0.0,2188.0,519.0909090909091,35.30833333333333,44.583333333333336,0.7,8.800000000000004
2018-06-06,12.266666666666666,-11.594883332199345,2.023293603616157,0.0,1488.0,404.54545454545456,33.454166666666666,54.625,0.8,9.199999999999996
2018-06-07,8.3125,-7.122482724096018,1.7525367158826068,0.0,2038.0,232.27272727272728,34.175000000000004,53.083333333333336,0.0,11.100000000000001
2018-06-08,16.141666666666666,-14.495176277844534,6.877514484520481,0.0,1752.0,415.90909090909093,34.80416666666667,52.416666666666664,0.0,9.099999999999998
2018-06-09,14.041666666666666,-9.593181926187976,5.199755453648108,0.041666666666666664,1116.0,324.09090909090907,31.516666666666666,69.375,15.2,9.900000000000002
2018-06-10,6.645833333333333,0.9637647759074097,-0.3513455658369389,0.3333333333333333,1421.0,55.90909090909091,31.516666666666666,67.66666666666667,1.9,9.700000000000003
2018-06-11,11.091666666666667,8.402874590123995,-4.142614063577078,0.75,2092.0,121.36363636363636,34.016666666666666,51.791666666666664,0.0,11.299999999999997
2018-06-12,13.516666666666666,12.625255449915883,-2.07495672182244,0.625,2344.0,74.0909090909091,35.55833333333333,39.875,0.0,13.299999999999997
2018-06-13,16.837500000000002,16.052003558379447,0.9483501901192435,0.5416666666666666,1821.0,245.45454545454547,36.391666666666666,37.458333333333336,0.0,8.7
2018-06-14,19.825,18.65840302647036,3.7034427353475725,0.20833333333333334,1864.0,566.3636363636364,35.97083333333333,36.583333333333336,0.0,9.099999999999998
2018-06-15,17.820833333333333,17.237346156255438,1.997937141959784,0.20833333333333334,2108.0,495.0,35.49166666666667,35.541666666666664,0.0,6.799999999999997
2018-06-16,14.145833333333334,9.500339760911112,0.5003415793308431,0.25,2191.0,412.27272727272725,34.9375,41.291666666666664,0.0,8.099999999999998
2018-06-17,10.379166666666666,-1.2618734656993935,-6.000397256246185,0.25,1821.0,195.0,31.708333333333332,58.125,0.2,7.200000000000003
2018-06-18,8.174999999999999,3.5530600838105215,-3.001636655304647,0.5,1665.0,147.72727272727272,31.125,55.333333333333336,0.6000000000000001,9.099999999999998
2018-06-19,8.5,4.998696182180926,-5.166429560602793,0.75,1995.0,88.63636363636364,32.65416666666667,51.375,0.0,12.3
2018-06-20,5.666666666666667,0.08865901610797398,-1.4350987402011581,0.3333333333333333,2411.0,53.63636363636363,34.93333333333333,45.25,0.0,11.200000000000003
2018-06-21,7.366666666666667,1.715096138208969,-3.005964606061513,0.5,2660.0,30.454545454545453,35.395833333333336,41.791666666666664,0.0,10.900000000000002
2018-06-22,5.754166666666666,-0.5296568779856922,-0.9389249335147115,0.20833333333333334,2564.0,27.727272727272727,36.574999999999996,38.375,0.0,9.800000000000004
2018-06-23,8.475,1.2376293662008089,-3.606519722908427,0.4166666666666667,2074.0,30.90909090909091,35.9625,38.916666666666664,0.0,9.900000000000002
2018-06-24,9.233333333333333,6.2211402849306525,-2.656294928739578,0.5416666666666666,2636.0,83.18181818181819,35.56666666666667,38.833333333333336,0.0,9.899999999999999
2018-06-25,13.1625,11.429209701391256,-3.7728158753698526,0.6666666666666666,2641.0,262.27272727272725,36.35,35.583333333333336,0.0,9.699999999999996
2018-06-26,9.341666666666667,7.803773032263184,0.45872818566647355,0.3333333333333333,1000.0,226.8181818181818,32.87916666666667,52.166666666666664,1.8,6.900000000000002
2018-06-27,9.0375,-6.725845522905195,-0.45820686025302804,0.08333333333333333,1361.0,135.45454545454547,29.224999999999998,78.375,29.8,8.799999999999997
2018-06-28,14.554166666666667,-13.021124429791064,2.0843717523529017,0.041666666666666664,916.0,365.90909090909093,28.641666666666666,81.20833333333333,12.6,7.799999999999997
2018-06-29,16.591666666666665,-14.938635254725272,5.8478780432264665,0.0,1244.0,662.2727272727273,29.3875,76.0,4.3,7.400000000000002
2018-06-30,8.487499999999999,-4.190297371204081,4.579789665807995,0.0,1146.0,327.27272727272725,29.629166666666666,79.08333333333333,4.9,6.399999999999999
2018-07-01,10.791666666666666,10.102039756332148,0.34499933510104003,0.4583333333333333,1329.0,369.09090909090907,30.75,74.625,4.7,6.300000000000001
2018-07-02,12.004166666666668,9.166698326244932,1.648447533664769,0.3333333333333333,1569.0,203.63636363636363,30.679166666666664,71.875,15.2,9.600000000000001
2018-07-03,8.5875,2.1261372755154953,2.2239529005982903,0.3333333333333333,1217.0,130.0,30.65416666666667,68.16666666666667,0.7,5.300000000000004
2018-07-04,8.933333333333334,1.5759961722128581,0.43102513461188335,0.3333333333333333,1097.0,127.27272727272727,29.141666666666666,77.66666666666667,4.8,5.399999999999999
2018-07-05,6.0,3.3993619791729457,-0.3032733309794052,0.3333333333333333,1555.0,69.0909090909091,30.829166666666666,70.95833333333333,0.0,8.2
2018-07-06,8.154166666666667,6.767579327579763,-3.8840649769773634,0.9583333333333334,1513.0,110.9090909090909,31.170833333333334,67.41666666666667,0.0,8.0
2018-07-07,7.770833333333333,6.093859690774611,-4.620187251755523,1.0,1623.0,27.727272727272727,31.745833333333334,64.70833333333333,0.0,8.8
2018-07-08,6.295833333333333,1.8949136867908674,-3.1342556905159786,0.6666666666666666,1851.0,35.45454545454545,32.916666666666664,60.958333333333336,0.0,9.399999999999999
2018-07-09,9.608333333333333,-7.406433989782829,3.0667174379745217,0.08333333333333333,1557.0,305.45454545454544,32.9125,64.20833333333333,0.1,7.899999999999999
2018-07-10,11.783333333333333,-9.935905174777691,5.323888871712497,0.0,1419.0,420.90909090909093,32.81666666666667,67.25,0.30000000000000004,8.3
2018-07-11,9.641666666666667,-7.00357823108605,4.52408881608008,0.0,1126.0,319.09090909090907,31.770833333333332,72.125,4.5,7.899999999999999
2018-07-12,7.8625,-6.36772575018639,2.4691066685830814,0.0,1129.0,276.3636363636364,29.599999999999998,80.20833333333333,25.5,7.399999999999999
2018-07-13,8.270833333333334,-7.341829462376997,2.731448382570847,0.0,614.0,299.54545454545456,29.145833333333332,81.54166666666667,6.6,5.700000000000003
2018-07-14,8.654166666666667,-7.922521481404441,2.1231559079615097,0.0,502.0,235.45454545454547,28.491666666666664,84.75,6.4,6.100000000000001
2018-07-15,9.450000000000001,-8.547576667082032,3.3349765589018188,0.0,1024.0,262.27272727272725,29.429166666666664,82.875,7.4,7.0000000000000036
2018-07-16,9.333333333333334,-8.900964549752102,0.7240796644302022,0.0,848.0,273.6363636363636,29.133333333333336,85.29166666666667,10.9,4.900000000000002
2018-07-17,9.308333333333334,-8.269254943303595,1.4157732642928529,0.0,1220.0,171.36363636363637,30.416666666666668,79.58333333333333,3.5,5.700000000000003
2018-07-18,9.766666666666667,-8.086371977361635,-0.024297217685307532,0.0,968.0,195.0,30.145833333333332,80.16666666666667,12.2,4.9999999999999964
2018-07-19,6.520833333333333,-5.8979154407055345,0.3964944767843745,0.0,1132.0,106.36363636363636,30.15416666666667,80.5,13.3,5.5
2018-07-20,4.220833333333333,-1.9343069592497375,-0.36462586786477713,0.20833333333333334,889.0,50.90909090909091,29.370833333333334,84.0,8.299999999999999,5.300000000000001
2018-07-21,5.504166666666666,-3.014815366599699,1.9502574810309232,0.125,321.0,115.9090909090909,28.45,88.79166666666667,20.9,4.400000000000002
2018-07-22,4.9,-2.2728401163695646,2.4434916378177927,0.08333333333333333,549.0,175.0,27.40833333333333,90.54166666666667,30.6,4.200000000000003
2018-07-23,6.529166666666666,-3.593896366880761,-0.166299202505482,0.08333333333333333,938.0,63.63636363636363,28.808333333333334,85.70833333333333,5.1000000000000005,6.299999999999997
2018-07-24,5.045833333333333,-3.0767631169663776,2.6836814824297814,0.0,1121.0,74.0909090909091,29.983333333333334,77.66666666666667,1.5,6.0
2018-07-25,6.604166666666667,4.77337736683035,2.9683020928599735,0.041666666666666664,626.0,191.36363636363637,28.84583333333333,85.29166666666667,8.2,5.200000000000003
2018-07-26,7.125,1.093672440111696,-4.599220149610981,0.4166666666666667,372.0,155.9090909090909,26.9375,91.375,16.3,3.6999999999999993
2018-07-27,6.633333333333333,-0.6972416306602268,-5.514199573826882,0.4583333333333333,423.0,275.90909090909093,26.804166666666664,89.79166666666667,14.200000000000001,4.0
2018-07-28,12.575000000000001,11.807450519329239,1.1442718792090616,0.3333333333333333,805.0,194.54545454545453,28.075,83.5,2.8,6.800000000000001
2018-07-29,9.170833333333333,8.269742000104642,-0.369274967909422,0.6666666666666666,1165.0,158.1818181818182,29.008333333333336,81.70833333333333,2.4,7.0
2018-07-30,10.416666666666666,9.748967964109925,0.5128338567783192,0.5416666666666666,1016.0,211.8181818181818,29.258333333333336,79.20833333333333,2.4,6.899999999999999
2018-07-31,11.9125,9.090409782157293,0.15870842496575385,0.5,1082.0,212.27272727272728,29.691666666666666,76.08333333333333,2.5,6.699999999999999
2018-08-01,12.529166666666667,10.157339506748928,2.067308593988854,0.375,1376.0,157.72727272727272,29.912499999999998,74.45833333333333,0.4,8.100000000000001
2018-08-02,12.008333333333333,10.28537226417611,1.7625360675095205,0.4583333333333333,1407.0,211.36363636363637,30.516666666666666,69.66666666666667,0.2,6.700000000000003
2018-08-03,13.154166666666667,11.443744290875577,2.0251473567150646,0.375,1338.0,318.1818181818182,30.47083333333333,67.5,0.0,6.599999999999998
2018-08-04,12.420833333333334,9.37918800282904,4.396480249929945,0.25,1287.0,415.0,30.383333333333336,65.75,0.0,6.300000000000001
2018-08-05,11.766666666666666,5.333396077406451,7.19796245788248,0.0,478.0,314.09090909090907,29.15416666666667,72.08333333333333,1.3,5.799999999999997
2018-08-06,5.704166666666667,-3.1873872024786682,3.9333293531218447,0.0,565.0,113.18181818181819,26.808333333333334,86.25,4.6,2.8999999999999986
2018-08-07,4.945833333333334,-3.747603002881297,-1.0504709389706528,0.041666666666666664,827.0,137.27272727272728,26.650000000000002,91.04166666666667,19.4,4.0
2018-08-08,8.35,-7.47655230126254,1.2293542058395868,0.0,1045.0,142.72727272727272,27.96666666666667,86.04166666666667,9.4,6.5
2018-08-09,8.579166666666667,-7.651589215930783,1.7696256535293706,0.0,1029.0,154.54545454545453,29.224999999999998,82.54166666666667,2.9,6.200000000000003
2018-08-10,5.75,1.8458115978175573,0.5737003922357405,0.3333333333333333,988.0,67.72727272727273,29.52916666666667,82.45833333333333,2.9,6.599999999999998
2018-08-11,13.695833333333333,12.38757091643087,0.22368602218802533,0.5833333333333334,1114.0,260.0,29.77916666666667,78.25,2.7,7.600000000000001
2018-08-12,9.183333333333334,4.6767463346210905,1.7276839714272565,0.4166666666666667,621.0,281.3636363636364,28.820833333333336,79.25,2.1,3.299999999999997
2018-08-13,5.183333333333334,-1.41880881520163,2.0419114952645443,0.16666666666666666,853.0,200.45454545454547,29.133333333333336,76.625,2.5,5.899999999999999
2018-08-14,6.25,-0.04609584151054605,2.3812764360451726,0.25,1035.0,90.9090909090909,29.337500000000002,78.95833333333333,1.0,6.399999999999999
2018-08-15,7.425,-4.3354381435305145,2.470346646570658,0.041666666666666664,774.0,168.63636363636363,28.991666666666664,83.91666666666667,7.3999999999999995,6.900000000000002
2018-08-16,6.925,-5.300081995667925,-1.2718908241340163,0.125,789.0,213.1818181818182,29.145833333333332,85.125,3.4000000000000004,5.899999999999999
2018-08-17,10.129166666666666,-9.312710057727612,1.443312123903434,0.0,915.0,218.1818181818182,29.433333333333334,83.25,3.4,5.0
2018-08-18,7.179166666666667,-5.727230292041533,1.4328516772632298,0.041666666666666664,628.0,97.72727272727273,29.258333333333336,84.29166666666667,6.4,5.5
2018-08-19,6.05,4.620207472043871,1.0618636148928622,0.375,633.0,85.0,28.9375,86.83333333333333,4.9,4.399999999999999
2018-08-20,5.245833333333334,-2.019250055402204,0.8104563336978151,0.08333333333333333,628.0,68.63636363636364,29.266666666666666,86.125,3.6,6.099999999999998
2018-08-21,6.5874999999999995,-6.074663834586633,1.8947711268441216,0.0,1027.0,101.36363636363636,29.504166666666666,85.41666666666667,2.5,7.100000000000001
2018-08-22,5.683333333333334,-3.984842495717945,2.5729357610230066,0.125,631.0,101.36363636363636,29.34166666666667,84.125,10.1,6.300000000000001
2018-08-23,7.620833333333334,6.449524192092291,0.29569049590036517,0.5,707.0,117.27272727272727,28.291666666666668,87.625,12.4,5.600000000000001
2018-08-24,10.104166666666666,8.472981401760856,2.126826856207592,0.375,978.0,249.0909090909091,28.625,83.41666666666667,9.1,7.200000000000003
2018-08-25,12.483333333333334,10.548913786837215,1.93011287385926,0.5,1117.0,338.1818181818182,28.55,79.33333333333333,1.8,6.4999999999999964
2018-08-26,8.425,4.212111400087107,-1.5477073522947833,0.4166666666666667,1073.0,192.72727272727272,28.625,79.79166666666667,1.7000000000000002,6.600000000000001
2018-08-27,4.245833333333334,-0.2269068639236227,-0.933444670620959,0.4166666666666667,730.0,104.0909090909091,27.554166666666664,89.45833333333333,6.0,4.700000000000003
2018-08-28,7.4125000000000005,-6.5254914157025725,-0.536015048559092,0.0,609.0,214.54545454545453,27.662499999999998,88.5,14.0,5.399999999999999
2018-08-29,5.866666666666667,-4.465797001043761,1.2733800927757442,0.08333333333333333,478.0,140.9090909090909,28.004166666666666,89.08333333333333,4.6,5.0
2018-08-30,6.166666666666667,1.5798590501703993,2.977448750584817,0.25,897.0,98.63636363636364,28.995833333333334,85.16666666666667,3.5,6.800000000000001
2018-08-31,8.808333333333334,1.969000189904763,3.4094287505433445,0.25,729.0,127.27272727272727,29.537499999999998,80.79166666666667,1.2,7.399999999999999
2018-09-01,5.1375,-0.5289928324222982,1.5424197104557693,0.16666666666666666,432.0,66.81818181818181,28.3625,86.375,1.3,5.600000000000001
2018-09-02,4.704166666666667,-2.187522083176184,-1.919538722458056,0.125,486.0,60.0,26.712500000000002,89.75,32.7,4.899999999999999
2018-09-03,4.241666666666666,-2.2684791536074718,1.2973910482124946,0.041666666666666664,422.0,64.0909090909091,26.675,89.875,8.200000000000001,5.599999999999998
2018-09-04,4.816666666666667,2.5624709184123957,-1.287284024559721,0.4166666666666667,611.0,60.0,26.708333333333332,91.04166666666667,9.0,3.6999999999999993
2018-09-05,8.370833333333334,6.049109031755261,-1.2035863840480132,0.5,632.0,69.0909090909091,27.704166666666666,84.91666666666667,0.8999999999999999,6.199999999999999
2018-09-06,6.420833333333333,3.9829229425201205,-0.39574672339894085,0.4583333333333333,715.0,103.63636363636364,28.041666666666668,83.08333333333333,7.9,6.300000000000001
2018-09-07,6.791666666666667,-6.275433489747638,0.8862913582481987,0.0,524.0,76.81818181818181,27.954166666666666,87.58333333333333,8.6,5.0
2018-09-08,13.129166666666668,-12.757173995582917,-0.7071759385669334,0.0,974.0,264.09090909090907,27.395833333333332,86.16666666666667,8.0,6.0
2018-09-09,14.125,-11.864223146182441,5.386401667277216,0.0,972.0,394.09090909090907,27.0,83.04166666666667,0.2,5.300000000000001
2018-09-10,6.966666666666666,-1.887751799904423,5.221445918818363,0.0,668.0,140.0,27.495833333333334,82.625,2.4,7.100000000000001
2018-09-11,8.362499999999999,5.872172384491875,2.884139825348816,0.3333333333333333,823.0,206.8181818181818,27.787499999999998,83.83333333333333,3.0,5.600000000000001
2018-09-12,14.766666666666666,12.923857115019672,1.3040481031019422,0.4166666666666667,998.0,338.6363636363636,28.545833333333334,76.0,0.4,6.800000000000004
2018-09-13,13.612499999999999,12.38444303884762,2.871437921494893,0.20833333333333334,1067.0,420.90909090909093,28.575000000000003,70.70833333333333,0.0,6.600000000000001
2018-09-14,9.429166666666665,9.018317734009306,0.9531255537195024,0.5,1166.0,210.45454545454547,27.84166666666667,70.875,0.0,7.300000000000001
2018-09-15,8.625,7.749264296324925,-0.09063146085731416,0.5416666666666666,1228.0,108.63636363636364,27.875,69.625,0.0,8.499999999999996
2018-09-16,9.0,7.886930445809155,-1.614374685357564,0.6666666666666666,1461.0,55.45454545454545,28.02916666666667,68.58333333333333,0.0,9.0
2018-09-17,7.8374999999999995,5.901433970325589,-3.732589665526539,0.7916666666666666,1291.0,43.18181818181818,28.070833333333336,71.29166666666667,0.0,8.100000000000001
2018-09-18,8.858333333333333,5.949809254692844,-4.721657278569881,0.6666666666666666,1604.0,59.54545454545455,27.641666666666666,69.20833333333333,0.0,10.200000000000003
2018-09-19,8.754166666666666,4.26410115403034,-4.704306722117068,0.5833333333333334,1465.0,27.727272727272727,27.71666666666667,69.33333333333333,0.0,10.899999999999999
2018-09-20,5.375,-1.2118724236563072,-1.1868803350309123,0.25,1325.0,62.27272727272727,28.4375,70.16666666666667,0.0,10.599999999999998
2018-09-21,13.237499999999999,-12.61073237269556,1.6852676679958967,0.0,905.0,310.0,27.212500000000002,78.20833333333333,6.2,7.5
2018-09-22,17.145833333333332,-16.638097919409947,0.32553911174500805,0.0,824.0,749.0909090909091,24.933333333333334,88.5,50.6,5.5
2018-09-23,20.633333333333333,-19.607304412414276,5.839992964418766,0.0,849.0,678.1818181818181,25.454166666666666,88.91666666666667,15.6,5.399999999999999
2018-09-24,15.566666666666665,-5.770714659004107,8.608896884135863,0.08333333333333333,404.0,390.0,24.583333333333332,92.16666666666667,12.8,3.3000000000000007
2018-09-25,13.1875,11.087500166499959,-5.582390103451034,0.8333333333333334,823.0,235.45454545454547,25.233333333333334,84.54166666666667,0.30000000000000004,6.5
2018-09-26,8.475,7.487877035332758,-2.857217389284602,0.8333333333333334,1263.0,65.45454545454545,26.066666666666666,80.66666666666667,0.0,8.599999999999998
2018-09-27,5.5249999999999995,2.585113018606307,-2.7054063516003897,0.625,1135.0,25.0,26.979166666666668,76.70833333333333,0.0,9.600000000000001
2018-09-28,4.9750000000000005,1.2615084456970436,0.13015077198236127,0.3333333333333333,1172.0,22.727272727272727,27.679166666666664,74.41666666666667,0.6,9.600000000000001
2018-09-29,5.491666666666667,3.255607772340278,-1.2940728258013947,0.5833333333333334,675.0,46.81818181818182,27.2375,74.125,0.0,10.400000000000002
2018-09-30,9.945833333333333,8.102248529656142,-4.91956143582015,0.875,1296.0,80.0,26.583333333333332,73.41666666666667,0.0,9.600000000000001
2018-10-01,8.866666666666667,7.004059449435858,-3.228919741144264,0.75,1100.0,46.81818181818182,26.6125,72.0,0.0,10.5
2018-10-02,6.904166666666666,6.0568701277809955,-1.5243672318821855,0.6666666666666666,988.0,31.363636363636363,27.508333333333336,68.375,0.0,11.599999999999998
2018-10-03,5.508333333333333,4.327035139236297,0.09063958861325795,0.3333333333333333,744.0,27.727272727272727,26.96666666666667,65.08333333333333,0.0,11.099999999999998
2018-10-04,5.029166666666667,0.7080389220862856,-1.0811205570311757,0.2916666666666667,739.0,25.454545454545453,26.375,70.66666666666667,1.0,10.600000000000001
2018-10-05,5.195833333333334,1.5124428643831591,-2.5710062017739235,0.5,925.0,25.454545454545453,26.425,72.20833333333333,0.0,11.700000000000003
2018-10-06,8.25,6.421270332057439,-4.116054377325864,0.9166666666666666,867.0,43.18181818181818,25.791666666666668,64.16666666666667,0.0,11.900000000000002
2018-10-07,7.1125,2.731908485765997,-5.124598327788315,0.7083333333333334,892.0,30.90909090909091,25.379166666666666,67.16666666666667,0.0,11.8
2018-10-08,4.316666666666666,-0.6756702884884724,0.16333229125603754,0.20833333333333334,1010.0,26.363636363636363,26.09166666666667,66.79166666666667,0.0,12.399999999999999
2018-10-09,9.125,-6.781257325681082,4.4443855367587215,0.0,860.0,69.0909090909091,26.2625,72.08333333333333,0.0,10.2
2018-10-10,11.879166666666668,-10.310893870883339,2.5663336416928204,0.0,908.0,88.18181818181819,25.358333333333334,77.66666666666667,0.2,9.8
2018-10-11,10.183333333333334,-9.42400549566604,0.3294862495978314,0.0,652.0,110.0,24.129166666666666,80.0,1.3,8.100000000000001
2018-10-12,6.508333333333333,-2.5503458135126507,-4.440168906507487,0.25,1823.0,51.81818181818182,23.691666666666666,71.41666666666667,0.0,11.599999999999998
2018-10-13,7.929166666666667,3.8811419741859887,-6.384484228492426,0.9166666666666666,1549.0,46.81818181818182,23.204166666666666,65.79166666666667,0.0,10.700000000000003
2018-10-14,9.924999999999999,7.434641233936141,-3.7965058187666476,0.625,1305.0,44.09090909090909,23.22083333333333,60.791666666666664,0.0,13.2
2018-10-15,6.679166666666667,0.9562787240025724,-2.1865222502952752,0.5,1139.0,29.545454545454547,24.433333333333334,58.333333333333336,0.0,13.900000000000002
2018-10-16,7.308333333333334,-6.063907590627141,3.0653733318394885,0.0,749.0,38.63636363636363,24.820833333333336,67.58333333333333,0.0,11.900000000000002
2018-10-17,7.066666666666666,-4.989453412605702,2.8124035350459877,0.041666666666666664,1393.0,40.90909090909091,25.0625,68.5,0.0,13.399999999999999
2018-10-18,9.304166666666667,-6.205341351762079,1.7319697887736336,0.041666666666666664,1152.0,58.18181818181818,24.8125,70.83333333333333,0.4,12.2
2018-10-19,6.408333333333332,2.637865217928068,-4.385364180495007,0.6666666666666666,1982.0,50.0,25.291666666666668,59.916666666666664,0.0,13.2
2018-10-20,7.0375000000000005,0.365195996430372,-6.142998038997956,0.5,1211.0,44.54545454545455,24.441666666666666,56.458333333333336,0.0,12.900000000000002
2018-10-21,8.775,1.719292605293359,-8.43008656926232,0.9166666666666666,1355.0,84.54545454545455,23.40833333333333,54.5,0.0,11.700000000000003
2018-10-22,9.620833333333334,7.674728122058759,-3.4626270046913703,0.75,2089.0,46.81818181818182,22.5,48.791666666666664,0.0,13.599999999999998
2018-10-23,7.658333333333334,4.182864168595446,-2.088850734231976,0.4583333333333333,2092.0,40.45454545454545,23.066666666666666,47.833333333333336,0.0,13.700000000000003
2018-10-24,5.958333333333333,-3.815633451818988,0.2724252097420888,0.041666666666666664,1361.0,27.727272727272727,23.416666666666668,56.791666666666664,0.0,12.5
2018-10-25,6.6625000000000005,-5.595700918746249,-2.3923176209900565,0.0,819.0,31.818181818181817,23.224999999999998,59.208333333333336,0.0,14.099999999999998
2018-10-26,7.320833333333334,-0.7819597851718237,-3.810718478398351,0.4166666666666667,909.0,28.181818181818183,22.679166666666664,63.291666666666664,0.0,13.599999999999998
2018-10-27,7.2875000000000005,1.746544116542055,-6.411317760129475,0.7083333333333334,1825.0,20.454545454545453,23.333333333333332,61.333333333333336,0.0,11.7
2018-10-28,8.216666666666667,3.809872057861522,-6.085383782976746,0.9166666666666666,1562.0,20.454545454545453,23.054166666666664,62.708333333333336,0.0,13.7
2018-10-29,7.445833333333333,5.501931978597887,-4.258989337093789,0.9583333333333334,1337.0,20.0,22.8,63.958333333333336,0.0,13.5
2018-10-30,4.5125,-1.2995825401040844,-1.0797649744620843,0.3333333333333333,1509.0,21.818181818181817,23.7625,63.5,0.0,11.0
2018-10-31,4.791666666666667,-1.6076279846158157,-0.3859596366116047,0.2916666666666667,1475.0,17.727272727272727,23.854166666666668,63.166666666666664,0.0,11.100000000000001
2018-11-01,4.8,-2.3417380343955965,1.2924158761820752,0.041666666666666664,1649.0,30.0,23.208333333333332,65.04166666666667,0.0,10.899999999999999
2018-11-02,7.108333333333333,-5.393301145008578,3.938812470519189,0.0,1192.0,62.72727272727273,23.508333333333336,67.08333333333333,0.1,12.5
2018-11-03,15.549999999999999,-12.847294053361091,2.5110677222923425,0.0,774.0,165.45454545454547,23.570833333333336,64.20833333333333,0.0,8.5
2018-11-04,8.9,-0.5025680680093257,-2.6757195335292376,0.4583333333333333,1837.0,192.27272727272728,22.287499999999998,60.875,0.0,10.099999999999998
2018-11-05,9.379166666666666,8.463612004757952,-3.706333899255432,1.0,1484.0,104.54545454545455,20.2375,62.5,0.0,10.5
2018-11-06,13.179166666666667,12.138602679800073,-4.875563074168276,1.0,1379.0,135.45454545454547,20.025000000000002,50.333333333333336,0.0,10.8
2018-11-07,9.091666666666667,8.515645249075233,-1.065758388020375,0.75,1048.0,60.45454545454545,19.079166666666666,40.458333333333336,0.0,13.500000000000002
2018-11-08,4.283333333333333,0.5213422377258027,-2.0294799630785496,0.4166666666666667,1099.0,19.09090909090909,20.162499999999998,48.583333333333336,0.0,12.899999999999999
2018-11-09,5.591666666666666,2.1107218159700722,-3.4521652320753033,0.4583333333333333,1141.0,18.181818181818183,20.408333333333335,59.75,0.0,13.899999999999999
2018-11-10,4.670833333333333,-1.5499443582543233,-0.949036550372491,0.16666666666666666,1322.0,23.181818181818183,20.804166666666667,63.5,0.0,13.5
2018-11-11,4.8500000000000005,-2.045225867332578,0.23186329037770168,0.125,1271.0,21.818181818181817,21.8,60.708333333333336,0.0,13.6
2018-11-12,5.995833333333334,-5.04025901494147,-0.594972072217392,0.0,900.0,20.0,21.491666666666664,67.875,0.0,12.999999999999998
2018-11-13,6.683333333333334,-4.471613938012516,1.083319456687331,0.041666666666666664,972.0,42.27272727272727,22.170833333333334,69.04166666666667,0.1,11.0
2018-11-14,7.279166666666666,-2.69217832861182,-0.19989657402002636,0.041666666666666664,1251.0,56.81818181818182,21.495833333333334,72.0,1.1,8.100000000000001
2018-11-15,9.379166666666666,1.6798514037413323,-6.866424209750103,0.5416666666666666,1271.0,129.0909090909091,20.775000000000002,71.91666666666667,0.6000000000000001,10.399999999999999
2018-11-16,14.491666666666667,13.23447455712408,-5.02661484921787,0.9583333333333334,1225.0,189.0909090909091,19.158333333333335,60.958333333333336,0.0,10.9
2018-11-17,10.387500000000001,9.608619401856375,-2.7032737328558163,0.8333333333333334,1273.0,66.81818181818181,18.516666666666666,63.708333333333336,0.0,11.100000000000001
2018-11-18,6.991666666666666,-2.3149936424056974,3.689514981157597,0.041666666666666664,974.0,44.09090909090909,19.8,63.958333333333336,0.0,12.5
2018-11-19,10.591666666666667,-8.67008933375325,5.901799382265767,0.0,832.0,98.63636363636364,20.816666666666666,62.583333333333336,0.0,9.8
2018-11-20,7.108333333333333,2.287093015127123,-3.689266012179401,0.6666666666666666,1179.0,40.45454545454545,20.4875,71.58333333333333,0.0,11.6
2018-11-21,9.995833333333334,9.221424920040537,-1.8010645715323113,0.625,1251.0,58.18181818181818,19.754166666666666,62.458333333333336,0.0,12.1
2018-11-22,5.8500000000000005,3.8576213610394867,-2.357830452346808,0.5833333333333334,1076.0,25.454545454545453,19.616666666666667,57.625,0.0,14.100000000000001
2018-11-23,12.9125,10.956005698858467,-6.479982717856217,1.0,1272.0,116.81818181818181,19.279166666666665,57.125,0.0,13.5
2018-11-24,14.883333333333333,13.963846569385097,-4.2804570861633655,0.8333333333333334,1032.0,191.8181818181818,19.287499999999998,53.25,0.0,11.6
2018-11-25,8.137500000000001,5.559233334235851,-4.820728691114695,0.9166666666666666,852.0,40.90909090909091,17.866666666666667,60.458333333333336,0.0,13.2
2018-11-26,8.558333333333334,4.51824171245016,-6.141616813473807,0.9166666666666666,820.0,15.0,18.55,66.5,0.0,14.600000000000001
2018-11-27,6.704166666666667,-5.15333092247686,2.4989279975875403,0.08333333333333333,906.0,29.545454545454547,19.483333333333334,69.45833333333333,0.0,13.5
2018-11-28,5.1,-2.9002988417632927,2.1751426585795466,0.08333333333333333,1174.0,26.818181818181817,19.633333333333333,72.20833333333333,0.0,10.6
2018-11-29,8.479166666666666,7.5015920523950825,-2.7266106857695047,0.7916666666666666,1094.0,29.09090909090909,18.654166666666665,72.29166666666667,0.0,12.0
2018-11-30,9.633333333333333,8.610701462164334,-3.1356218555912303,0.875,1071.0,46.81818181818182,18.304166666666667,69.25,0.0,13.200000000000001
2018-12-01,9.004166666666666,8.149114162611165,-1.0996639928491871,0.5,1116.0,35.90909090909091,17.454166666666666,67.125,0.0,12.600000000000001
2018-12-02,5.3,0.1875875389434166,-1.5072118650056556,0.2916666666666667,1293.0,19.545454545454547,17.825,58.416666666666664,0.0,13.200000000000001
2018-12-03,4.970833333333333,3.0491724940960174,-2.4039459244893684,0.75,1045.0,12.272727272727273,17.6875,61.25,0.0,13.599999999999998
2018-12-04,5.970833333333334,2.28746141614276,-4.3087879215540825,0.5833333333333334,1099.0,21.363636363636363,17.287499999999998,65.91666666666667,0.0,10.7
2018-12-05,6.5249999999999995,3.521933988432073,-3.3680140972362644,0.75,1249.0,20.0,16.766666666666666,68.83333333333333,0.0,12.999999999999998
2018-12-06,5.695833333333333,1.5521616988479288,-3.6485036946857115,0.5416666666666666,1513.0,25.454545454545453,17.075,67.04166666666667,0.0,10.6
2018-12-07,9.679166666666667,6.37649554908569,-6.013878103063764,0.875,1308.0,32.27272727272727,15.941666666666665,70.25,0.0,12.2
2018-12-08,7.308333333333334,1.944099949673481,-4.28004638962783,0.5,1210.0,26.818181818181817,15.4625,70.375,0.0,13.5
2018-12-09,5.966666666666666,-0.44954456226708284,-4.428441492144083,0.625,1152.0,25.454545454545453,15.958333333333334,66.5,0.0,11.4
2018-12-10,7.9750000000000005,-6.624151895216708,3.1841279917361263,0.0,1257.0,40.0,15.491666666666667,72.375,0.1,12.2
2018-12-11,6.1125,-5.232326317842265,1.8543244457832972,0.0,1229.0,35.0,15.533333333333333,68.41666666666667,0.0,12.200000000000001
2018-12-12,8.745833333333334,-7.326475801548178,-1.1366450275230093,0.08333333333333333,1217.0,54.09090909090909,14.637500000000001,75.875,0.8,6.800000000000001
2018-12-13,7.575,2.090350877742963,-6.505758827222379,0.8333333333333334,1055.0,75.9090909090909,14.375,74.54166666666667,0.1,9.400000000000002
2018-12-14,8.591666666666667,6.77417931538032,-5.056453396367316,1.0,1223.0,98.63636363636364,13.987499999999999,69.54166666666667,0.0,10.799999999999999
2018-12-15,10.845833333333333,9.25431463756664,-4.938365230803927,1.0,916.0,98.63636363636364,13.870833333333332,68.08333333333333,0.0,12.100000000000001
2018-12-16,8.704166666666667,6.436169028138362,-5.277268798141365,1.0,577.0,63.63636363636363,13.416666666666666,66.58333333333333,0.0,12.8
2018-12-17,8.4,6.123248941070018,-5.566140709519732,1.0,546.0,56.36363636363637,13.079166666666666,68.79166666666667,0.0,13.299999999999999
2018-12-18,10.3125,8.5986947496287,-5.209913573478269,1.0,652.0,77.27272727272727,12.950000000000001,66.54166666666667,0.0,13.299999999999999
2018-12-19,9.0625,8.319245497546989,-1.588602006515897,0.6666666666666666,649.0,63.63636363636363,12.825000000000001,68.25,0.0,13.5
2018-12-20,7.270833333333333,6.640868464233407,-2.141374765362252,0.9583333333333334,698.0,40.45454545454545,12.370833333333332,68.29166666666667,0.0,14.4
2018-12-21,8.762500000000001,8.268775410054978,-1.4923010873966776,0.6666666666666666,685.0,46.81818181818182,12.15,68.54166666666667,0.0,13.8
2018-12-22,6.4875,0.4479135830918752,1.383666842107765,0.125,702.0,37.27272727272727,11.924999999999999,70.04166666666667,0.0,13.700000000000001
2018-12-23,7.891666666666667,-6.152050588798737,4.358229932686504,0.0,788.0,28.181818181818183,12.270833333333334,69.66666666666667,0.0,13.700000000000001
2018-12-24,7.354166666666667,4.740452566435403,-3.5999135732750602,0.75,1106.0,35.0,13.200000000000001,65.95833333333333,0.0,14.299999999999999
2018-12-25,10.991666666666667,9.699747053066462,-4.683490258593747,1.0,962.0,88.63636363636364,12.1875,65.70833333333333,0.0,13.500000000000002
2018-12-26,8.025,5.694480478465194,-0.978324757541278,0.75,1078.0,37.72727272727273,11.883333333333333,62.75,0.0,13.4
2018-12-27,6.575,2.558718611148205,-0.9021261256722624,0.5,1448.0,41.36363636363637,12.125,63.541666666666664,0.0,13.600000000000001
2018-12-28,12.595833333333333,11.250852557283473,-4.359158940669469,0.8333333333333334,961.0,93.63636363636364,11.541666666666666,66.625,0.0,12.100000000000001
2018-12-29,9.908333333333333,9.351879207357088,-2.1406471339004765,0.8333333333333334,763.0,52.72727272727273,11.270833333333334,64.45833333333333,0.0,14.2
2018-12-30,4.770833333333333,2.3649538382359006,-2.8189452581750314,0.75,740.0,16.363636363636363,13.258333333333333,61.125,0.0,14.8
2018-12-31,9.245833333333334,7.384106997749671,-3.8290841699665368,0.8333333333333334,817.0,30.90909090909091,12.341666666666667,70.08333333333333,0.0,15.299999999999999
2019-01-01,7.066666666666666,2.687385149672871,-0.7331158608210151,0.5416666666666666,666.0,37.72727272727273,12.729166666666666,71.20833333333333,0.0,14.299999999999999
2019-01-02,6.945833333333333,-5.308753226550102,2.3524789397718764,0.08333333333333333,922.0,23.181818181818183,14.133333333333333,70.79166666666667,0.0,13.500000000000002
2019-01-03,9.9375,7.976517565653658,-5.227290072323676,1.0,1082.0,45.90909090909091,13.4625,69.83333333333333,0.0,13.2
2019-01-04,7.529166666666666,4.275598766600144,-1.0478066034959215,0.7083333333333334,604.0,61.36363636363637,12.649999999999999,70.20833333333333,0.0,11.700000000000001
2019-01-05,11.941666666666668,-10.79805062501047,4.631186207397902,0.0,924.0,80.0,13.429166666666667,69.20833333333333,0.0,12.6
2019-01-06,8.708333333333334,-4.005422354196175,-5.578106471116456,0.25,918.0,83.63636363636364,13.045833333333334,76.875,2.3,9.0
2019-01-07,8.329166666666667,5.473117455717485,-5.9498652854952025,1.0,1063.0,85.45454545454545,12.441666666666668,77.125,0.0,11.3
2019-01-08,10.254166666666666,9.453454079050426,-3.6374430793791546,1.0,985.0,91.36363636363636,12.216666666666667,75.0,0.0,10.8
2019-01-09,12.779166666666667,11.59032903047009,-4.621564715139369,1.0,951.0,115.9090909090909,12.570833333333333,68.83333333333333,0.0,11.3
2019-01-10,8.708333333333334,5.189825116763242,-2.323421173344356,0.75,946.0,49.54545454545455,12.745833333333332,65.66666666666667,0.0,13.299999999999999
2019-01-11,6.8875,-5.941847673011964,2.113872097988195,0.0,1064.0,16.363636363636363,12.887500000000001,67.75,0.0,13.2
2019-01-12,5.916666666666667,-2.3927633772754007,3.8093227186478984,0.16666666666666666,958.0,20.454545454545453,13.870833333333332,67.29166666666667,0.0,11.3
2019-01-13,7.4750000000000005,0.25189542043010943,-4.297522638813811,0.5,1195.0,90.9090909090909,14.525,71.70833333333333,0.0,11.499999999999998
2019-01-14,14.979166666666666,12.521504240627722,-7.835485725713222,1.0,1076.0,188.1818181818182,12.520833333333334,58.5,0.0,10.100000000000001
2019-01-15,13.225000000000001,12.034168291023867,-4.686685841256953,1.0,756.0,141.8181818181818,11.495833333333332,56.333333333333336,0.0,12.2
2019-01-16,6.579166666666667,-1.3029413727632313,2.829898235191593,0.25,596.0,24.545454545454547,11.725,66.58333333333333,0.0,12.399999999999999
2019-01-17,7.541666666666667,3.2411936728115123,-6.07274237656528,0.875,821.0,31.363636363636363,12.770833333333334,71.16666666666667,0.0,12.4
2019-01-18,8.658333333333333,7.326426256953382,-4.364217103114828,1.0,673.0,50.0,12.079166666666666,72.25,0.0,14.600000000000001
2019-01-19,7.0625,5.49064916232079,-1.7830084193907936,0.6666666666666666,623.0,34.54545454545455,14.4375,66.66666666666667,0.0,15.6
2019-01-20,5.0249999999999995,-0.9536641272717049,3.791199196898557,0.0,631.0,26.818181818181817,17.779166666666665,66.79166666666667,0.0,13.0
2019-01-21,14.841666666666667,-12.068756100978442,7.848905855474492,0.0,656.0,178.1818181818182,16.245833333333334,79.79166666666667,6.5,7.800000000000001
2019-01-22,14.200000000000001,-6.7412860005582615,7.119756808918502,0.0,786.0,147.27272727272728,14.85,85.54166666666667,16.9,7.800000000000001
2019-01-23,6.358333333333333,-2.039651252833165,-4.911036832930592,0.2916666666666667,800.0,77.72727272727273,13.191666666666668,84.04166666666667,0.1,10.1
2019-01-24,8.141666666666667,2.6443935560541845,-6.453866759442806,0.5833333333333334,944.0,135.45454545454547,13.683333333333335,80.625,0.30000000000000004,9.900000000000002
2019-01-25,8.262500000000001,4.059031190891662,-6.625933285490543,0.9166666666666666,1136.0,147.72727272727272,12.091666666666667,78.54166666666667,0.1,8.2
2019-01-26,10.308333333333334,6.856846593546249,-7.406430192719011,1.0,1371.0,94.0909090909091,11.266666666666666,66.29166666666667,0.0,10.2
2019-01-27,11.716666666666667,9.324441389645472,-6.568800366539718,1.0,1165.0,110.0,10.166666666666666,66.25,0.0,10.899999999999999
2019-01-28,12.841666666666667,10.257542311559394,-7.590830742232374,1.0,1135.0,119.0909090909091,10.637500000000001,60.625,0.0,11.100000000000001
2019-01-29,12.516666666666666,10.55614654106532,-6.085861889769469,1.0,830.0,114.0909090909091,11.0875,60.458333333333336,0.0,12.399999999999999
2019-01-30,9.366666666666665,4.933089114169574,-5.221034425209087,0.7916666666666666,671.0,47.27272727272727,11.533333333333333,67.70833333333333,0.0,12.3
2019-01-31,11.441666666666668,-9.412374438168996,5.700040587187936,0.0,893.0,60.0,13.058333333333332,69.29166666666667,0.6000000000000001,11.200000000000001
2019-02-01,9.208333333333334,-3.477459941420262,0.21443429548617354,0.2916666666666667,953.0,114.0909090909091,14.245833333333332,73.83333333333333,0.2,8.5
2019-02-02,10.225,9.101278715356285,-4.363015416952476,1.0,869.0,107.72727272727273,12.933333333333332,80.25,0.0,11.599999999999998
2019-02-03,8.716666666666667,8.126649009602835,-1.3624927818277073,0.7916666666666666,921.0,63.18181818181818,12.670833333333334,81.16666666666667,0.0,12.299999999999999
2019-02-04,6.570833333333333,5.993224945853694,-1.247148702717634,0.7916666666666666,777.0,28.636363636363637,14.233333333333334,72.95833333333333,0.0,13.3
2019-02-05,7.0375000000000005,-5.703871804500657,3.0284283754156878,0.0,616.0,39.54545454545455,15.950000000000001,75.04166666666667,0.0,12.3
2019-02-06,12.191666666666668,-7.70507532554588,7.692108877576055,0.0,788.0,174.54545454545453,17.166666666666668,84.45833333333333,9.1,9.500000000000002
2019-02-07,20.908333333333335,-11.692627466711684,14.578054490665965,0.041666666666666664,899.0,320.0,15.766666666666667,88.875,12.7,8.000000000000002
2019-02-08,9.070833333333333,5.94799067236544,-5.720081990203308,0.8333333333333334,1324.0,164.54545454545453,12.716666666666667,70.66666666666667,0.0,10.700000000000001
2019-02-09,12.954166666666666,11.57199031884128,-5.327647804211634,1.0,1010.0,165.9090909090909,12.545833333333334,68.20833333333333,0.0,10.700000000000001
2019-02-10,7.441666666666666,5.971247138014519,-3.9859197491707588,1.0,957.0,44.09090909090909,12.454166666666667,72.08333333333333,0.5,11.600000000000001
2019-02-11,6.4875,4.001915645953475,-3.5172226116848573,0.75,780.0,30.90909090909091,13.237499999999999,73.04166666666667,0.0,11.700000000000001
2019-02-12,5.1875,0.4382301674941084,-3.018676469354171,0.5833333333333334,821.0,30.0,15.266666666666666,74.5,0.0,10.8
2019-02-13,6.979166666666667,-4.695740763125475,4.2288333090371255,0.0,662.0,34.09090909090909,16.537499999999998,73.20833333333333,0.4,13.2
2019-02-14,14.766666666666666,-9.880741002793329,8.781589374760259,0.041666666666666664,767.0,169.54545454545453,16.333333333333332,82.91666666666667,4.0,6.799999999999999
2019-02-15,6.954166666666667,-3.98996527351605,-0.5766887704852393,0.25,712.0,87.27272727272727,15.895833333333334,84.70833333333333,4.5,8.0
2019-02-16,8.229166666666666,6.0117173312258965,-4.921623963692475,0.9583333333333334,771.0,77.27272727272727,14.416666666666666,84.70833333333333,0.1,8.9
2019-02-17,11.666666666666666,9.254906948953455,-5.711934819903328,0.9583333333333334,1185.0,73.18181818181819,14.620833333333332,79.25,0.0,10.1
2019-02-18,11.204166666666666,-7.274304951576455,4.756666187393075,0.041666666666666664,762.0,110.0,16.279166666666665,71.33333333333333,0.1,12.7
2019-02-19,6.270833333333333,-3.026813529374312,-2.5729807525614525,0.4166666666666667,873.0,50.45454545454545,16.891666666666666,76.95833333333333,0.0,9.700000000000001
2019-02-20,12.495833333333332,-11.869761245623856,1.8881369007535038,0.0,480.0,101.81818181818181,16.991666666666667,81.66666666666667,2.6,5.699999999999999
2019-02-21,11.220833333333333,-8.738505687078337,5.347481080113785,0.041666666666666664,786.0,83.63636363636364,19.295833333333334,75.29166666666667,0.0,11.299999999999999
2019-02-22,15.158333333333333,10.791451675288359,-10.296534367259337,1.0,1154.0,249.0909090909091,17.95,71.83333333333333,0.4,9.5
2019-02-23,14.575000000000001,11.382002022120629,-8.963605611914135,1.0,946.0,231.8181818181818,15.1625,64.04166666666667,0.0,11.0
2019-02-24,9.145833333333334,4.288406706948322,-5.003491012390817,0.7916666666666666,1111.0,62.72727272727273,15.391666666666666,65.66666666666667,0.2,11.2
2019-02-25,7.645833333333333,-6.358589624428343,-0.08553822385938986,0.0,1439.0,55.45454545454545,15.470833333333333,65.29166666666667,0.0,12.3
2019-02-26,11.708333333333334,-9.390397142394098,5.577418721042911,0.0,807.0,140.0,15.620833333333332,67.45833333333333,2.8000000000000003,9.499999999999998
2019-02-27,7.4624999999999995,0.1981935656684922,-5.949249955770253,0.5,1004.0,85.9090909090909,13.520833333333334,78.70833333333333,11.2,7.800000000000001
2019-02-28,9.429166666666665,6.297579392995929,-5.594905373264311,0.8333333333333334,1825.0,35.0,13.108333333333334,69.75,0.0,12.0
2019-03-01,9.504166666666666,5.117551605889157,-5.9033272328583815,0.7916666666666666,1165.0,48.63636363636363,13.916666666666666,65.95833333333333,0.0,13.900000000000002
2019-03-02,6.029166666666666,-3.5484079177589223,-0.6776736088465148,0.16666666666666666,544.0,160.9090909090909,15.020833333333334,72.875,6.8,9.499999999999998
2019-03-03,8.8375,-7.570136332524602,1.39101794939353,0.0,813.0,79.54545454545455,15.895833333333334,79.875,4.1,10.500000000000002
2019-03-04,7.870833333333334,3.3800064069493008,-4.976684039023701,0.75,1095.0,62.72727272727273,16.883333333333333,80.25,0.2,10.7
2019-03-05,10.4625,8.521480434467657,-5.419399415407813,0.9166666666666666,1898.0,95.45454545454545,16.162499999999998,71.25,0.0,10.2
2019-03-06,10.700000000000001,8.692839775455237,-4.937984197292514,0.875,1878.0,45.0,16.754166666666666,63.416666666666664,0.0,12.4
2019-03-07,8.174999999999999,3.946529989298955,-4.826301623536517,0.6666666666666666,1455.0,31.818181818181817,17.179166666666667,61.916666666666664,0.0,13.599999999999998
2019-03-08,7.866666666666667,0.38801793508211607,-6.451470892777458,0.4166666666666667,1468.0,68.63636363636364,18.608333333333334,58.541666666666664,0.0,12.399999999999999
2019-03-09,11.595833333333333,4.244018957097258,-10.660277332897321,1.0,1441.0,121.36363636363636,18.204166666666666,64.95833333333333,0.0,12.6
2019-03-10,9.275,3.6039327611953578,-4.139540895858695,0.7916666666666666,1632.0,69.54545454545455,17.724999999999998,54.0,0.0,13.399999999999999
2019-03-11,14.604166666666666,-9.063419020192093,5.312693116836088,0.08333333333333333,1249.0,106.36363636363636,20.037499999999998,55.291666666666664,1.7,11.899999999999999
2019-03-12,10.858333333333334,0.20382094701016873,-9.976665069072817,0.5416666666666666,1891.0,123.18181818181819,19.662499999999998,56.916666666666664,0.0,13.600000000000001
2019-03-13,6.9125000000000005,0.8576748260995491,-5.620860668902469,0.6666666666666666,770.0,76.81818181818181,18.295833333333334,63.291666666666664,0.0,10.0
2019-03-14,11.0875,2.6389059588143993,-9.78947515258026,0.6666666666666666,1048.0,95.0,17.208333333333332,71.79166666666667,0.30000000000000004,12.1
2019-03-15,11.033333333333333,5.51398150100956,-9.387340953002242,1.0,1648.0,117.27272727272727,17.966666666666665,64.625,0.0,13.3
2019-03-16,10.487499999999999,7.590546531410578,-6.936469890822745,1.0,1243.0,93.18181818181819,18.104166666666668,56.708333333333336,0.0,13.100000000000001
2019-03-17,9.070833333333333,6.555408144853605,-3.313249647594946,0.75,1670.0,42.72727272727273,20.1375,48.791666666666664,0.0,13.700000000000001
2019-03-18,6.958333333333333,5.701425172701079,-2.735940433285712,0.875,1553.0,39.09090909090909,20.716666666666665,49.458333333333336,0.0,14.899999999999999
2019-03-19,8.654166666666667,3.5209164171160716,-0.7929290651438476,0.4583333333333333,2265.0,56.81818181818182,21.758333333333336,50.083333333333336,0.0,15.6
2019-03-20,14.454166666666666,-10.075231583472934,6.398444240442743,0.0,1142.0,115.45454545454545,23.3125,46.791666666666664,0.0,12.399999999999999
2019-03-21,10.475,-1.6478438289080444,-9.926710354871195,0.3333333333333333,2191.0,69.0909090909091,22.795833333333334,48.75,0.0,15.100000000000001
2019-03-22,13.191666666666668,8.866774421692883,-9.315623691727707,1.0,2053.0,137.27272727272728,22.070833333333336,40.416666666666664,0.0,13.100000000000001
2019-03-23,15.691666666666668,11.603020508796064,-10.206088380012622,1.0,1689.0,150.45454545454547,22.400000000000002,38.375,0.0,14.3
2019-03-24,12.908333333333333,7.062515513484416,-9.242885068113502,0.9166666666666666,2055.0,186.8181818181818,24.15833333333333,45.291666666666664,0.0,12.900000000000002
2019-03-25,11.525,4.963748138674682,-9.206374305835592,0.9166666666666666,1355.0,103.18181818181819,21.72083333333333,62.458333333333336,0.5,11.099999999999998
2019-03-26,11.254166666666668,8.863852354360963,-5.190400940868487,0.8333333333333334,1998.0,65.0,22.333333333333332,57.375,0.0,14.499999999999998
2019-03-27,9.483333333333333,7.617591321592986,-4.2785253668326275,0.8333333333333334,1770.0,27.727272727272727,23.604166666666668,52.458333333333336,0.0,15.8
2019-03-28,8.183333333333334,4.332831108228553,-3.1094377796677066,0.625,1706.0,31.363636363636363,26.058333333333334,52.208333333333336,0.0,15.399999999999999
2019-03-29,7.020833333333333,2.686548794665654,-3.8151815330990217,0.7083333333333334,1892.0,31.363636363636363,27.9375,50.333333333333336,0.0,16.799999999999997
2019-03-30,7.404166666666668,0.19766795159365338,-1.0556088101550003,0.3333333333333333,1206.0,34.54545454545455,26.974999999999998,53.666666666666664,0.0,15.7
2019-03-31,14.133333333333333,10.39317706714751,-9.23451562947808,1.0,2098.0,115.0,26.491666666666664,40.708333333333336,0.0,15.0
2019-04-01,13.737499999999999,11.044670615199001,-7.007694028731726,1.0,1952.0,100.0,25.53333333333333,32.875,0.0,15.100000000000001
2019-04-02,8.608333333333333,3.1447730635242763,-5.852359013673753,0.7083333333333334,1945.0,31.818181818181817,25.504166666666666,38.875,0.0,15.100000000000001
2019-04-03,9.424999999999999,3.9261161795761947,-3.117082438900713,0.4166666666666667,2099.0,39.09090909090909,26.304166666666664,38.625,0.0,16.9
2019-04-04,8.1625,-3.4405161745829997,-0.6965160988341706,0.125,2070.0,35.90909090909091,27.995833333333334,40.125,0.0,17.599999999999998
2019-04-05,7.133333333333333,1.4652840751091283,-0.19278531303102564,0.25,1319.0,35.0,29.441666666666666,41.0,0.0,16.199999999999996
2019-04-06,9.299999999999999,-4.04054312140859,-3.799304969884201,0.20833333333333334,1438.0,38.18181818181818,28.833333333333332,46.583333333333336,0.0,16.400000000000002
2019-04-07,10.108333333333333,-8.205586502883696,3.0245906284142454,0.041666666666666664,1206.0,95.0,28.2375,54.125,0.0,13.400000000000002
2019-04-08,11.1875,-7.608415094220452,2.2896602827268278,0.041666666666666664,1336.0,164.0909090909091,26.912499999999998,53.791666666666664,0.2,13.999999999999996
2019-04-09,8.1,-3.4922952948589328,-1.6351670428100087,0.125,2143.0,75.9090909090909,28.458333333333332,46.625,0.0,16.500000000000004
2019-04-10,7.929166666666667,0.32705613071987455,-5.283155147378178,0.4583333333333333,1916.0,47.27272727272727,29.2375,42.958333333333336,0.0,15.899999999999999
2019-04-11,8.283333333333333,1.2266757602549272,-7.190228086273856,0.625,2768.0,59.54545454545455,30.416666666666668,35.708333333333336,0.0,14.099999999999998
2019-04-12,10.041666666666666,2.4180227607616183,-8.982575651434496,0.7916666666666666,2083.0,89.54545454545455,29.59583333333333,36.041666666666664,0.0,14.799999999999997
2019-04-13,11.995833333333332,3.6007968003182804,-10.434603656392005,0.7916666666666666,2642.0,131.8181818181818,29.929166666666664,37.666666666666664,0.0,14.199999999999996
2019-04-14,13.991666666666667,5.554444267086439,-12.30141949035414,1.0,2422.0,225.9090909090909,30.616666666666664,33.958333333333336,0.0,13.700000000000003
2019-04-15,11.525,6.724108652509176,-7.872280050919468,0.9166666666666666,2699.0,135.45454545454547,31.150000000000002,31.5,0.0,14.600000000000001
2019-04-16,12.566666666666668,-1.1599751007543937,3.009698453777982,0.25,1239.0,479.54545454545456,26.245833333333334,49.375,0.5,8.700000000000003
2019-04-17,11.637500000000001,-4.433716088164202,7.6055344044364555,0.0,1627.0,220.45454545454547,21.787499999999998,72.91666666666667,4.6,7.0
2019-04-18,5.616666666666667,-0.27933224639453236,-2.375732837122297,0.5416666666666666,1787.0,124.0909090909091,22.554166666666664,66.66666666666667,0.1,11.5
2019-04-19,9.008333333333333,7.946874665344141,-3.10895004272165,0.9166666666666666,2040.0,50.0,24.520833333333332,53.333333333333336,0.1,11.399999999999999
2019-04-20,7.2875000000000005,6.385524049702045,-1.31089675366509,0.7083333333333334,2603.0,57.72727272727273,26.433333333333334,46.958333333333336,0.0,13.199999999999996
2019-04-21,9.341666666666667,6.896335189687316,-2.5821774044,0.4583333333333333,3084.0,34.54545454545455,28.733333333333334,38.666666666666664,0.0,15.399999999999999
2019-04-22,9.375,3.4365645966544065,-7.22229453398156,0.75,2882.0,35.45454545454545,30.1375,39.375,0.0,15.499999999999996
2019-04-23,8.504166666666666,1.879670569197731,-3.7789106028186743,0.625,3004.0,34.09090909090909,32.083333333333336,34.541666666666664,0.0,15.200000000000003
2019-04-24,10.895833333333334,-4.12204248253516,0.5536636038552851,0.16666666666666666,3305.0,128.63636363636363,32.67916666666667,35.208333333333336,0.0,14.900000000000002
2019-04-25,11.137500000000001,-6.984957724551154,0.26946064198982256,0.041666666666666664,2590.0,102.72727272727273,32.987500000000004,35.875,0.0,12.299999999999997
2019-04-26,12.625,6.863732551861319,-9.886224558525182,0.9583333333333334,3591.0,191.36363636363637,33.016666666666666,32.75,0.0,14.8
2019-04-27,18.858333333333334,11.547943717045944,-14.218001782873378,1.0,3093.0,247.27272727272728,33.525,21.791666666666668,0.0,13.400000000000002
2019-04-28,15.766666666666666,10.392832194451357,-10.734819111326388,1.0,3306.0,258.1818181818182,33.333333333333336,19.583333333333332,0.0,14.599999999999998
2019-04-29,10.520833333333334,5.777759439557158,-5.525222457029017,0.75,3410.0,107.72727272727273,33.63333333333333,19.208333333333332,0.0,14.900000000000002
2019-04-30,11.950000000000001,-3.9485509068994644,6.105237156071364,0.0,4334.0,50.45454545454545,34.1875,19.916666666666668,0.0,16.1
2019-05-01,8.891666666666667,-4.741646272854507,-0.4071770930211569,0.08333333333333333,4271.0,177.72727272727272,32.979166666666664,24.583333333333332,0.0,16.200000000000003
2019-05-02,13.408333333333333,-6.423647572150109,-6.448580509038938,0.16666666666666666,2668.0,221.8181818181818,31.495833333333334,32.791666666666664,0.5,11.000000000000004
2019-05-03,9.65,-2.803331067796925,-1.4532003698427227,0.08333333333333333,3386.0,122.27272727272727,30.979166666666668,32.958333333333336,0.0,12.8
2019-05-04,13.779166666666667,8.644358454309153,-9.934571764802095,1.0,3651.0,74.54545454545455,31.166666666666668,22.416666666666668,0.0,13.899999999999999
2019-05-05,14.120833333333332,11.107729916604123,-6.800572639626235,0.8333333333333334,3858.0,58.63636363636363,31.116666666666664,19.208333333333332,0.0,15.600000000000001
2019-05-06,10.791666666666666,7.312174049077591,-4.015191099536293,0.6666666666666666,3855.0,34.54545454545455,32.199999999999996,20.708333333333332,0.0,16.6
2019-05-07,13.329166666666666,11.136481079335523,-2.8239641111748117,0.5833333333333334,3747.0,35.0,32.362500000000004,19.583333333333332,0.0,16.7
2019-05-08,13.541666666666666,11.083431263259518,-1.2021734876512336,0.625,4207.0,49.54545454545455,34.020833333333336,17.916666666666668,0.0,15.600000000000001
2019-05-09,17.116666666666667,16.4234699535574,-0.5761959463365813,0.5,3612.0,163.1818181818182,34.266666666666666,19.5,0.0,14.100000000000001
2019-05-10,16.837500000000002,15.206242254376624,-4.702274867223297,0.9166666666666666,3835.0,469.54545454545456,34.59166666666667,19.625,0.0,10.799999999999997
2019-05-11,13.0625,7.711147207760923,-9.736870082791894,1.0,3657.0,63.18181818181818,32.28333333333333,28.625,0.0,13.700000000000003
2019-05-12,10.841666666666667,9.487479942289125,-3.789222005599919,0.8333333333333334,2859.0,99.54545454545455,31.895833333333332,30.25,0.0,13.600000000000001
2019-05-13,8.3375,3.345473758045063,-1.2423583396341968,0.5416666666666666,2692.0,66.36363636363636,32.38333333333333,29.75,0.0,13.8
2019-05-14,8.041666666666666,3.7925723717974638,-4.326101915030436,0.7916666666666666,2163.0,170.45454545454547,30.079166666666666,41.583333333333336,0.0,11.3
2019-05-15,7.345833333333332,-2.722306102870483,1.7038050087662528,0.125,1304.0,68.18181818181819,30.349999999999998,44.791666666666664,0.1,12.099999999999998
2019-05-16,8.920833333333333,3.7705032861909573,-5.235887447020178,0.5416666666666666,2397.0,95.0,30.245833333333334,45.5,0.0,11.800000000000004
2019-05-17,7.2124999999999995,4.049381761248998,-3.4191362554812676,0.625,1987.0,121.36363636363636,28.34583333333333,56.875,2.7,10.5
2019-05-18,11.858333333333334,9.800735410862911,-5.566224996245484,0.9166666666666666,1822.0,210.45454545454547,27.412499999999998,60.375,0.2,12.099999999999998
2019-05-19,10.762500000000001,9.388819108694326,-4.0049002560222675,0.8333333333333334,2622.0,112.72727272727273,30.133333333333336,42.875,0.0,12.899999999999999
2019-05-20,11.054166666666667,9.709569198062416,-3.3420453469921974,0.7916666666666666,3138.0,49.54545454545455,31.900000000000002,34.5,0.0,14.700000000000003
2019-05-21,10.595833333333333,9.145446692028093,-1.9631265420584196,0.75,3358.0,104.54545454545455,32.637499999999996,31.333333333333332,0.0,13.699999999999996
2019-05-22,9.9375,8.881283151001961,0.7960738944100044,0.4166666666666667,1518.0,89.0909090909091,32.86666666666667,34.791666666666664,0.0,12.100000000000001
2019-05-23,8.304166666666665,6.024417544256637,-2.00252282536091,0.7083333333333334,2598.0,97.72727272727273,33.12916666666667,37.25,0.0,12.800000000000004
2019-05-24,12.441666666666668,3.3624791491387778,-11.000894844970794,0.7916666666666666,945.0,97.27272727272727,30.870833333333334,45.25,0.0,8.899999999999999
2019-05-25,15.329166666666666,12.06066503580728,-9.139253030733743,1.0,2624.0,182.27272727272728,31.133333333333336,39.375,0.0,11.399999999999999
2019-05-26,11.483333333333334,9.187268136946573,-5.719472270972003,0.9166666666666666,2361.0,97.27272727272727,31.633333333333336,34.208333333333336,0.0,13.500000000000004
2019-05-27,11.983333333333334,8.868313356948835,-5.747967474772945,0.8333333333333334,3804.0,89.0909090909091,33.75416666666667,26.833333333333332,0.0,14.500000000000004
2019-05-28,12.395833333333334,10.250336606673095,-6.155576895765182,0.9166666666666666,3163.0,81.36363636363636,33.541666666666664,20.375,0.0,14.700000000000003
2019-05-29,10.541666666666666,8.404466646625387,-4.762871792327888,0.7916666666666666,3860.0,44.54545454545455,34.6875,20.166666666666668,0.0,15.5
2019-05-30,9.0625,7.313883941520555,-2.9247588372540005,0.7083333333333334,4469.0,36.36363636363637,35.6,20.75,0.0,16.299999999999997
2019-05-31,10.754166666666668,7.561141914357293,-3.504583077505606,0.5416666666666666,3972.0,172.27272727272728,36.81666666666667,19.541666666666668,0.0,15.8
2019-06-01,10.304166666666667,-2.4852643370929854,0.669665270985999,0.25,2526.0,150.0,35.6625,29.083333333333332,0.0,14.700000000000003
2019-06-02,13.804166666666667,-11.32779855101384,3.8037115885475674,0.0,2506.0,245.45454545454547,35.520833333333336,40.041666666666664,0.0,13.799999999999997
2019-06-03,15.549999999999999,-11.582229807676967,6.787079038482318,0.041666666666666664,1611.0,393.1818181818182,34.608333333333334,45.583333333333336,0.0,11.5
2019-06-04,14.383333333333333,-9.296674764920196,5.420913355575919,0.041666666666666664,1482.0,328.1818181818182,34.833333333333336,42.458333333333336,0.0,12.100000000000001
2019-06-05,9.375,-3.8885956094338456,3.582679863381918,0.125,2555.0,57.27272727272727,35.57083333333333,39.125,0.3,12.899999999999999
2019-06-06,11.170833333333334,-5.132926310620575,0.45625866408847154,0.041666666666666664,3160.0,126.36363636363636,35.65833333333333,36.583333333333336,0.5,12.599999999999998
2019-06-07,8.604166666666666,-4.346412918820466,-1.115795642288755,0.16666666666666666,2604.0,155.0,34.12083333333333,42.125,0.0,14.399999999999999
2019-06-08,8.083333333333334,2.707465673192269,-0.6213559612691482,0.4166666666666667,3047.0,52.27272727272727,35.55416666666667,33.041666666666664,0.0,13.800000000000004
2019-06-09,8.066666666666666,2.2953544741317513,-5.272627868735083,0.6666666666666666,3802.0,18.181818181818183,36.96666666666667,23.958333333333332,0.0,15.399999999999999
2019-06-10,7.945833333333333,4.3735428960595595,-0.003082184611588786,0.2916666666666667,3294.0,29.09090909090909,37.25416666666667,23.416666666666668,0.0,15.8
2019-06-11,10.4,6.649772285717333,-1.5007989547292915,0.5,2963.0,84.54545454545455,37.40833333333333,23.208333333333332,0.0,14.000000000000004
2019-06-12,11.612499999999999,-7.613378217970761,6.304237456065546,0.0,1794.0,136.8181818181818,34.666666666666664,44.458333333333336,2.1999999999999997,9.600000000000001
2019-06-13,12.174999999999999,7.577127257562325,5.697965888516101,0.25,2517.0,121.81818181818181,35.4625,38.166666666666664,0.0,11.900000000000002
2019-06-14,15.166666666666666,13.161120114092263,-4.372486091069407,0.5833333333333334,2919.0,220.45454545454547,36.05833333333333,29.416666666666668,0.0,11.5
2019-06-15,14.4625,13.397458774756894,-2.677276891663837,0.5833333333333334,3501.0,340.90909090909093,36.516666666666666,22.416666666666668,0.0,12.7
2019-06-16,20.45,19.098551650503897,-3.1475258251647844,0.625,1640.0,626.8181818181819,33.80416666666667,42.625,0.0,9.899999999999999
2019-06-17,18.974999999999998,18.512075139165198,-2.476039666365791,0.6666666666666666,1974.0,361.3636363636364,33.574999999999996,47.0,0.0,10.099999999999998
2019-06-18,8.745833333333334,7.0406207949890325,-2.370390471108535,0.5833333333333334,1660.0,100.45454545454545,30.537499999999998,55.0,0.5,11.400000000000002
2019-06-19,7.512499999999999,2.0781483994226337,4.747013706698027,0.20833333333333334,1627.0,148.1818181818182,31.0,53.0,0.0,10.600000000000001
2019-06-20,7.1499999999999995,1.3369706390604073,4.0878383177043185,0.25,1994.0,145.9090909090909,31.8,47.958333333333336,0.0,13.000000000000004
2019-06-21,6.325,0.7830470401044799,1.7662108488558295,0.25,2223.0,46.81818181818182,33.30416666666667,47.25,1.2,11.2
2019-06-22,8.85,0.34931072791724654,-4.812226107541574,0.625,2555.0,125.0,34.699999999999996,38.208333333333336,0.0,12.199999999999996
2019-06-23,14.316666666666668,-12.75756541213905,5.872771787117732,0.0,1993.0,571.8181818181819,34.0,49.083333333333336,0.0,9.699999999999996
2019-06-24,10.487499999999999,-9.596161797307433,3.1898943161275537,0.041666666666666664,1574.0,473.6363636363636,31.575000000000003,60.25,0.6000000000000001,10.0
2019-06-25,5.358333333333333,-2.175017660284768,-1.650149819939872,0.375,1726.0,127.27272727272727,32.15416666666667,61.75,4.8,8.400000000000002
2019-06-26,8.545833333333333,3.1118723573184517,-6.491170553957949,0.6666666666666666,2370.0,93.63636363636364,34.78333333333334,48.416666666666664,0.6,10.200000000000003
2019-06-27,11.795833333333334,9.521127654814881,-5.7705318737048055,0.8333333333333334,2500.0,56.81818181818182,34.604166666666664,39.708333333333336,0.0,11.399999999999999
2019-06-28,13.254166666666668,12.46955832679084,-3.543193468516545,0.875,2690.0,88.18181818181819,35.487500000000004,37.583333333333336,0.0,13.400000000000002
2019-06-29,12.879166666666668,11.85830882165716,-2.6975975036870494,0.6666666666666666,2815.0,127.72727272727273,36.35,36.625,0.0,11.0
2019-06-30,11.737499999999999,7.996507604985141,-5.147582341799381,0.625,2674.0,63.18181818181818,36.858333333333334,35.25,0.0,12.299999999999997
2019-07-01,6.745833333333334,-0.642067787658695,-2.505803331509732,0.2916666666666667,2097.0,52.72727272727273,35.99583333333333,42.125,0.0,11.5
2019-07-02,9.075000000000001,-5.970399298259856,-0.007588634063397419,0.041666666666666664,2117.0,216.8181818181818,35.72083333333333,45.5,0.0,9.100000000000001
2019-07-03,11.516666666666666,-8.99321841302476,5.834083469583605,0.0,1517.0,376.8181818181818,33.725,55.958333333333336,1.6,6.400000000000002
2019-07-04,10.420833333333333,-4.813565589472052,4.584678000063858,0.041666666666666664,1159.0,321.3636363636364,33.020833333333336,59.5,6.6000000000000005,9.5
2019-07-05,5.920833333333333,-3.6357312854325765,2.502504740452805,0.08333333333333333,596.0,175.0,30.97083333333333,72.08333333333333,3.7,7.0
2019-07-06,7.929166666666667,-7.0183667767051565,2.695843168116081,0.0,971.0,179.54545454545453,31.054166666666664,69.29166666666667,0.30000000000000004,7.599999999999998
2019-07-07,4.641666666666667,-3.302531618807579,0.8892241431498841,0.08333333333333333,1248.0,195.9090909090909,31.166666666666668,69.16666666666667,2.1,9.099999999999998
2019-07-08,5.333333333333333,2.5011617822530448,2.631418611457246,0.2916666666666667,1485.0,166.36363636363637,31.875,67.83333333333333,4.0,8.099999999999998
2019-07-09,8.725,2.0632524850573124,2.8851062068062743,0.08333333333333333,1197.0,241.8181818181818,30.7375,72.04166666666667,4.9,8.0
2019-07-10,9.058333333333334,2.992685161767542,1.937710349358504,0.4166666666666667,1117.0,155.0,31.025000000000002,74.16666666666667,7.1000000000000005,7.899999999999999
2019-07-11,15.204166666666666,10.134052334153038,4.106965053086781,0.2916666666666667,2038.0,271.3636363636364,33.395833333333336,56.666666666666664,0.0,9.299999999999997
2019-07-12,13.616666666666667,12.177530486891804,1.4943073953523174,0.375,1853.0,280.90909090909093,33.44166666666667,51.166666666666664,0.5,8.300000000000004
2019-07-13,19.608333333333334,15.975859868372867,1.820084359716662,0.125,1959.0,500.90909090909093,34.108333333333334,47.375,0.0,8.8
2019-07-14,15.895833333333334,10.923373876125014,1.633988128362356,0.25,2066.0,210.9090909090909,32.9375,52.25,0.0,7.4999999999999964
2019-07-15,10.020833333333334,0.4686642428750007,1.108743637669943,0.25,1365.0,235.0,29.77916666666667,72.29166666666667,4.4,11.099999999999998
2019-07-16,9.1625,-7.155197914764113,1.4425101612082052,0.0,779.0,200.0,26.6125,88.58333333333333,20.6,4.5
2019-07-17,6.8374999999999995,-3.4275167245051112,1.690230639470035,0.125,576.0,137.72727272727272,27.229166666666668,84.91666666666667,14.8,6.100000000000001
2019-07-18,5.033333333333333,0.2112403125980801,1.7768367514487176,0.16666666666666666,632.0,52.72727272727273,27.53333333333333,82.20833333333333,12.8,7.5000000000000036
2019-07-19,4.579166666666667,-1.388618033843892,3.0257988657462946,0.0,1350.0,68.63636363636364,29.420833333333334,78.75,6.7,7.9999999999999964
2019-07-20,6.745833333333334,-3.1768924176413758,1.378708833997657,0.041666666666666664,944.0,95.0,30.041666666666668,80.25,12.5,8.0
2019-07-21,7.8,-6.527792535949861,3.7837828099018886,0.0,1022.0,160.0,29.75,81.33333333333333,11.1,5.900000000000002
2019-07-22,6.279166666666666,-5.490337077470934,1.8351846068327768,0.0,883.0,133.63636363636363,30.408333333333335,80.29166666666667,6.1,6.700000000000003
2019-07-23,6.233333333333333,0.0893764049453936,1.3879041074381313,0.2916666666666667,1327.0,71.81818181818181,31.620833333333334,76.95833333333333,4.6,7.5
2019-07-24,9.170833333333333,6.333622321364669,0.7881524803735207,0.5416666666666666,1072.0,149.54545454545453,31.525000000000002,74.375,6.8,8.700000000000003
2019-07-25,6.641666666666667,3.2099828225116127,2.7187459592007452,0.20833333333333334,545.0,226.36363636363637,27.620833333333334,86.125,10.9,3.8999999999999986
2019-07-26,10.4125,-8.872659277011893,-1.4311275967179735,0.041666666666666664,685.0,193.63636363636363,27.270833333333332,87.20833333333333,26.9,4.399999999999999
2019-07-27,13.495833333333332,-12.28425170322384,3.830747493868339,0.0,683.0,359.09090909090907,26.6375,89.75,6.0,4.900000000000002
2019-07-28,14.208333333333334,-13.44753912800366,4.17051500418297,0.0,860.0,510.90909090909093,28.125,86.5,7.300000000000001,6.300000000000001
2019-07-29,14.362499999999999,-13.806772380816552,3.4403830034345457,0.0,1004.0,496.8181818181818,29.233333333333334,78.95833333333333,1.3,6.899999999999999
2019-07-30,12.420833333333334,-11.982895336383544,2.611285634493162,0.0,834.0,246.36363636363637,28.920833333333334,78.25,0.8,5.900000000000002
2019-07-31,9.670833333333333,-9.103101606038114,0.773217749861538,0.0,781.0,350.45454545454544,29.0625,78.45833333333333,0.5,4.800000000000001
2019-08-01,9.195833333333333,-7.834591978295422,4.4859999108905155,0.0,888.0,149.54545454545453,29.34166666666667,81.58333333333333,2.1,5.400000000000002
2019-08-02,7.083333333333333,-6.0066593476586165,2.2621410726956177,0.0,841.0,152.27272727272728,28.75,85.25,12.9,5.399999999999999
2019-08-03,8.216666666666667,-7.776665445366863,1.0482093309515592,0.0,674.0,165.9090909090909,28.3125,88.08333333333333,6.8,4.400000000000002
2019-08-04,4.2625,-3.118577096296858,0.38636444388332775,0.125,724.0,126.36363636363636,28.891666666666666,87.41666666666667,4.2,6.400000000000002
2019-08-05,5.645833333333333,-3.403000052252376,3.936471301870197,0.0,786.0,135.45454545454547,29.233333333333334,85.95833333333333,18.5,6.399999999999999
2019-08-06,8.5625,-6.3783808228690155,3.8454600898666684,0.0,588.0,108.63636363636364,27.941666666666666,89.0,20.700000000000003,5.0
2019-08-07,5.575,-4.241135445807825,-0.4562570075323465,0.041666666666666664,806.0,74.0909090909091,28.183333333333334,88.08333333333333,6.999999999999999,5.199999999999999
2019-08-08,9.2125,-9.018069655399549,0.9927004810944576,0.0,912.0,178.1818181818182,30.145833333333332,78.375,0.5,6.599999999999998
2019-08-09,21.425,-21.187734540392174,1.7423939104775392,0.0,1309.0,939.0909090909091,29.320833333333336,74.5,0.8,3.799999999999997
2019-08-10,18.837500000000002,-16.34148220037999,8.323233349860471,0.0,855.0,663.6363636363636,28.775000000000002,79.58333333333333,1.7000000000000002,6.200000000000003
2019-08-11,7.9375,-2.6303509588479854,6.341050706174287,0.0,978.0,184.0909090909091,29.575,78.95833333333333,0.30000000000000004,6.399999999999999
2019-08-12,9.316666666666666,7.570565222941862,-1.3633590865532852,0.5833333333333334,850.0,236.8181818181818,29.308333333333334,79.91666666666667,7.6,5.300000000000004
2019-08-13,9.004166666666666,5.353602507765238,-2.644052351584574,0.5416666666666666,840.0,194.0909090909091,29.087500000000002,83.66666666666667,20.1,6.300000000000004
2019-08-14,4.016666666666667,-2.183875330807869,0.1982315650264225,0.125,783.0,106.81818181818181,28.354166666666668,88.0,2.8,6.100000000000001
2019-08-15,14.029166666666667,-13.239685777821677,-2.7783870446161845,0.0,1073.0,358.1818181818182,29.0125,82.0,11.2,4.899999999999999
2019-08-16,17.325,-17.088213536988217,-0.2008244143606036,0.0,975.0,615.9090909090909,27.900000000000002,84.0,9.4,4.799999999999997
2019-08-17,20.729166666666668,-15.979576468513194,11.70787712962749,0.0,749.0,489.54545454545456,26.145833333333332,89.5,8.4,2.3999999999999986
2019-08-18,10.104166666666666,3.8859397434986787,2.7792774800224556,0.3333333333333333,625.0,248.63636363636363,26.875,87.04166666666667,31.0,6.300000000000001
2019-08-19,4.954166666666667,3.0550064186973764,-1.4095710177808127,0.75,879.0,58.63636363636363,27.991666666666664,84.04166666666667,1.3,7.5
2019-08-20,9.570833333333333,5.088183419997061,-7.08328164971083,0.9166666666666666,1119.0,61.36363636363637,28.537499999999998,81.79166666666667,0.8,7.5000000000000036
2019-08-21,9.870833333333334,5.850594698328494,-4.198728759247084,0.75,1317.0,71.36363636363636,29.3125,77.83333333333333,0.0,9.299999999999997
2019-08-22,6.291666666666667,-0.1967980888409572,-1.3571150617194965,0.3333333333333333,1020.0,68.63636363636364,28.604166666666668,84.16666666666667,0.8,6.600000000000001
2019-08-23,3.525,0.7326464696463527,0.5129198451260036,0.4166666666666667,1193.0,64.0909090909091,29.204166666666666,82.29166666666667,4.0,7.299999999999997
2019-08-24,5.783333333333334,-2.6990251326247248,1.9462154476728495,0.20833333333333334,551.0,110.0,29.079166666666666,82.54166666666667,3.9,7.400000000000002
2019-08-25,8.170833333333333,-7.289550002077591,1.8276336013940055,0.0,683.0,252.72727272727272,27.5125,88.04166666666667,12.9,4.299999999999997
2019-08-26,8.629166666666666,-8.006590974142055,0.8534704428442641,0.0,1146.0,144.54545454545453,28.84583333333333,83.04166666666667,0.6000000000000001,6.699999999999996
2019-08-27,6.3374999999999995,-5.705087741833616,1.2819160226971886,0.0,1334.0,60.0,29.808333333333334,80.04166666666667,0.1,7.299999999999997
2019-08-28,8.450000000000001,-7.9073615602069465,1.3105635096491424,0.0,993.0,174.54545454545453,30.454166666666666,78.29166666666667,0.4,7.100000000000001
2019-08-29,9.120833333333334,-7.351034668306159,5.050483119482788,0.0,964.0,133.63636363636363,30.1375,80.375,0.9999999999999999,6.300000000000001
2019-08-30,5.129166666666667,-1.7742727209479445,3.8309548124136836,0.0,1116.0,80.45454545454545,30.175,80.875,0.9,7.0
2019-08-31,5.3625,-2.2829264668078952,1.9519190508426503,0.08333333333333333,1234.0,78.63636363636364,30.483333333333334,77.95833333333333,6.4,6.199999999999999
2019-09-01,9.983333333333333,-8.784615218615071,2.2755519255603027,0.0,571.0,188.1818181818182,28.6375,85.58333333333333,4.7,5.200000000000003
2019-09-02,4.245833333333334,-2.0319383763305745,0.31006537748448637,0.16666666666666666,942.0,99.54545454545455,29.558333333333334,83.20833333333333,1.3,7.400000000000002
2019-09-03,5.083333333333333,1.1421931323545749,0.12708632511821905,0.25,1006.0,70.0,30.1875,79.70833333333333,5.5,6.800000000000001
2019-09-04,8.854166666666666,-7.3346869606994956,4.10579761875195,0.0,785.0,129.0909090909091,29.0625,84.58333333333333,7.8,6.700000000000003
2019-09-05,7.7875000000000005,-6.845609327657297,3.075490208121003,0.0,904.0,147.72727272727272,29.462500000000002,82.08333333333333,0.6000000000000001,6.0
2019-09-06,7.7749999999999995,-6.4629318478010225,3.130326042043801,0.0,998.0,131.36363636363637,29.729166666666668,80.95833333333333,0.4,6.0
2019-09-07,9.112499999999999,-7.1660990581921515,4.183624772951177,0.0,498.0,219.0909090909091,28.825,84.79166666666667,2.1,5.5
2019-09-08,6.329166666666667,-5.536371496248653,0.5442141677276716,0.0,960.0,99.54545454545455,29.15416666666667,83.41666666666667,0.2,7.100000000000001
2019-09-09,4.858333333333333,-0.7356220329095726,-1.3048677682926813,0.4583333333333333,1103.0,28.181818181818183,30.166666666666668,78.125,0.1,8.500000000000004
2019-09-10,5.4750000000000005,-0.9774653772320135,-0.3423193512816771,0.2916666666666667,1154.0,29.09090909090909,30.65416666666667,74.0,0.0,8.600000000000001
2019-09-11,5.8,-2.685772528930555,3.8223508652535987,0.0,1220.0,62.27272727272727,31.245833333333334,73.29166666666667,0.4,9.200000000000003
2019-09-12,13.370833333333332,-10.755364409738633,7.229662009207971,0.0,899.0,316.8181818181818,30.229166666666668,79.45833333333333,0.6000000000000001,6.299999999999997
2019-09-13,10.808333333333332,-9.542656138895435,4.477920332596386,0.0,868.0,290.0,29.854166666666668,77.58333333333333,0.6,7.200000000000003
2019-09-14,12.108333333333334,-11.83456886438667,1.4180360325233579,0.0,726.0,407.72727272727275,28.733333333333334,78.70833333333333,0.7000000000000001,6.200000000000003
2019-09-15,8.345833333333333,-7.230903977300432,1.038668052333594,0.0,699.0,205.0,28.079166666666666,83.20833333333333,5.2,6.100000000000001
2019-09-16,5.416666666666667,-2.998066747032452,-0.058893620508674194,0.08333333333333333,925.0,45.0,29.295833333333334,81.04166666666667,0.4,8.099999999999998
2019-09-17,7.766666666666667,-3.2980126098675338,4.667312765916492,0.041666666666666664,587.0,131.36363636363637,29.241666666666664,79.625,2.0,6.100000000000001
2019-09-18,11.245833333333332,-9.540948628566206,4.576848042652554,0.041666666666666664,910.0,296.8181818181818,28.52916666666667,79.75,3.0,6.0
2019-09-19,12.737499999999999,-11.849786379885357,4.154594370236874,0.0,915.0,350.45454545454544,26.9375,79.66666666666667,1.0,5.600000000000001
2019-09-20,6.95,-5.873288931651373,2.4087844412829824,0.0,703.0,70.9090909090909,27.054166666666664,83.375,7.7,7.799999999999997
2019-09-21,6.066666666666666,-3.2824910895323467,3.1623336235929345,0.0,907.0,57.72727272727273,27.804166666666664,80.08333333333333,0.7000000000000001,7.0
2019-09-22,8.729166666666666,-6.805431359247859,4.830504927074578,0.0,712.0,178.1818181818182,27.125,82.70833333333333,13.9,4.799999999999997
2019-09-23,7.9750000000000005,-7.194719037510409,1.6808664294578042,0.0,773.0,166.8181818181818,26.766666666666666,80.41666666666667,2.0,7.600000000000001
2019-09-24,8.608333333333333,-7.695201363123862,2.7561502782301672,0.0,944.0,171.8181818181818,27.0625,80.16666666666667,2.9,8.200000000000003
2019-09-25,11.295833333333334,-10.915924666342866,2.3049750109114315,0.0,934.0,277.72727272727275,27.258333333333336,80.83333333333333,3.6,7.0
2019-09-26,15.870833333333332,-15.505115998685271,2.370198691157079,0.0,959.0,494.09090909090907,27.579166666666666,76.45833333333333,1.9,5.399999999999999
2019-09-27,13.0,-12.441230799275374,-2.0704026536309454,0.0,743.0,571.8181818181819,26.641666666666666,78.16666666666667,0.5,6.0
2019-09-28,12.799999999999999,-12.294511620177355,-1.9801858649174624,0.0,914.0,450.45454545454544,25.554166666666664,82.91666666666667,4.6,6.5
2019-09-29,11.666666666666666,-11.230461838919288,1.6108891887026358,0.0,393.0,377.72727272727275,25.004166666666666,83.70833333333333,2.0,4.199999999999999
2019-09-30,7.875,-6.197032415849524,3.8089992749739565,0.0,828.0,194.0909090909091,25.354166666666668,83.375,6.0,7.099999999999998
2019-10-01,7.516666666666667,-6.5721215295310325,1.9001929456363673,0.0,633.0,154.54545454545453,25.133333333333336,85.29166666666667,4.5,6.399999999999999
2019-10-02,5.308333333333334,-3.1872794781511367,0.25688412262691274,0.041666666666666664,958.0,77.72727272727273,26.495833333333334,79.58333333333333,0.2,8.7
2019-10-03,4.5249999999999995,-0.7524894042959511,1.466070932204304,0.125,699.0,44.09090909090909,27.483333333333334,72.91666666666667,0.0,9.5
2019-10-04,8.216666666666667,4.235584713177093,-5.306395946603788,0.7083333333333334,806.0,80.45454545454545,26.179166666666664,72.45833333333333,4.9,6.599999999999998
2019-10-05,10.383333333333333,6.665325260128745,-7.698853147707051,1.0,1199.0,101.81818181818181,26.09166666666667,66.20833333333333,0.0,10.0
2019-10-06,8.225,4.0765327062799415,-6.495463880081631,0.8333333333333334,1140.0,42.27272727272727,26.400000000000002,62.25,0.0,11.100000000000001
2019-10-07,10.866666666666667,8.360139164426473,-6.542764637764343,1.0,1363.0,94.0909090909091,26.3125,62.5,0.0,9.399999999999999
2019-10-08,7.054166666666667,4.740528299479251,-2.7770703684644755,0.7916666666666666,1343.0,71.36363636363636,26.3875,56.75,0.0,10.7
2019-10-09,6.325,-0.41394021052214836,3.6282213225824598,0.08333333333333333,1119.0,34.09090909090909,25.525000000000002,61.083333333333336,0.0,9.7
2019-10-10,5.895833333333333,-1.007343750472794,0.3382412169989748,0.16666666666666666,1390.0,35.45454545454545,26.474999999999998,59.166666666666664,0.0,10.3
2019-10-11,5.683333333333334,2.876916951764764,-3.9447849416346945,0.75,1580.0,29.09090909090909,26.59166666666667,53.791666666666664,0.0,11.600000000000001
2019-10-12,6.595833333333334,-0.4808339101755538,-5.552776497608047,0.5833333333333334,1548.0,28.636363636363637,27.34583333333333,56.708333333333336,0.0,11.100000000000001
2019-10-13,6.825,2.5774039571142393,-4.271012231989244,0.5,1571.0,23.181818181818183,27.758333333333336,52.166666666666664,0.0,10.5
2019-10-14,7.495833333333334,-0.9252246163755532,-4.4152432921949565,0.375,1428.0,30.90909090909091,26.983333333333334,58.166666666666664,0.0,12.8
2019-10-15,6.229166666666667,-2.8188448321598187,-0.9151414182706419,0.16666666666666666,1315.0,33.63636363636363,27.15833333333333,61.75,0.0,12.099999999999998
2019-10-16,6.283333333333334,-3.8049761431477283,2.3549795022915423,0.0,1473.0,45.0,27.625,57.833333333333336,0.0,11.699999999999996
2019-10-17,7.3999999999999995,-2.7702300275605545,5.746244424684409,0.0,1288.0,60.90909090909091,27.020833333333332,61.25,0.0,10.0
2019-10-18,8.933333333333334,-3.440046093096793,3.6254500630581123,0.125,1159.0,60.0,26.370833333333334,65.125,2.6999999999999997,8.899999999999999
2019-10-19,5.816666666666666,1.3841701710500083,0.8085533135969342,0.08333333333333333,726.0,24.09090909090909,25.570833333333336,66.75,2.5,9.7
2019-10-20,9.308333333333334,6.575621485925619,-6.298784103888948,1.0,1814.0,53.18181818181818,25.733333333333334,49.291666666666664,0.0,12.3
2019-10-21,10.808333333333332,7.82665117263081,-7.267387746852662,1.0,1589.0,76.36363636363636,24.983333333333334,51.333333333333336,0.0,12.900000000000002
2019-10-22,11.950000000000001,10.658736400504042,-4.477959981418106,0.8333333333333334,1596.0,55.90909090909091,24.40416666666667,48.375,0.0,12.399999999999999
2019-10-23,8.5375,4.741899366680688,-4.054552754318638,0.8333333333333334,1540.0,42.72727272727273,24.375,54.0,0.0,13.900000000000002
2019-10-24,6.7124999999999995,-4.4868098032310995,-2.0513850247414465,0.125,1257.0,36.81818181818182,24.2,64.66666666666667,0.0,12.899999999999999
2019-10-25,7.1625000000000005,-5.327979572572178,3.0702801995929203,0.0,1388.0,79.0909090909091,24.379166666666666,62.708333333333336,0.0,10.2
2019-10-26,6.191666666666666,-0.8229250356804686,1.6954242766132195,0.20833333333333334,1641.0,51.81818181818182,24.570833333333336,60.583333333333336,0.0,11.200000000000003
2019-10-27,9.195833333333333,6.630842070635334,-5.70642555683468,0.875,1620.0,51.36363636363637,24.55,57.875,0.0,13.0
2019-10-28,7.491666666666667,5.966450010709322,-2.935788293485602,0.8333333333333334,1476.0,35.45454545454545,24.162499999999998,58.875,0.0,12.099999999999998
2019-10-29,5.579166666666667,4.228583214702215,-1.7673755804700375,0.6666666666666666,1289.0,39.54545454545455,24.458333333333332,64.79166666666667,0.0,9.899999999999999
2019-10-30,7.675,6.109536358876304,-3.153043454517913,0.75,1577.0,46.81818181818182,25.400000000000002,63.458333333333336,0.0,9.7
2019-10-31,7.925,5.004361743272224,-4.23573599383283,0.6666666666666666,1392.0,33.18181818181818,24.333333333333332,66.375,0.0,12.599999999999998
2019-11-01,6.733333333333333,1.6070344451152498,-4.766067295524662,0.5416666666666666,1263.0,52.27272727272727,24.858333333333334,65.125,0.0,12.3
2019-11-02,9.241666666666667,4.237463977162135,-7.836986718829036,0.9583333333333334,939.0,90.9090909090909,24.400000000000002,69.04166666666667,0.2,10.599999999999998
2019-11-03,9.0875,7.522970962666128,-4.455606424021101,0.9583333333333334,1318.0,128.63636363636363,23.808333333333334,70.75,0.0,9.600000000000001
2019-11-04,12.566666666666668,10.478167195201424,-6.549004078295149,1.0,1712.0,140.0,23.6875,62.708333333333336,0.0,9.899999999999999
2019-11-05,12.520833333333334,11.824955293806994,-3.696913904987168,0.9583333333333334,1781.0,113.63636363636364,22.941666666666666,56.666666666666664,0.0,11.0
2019-11-06,7.7749999999999995,0.25850162463634696,4.541523313622471,0.20833333333333334,1669.0,81.36363636363636,23.354166666666668,58.791666666666664,0.0,12.900000000000002
2019-11-07,9.6875,-4.8970274013179225,0.32743788240108507,0.16666666666666666,733.0,121.36363636363636,22.129166666666666,71.45833333333333,1.4,6.600000000000001
2019-11-08,7.129166666666666,-1.5387084360806587,-4.921836205305797,0.4166666666666667,959.0,62.72727272727273,21.900000000000002,73.58333333333333,0.8,9.600000000000001
2019-11-09,11.216666666666667,7.524744098360045,-8.18451997582523,1.0,995.0,123.18181818181819,21.849999999999998,60.0,0.0,11.399999999999999
2019-11-10,9.504166666666666,6.186272410280878,-7.015435851198828,1.0,1266.0,83.18181818181819,20.866666666666667,60.375,0.0,12.0
2019-11-11,8.424999999999999,5.46494099024321,-5.88882397871807,1.0,1156.0,64.54545454545455,20.308333333333334,58.958333333333336,0.0,11.5
2019-11-12,8.166666666666666,5.007054470471782,-5.63390828114801,0.9166666666666666,849.0,49.09090909090909,19.650000000000002,61.583333333333336,0.0,14.599999999999998
2019-11-13,6.991666666666667,1.8211052113996102,-5.982401896097702,0.7083333333333334,703.0,41.81818181818182,20.683333333333334,66.70833333333333,0.0,12.6
2019-11-14,6.5625,0.49559252706550394,-5.946110641548049,0.5833333333333334,788.0,54.09090909090909,21.454166666666666,68.70833333333333,0.0,10.3
2019-11-15,8.9625,4.701928263699405,-7.288649003103021,1.0,863.0,115.45454545454545,20.995833333333334,71.625,0.0,10.2
2019-11-16,14.041666666666666,10.139554893988945,-9.435763412529864,1.0,1309.0,212.72727272727272,21.962500000000002,64.41666666666667,0.0,11.700000000000003
2019-11-17,18.395833333333332,15.875497451119019,-9.01484026067132,1.0,1230.0,311.3636363636364,21.683333333333334,60.541666666666664,0.0,10.5
2019-11-18,12.629166666666668,11.935527973931018,-2.7862868603303,0.7916666666666666,1341.0,177.72727272727272,19.895833333333332,63.791666666666664,0.0,10.5
2019-11-19,9.254166666666666,8.50627903227739,-2.0489676204612253,0.75,1364.0,81.36363636363636,19.433333333333334,66.125,0.0,11.799999999999999
2019-11-20,5.833333333333333,-0.5436402924483424,-3.0259908779612297,0.5,1385.0,38.63636363636363,19.162499999999998,65.25,0.0,12.899999999999999
2019-11-21,7.083333333333333,-3.6584701350311843,-2.5815861930047213,0.041666666666666664,1225.0,31.363636363636363,19.608333333333334,67.5,0.0,12.7
2019-11-22,6.55,1.5364684985012536,-3.617003267884288,0.4583333333333333,1138.0,48.18181818181818,20.620833333333334,64.91666666666667,0.0,12.7
2019-11-23,10.625,8.922922541836641,-5.304351296874516,0.9583333333333334,796.0,126.81818181818181,20.654166666666665,62.125,0.0,10.1
2019-11-24,11.133333333333333,8.716096070623685,-6.686712518920637,1.0,816.0,137.27272727272728,20.675,64.41666666666667,0.0,10.0
2019-11-25,6.595833333333334,-0.0514873752995626,-5.579629151188381,0.5416666666666666,1033.0,59.54545454545455,20.058333333333334,66.54166666666667,0.0,10.8
2019-11-26,9.533333333333333,-4.3148533445996025,-7.357128216848071,0.041666666666666664,842.0,71.36363636363636,20.145833333333332,66.66666666666667,0.8999999999999999,8.899999999999999
2019-11-27,7.05,-2.020884693054062,-1.8552561469542945,0.125,914.0,81.36363636363636,19.716666666666665,68.25,0.0,10.0
2019-11-28,13.445833333333333,-10.908390192761509,-0.9832957039082748,0.041666666666666664,684.0,184.54545454545453,18.341666666666665,82.75,22.1,6.5
2019-11-29,6.0874999999999995,0.37067302329298907,-4.938067553135798,0.5416666666666666,885.0,59.54545454545455,17.7625,82.0,0.0,9.7
2019-11-30,8.820833333333333,7.025780407843226,-4.788399205428846,1.0,1139.0,91.36363636363636,16.995833333333334,78.08333333333333,0.0,8.899999999999999
2019-12-01,8.487499999999999,7.8650998489516075,-2.4172367438563027,0.8333333333333334,1027.0,71.36363636363636,15.533333333333333,73.83333333333333,0.0,10.3
2019-12-02,9.829166666666667,8.8791734633303,-2.910039928118674,0.8333333333333334,1054.0,75.0,15.4,69.5,0.0,10.799999999999999
2019-12-03,10.816666666666668,10.069058194075135,-2.3796516346577556,0.75,708.0,72.72727272727273,15.137500000000001,66.25,0.0,12.2
2019-12-04,6.391666666666667,1.8409783766837915,-2.0198637446666434,0.4166666666666667,695.0,38.18181818181818,15.291666666666666,71.875,0.0,12.3
2019-12-05,6.620833333333334,-1.7733976397803854,-5.155852575928761,0.25,757.0,16.818181818181817,15.458333333333334,74.08333333333333,0.0,10.9
2019-12-06,6.4750000000000005,3.5144744084591477,-4.832748420065731,0.9166666666666666,684.0,37.72727272727273,15.391666666666666,81.95833333333333,0.0,11.700000000000001
2019-12-07,5.6875,2.2928503551180177,-3.8028606284857456,0.7083333333333334,981.0,33.18181818181818,16.041666666666668,78.75,0.0,12.399999999999999
2019-12-08,6.945833333333333,1.4377431432433936,-5.6988207555789465,0.6666666666666666,1041.0,26.818181818181817,15.695833333333333,78.45833333333333,0.0,12.4
2019-12-09,6.179166666666667,3.2894794273064,-4.210929092789045,1.0,871.0,28.181818181818183,15.299999999999999,72.79166666666667,0.0,12.600000000000001
2019-12-10,7.366666666666667,4.443027390864763,-4.091070827711235,0.75,830.0,30.90909090909091,15.137500000000001,69.875,0.0,12.899999999999999
2019-12-11,6.120833333333334,-4.941286561395832,0.13738626965955358,0.0,857.0,25.90909090909091,15.729166666666666,70.54166666666667,0.0,12.499999999999998
2019-12-12,13.329166666666666,-12.037171992874844,5.156918433901925,0.0,1057.0,197.72727272727272,15.637500000000001,78.20833333333333,5.9,4.899999999999999
2019-12-13,12.345833333333333,-2.320626761984495,5.158689310930599,0.041666666666666664,678.0,295.0,15.095833333333333,86.625,3.7,8.1
2019-12-14,4.954166666666667,-0.5378357556472987,-3.797747969978687,0.375,1190.0,80.45454545454545,12.979166666666666,84.625,0.0,7.899999999999999
2019-12-15,8.095833333333333,5.772719612643211,-5.0413838493736485,1.0,1256.0,64.0909090909091,13.229166666666666,80.33333333333333,0.0,9.2
2019-12-16,10.225,8.732019616959379,-5.064206734674824,1.0,1190.0,130.45454545454547,12.429166666666667,80.08333333333333,0.0,9.200000000000001
2019-12-17,10.049999999999999,8.925646331909435,-3.7919114352830174,0.9583333333333334,804.0,103.18181818181819,11.799999999999999,79.58333333333333,0.0,10.1
2019-12-18,9.379166666666666,7.219272548854093,-2.2406086601337853,0.75,759.0,81.36363636363636,11.970833333333333,78.20833333333333,0.0,10.1
2019-12-19,5.4375,0.2880325688036459,-2.0802389577834606,0.2916666666666667,774.0,25.90909090909091,11.533333333333333,79.83333333333333,0.0,11.399999999999999
2019-12-20,5.083333333333333,0.7363174472338904,-1.801279186175858,0.4583333333333333,652.0,25.0,13.045833333333334,78.70833333333333,0.0,9.5
2019-12-21,6.154166666666666,3.9821738881746627,-2.9024423013075036,0.75,528.0,41.81818181818182,13.454166666666666,81.20833333333333,0.2,5.899999999999999
2019-12-22,10.112499999999999,7.628964376300895,-6.425297090604313,1.0,839.0,88.63636363636364,12.5375,83.625,0.0,10.3
2019-12-23,10.525,8.328448013335876,-4.2314678617570385,0.875,656.0,96.81818181818181,11.829166666666666,81.95833333333333,0.0,10.400000000000002
2019-12-24,6.245833333333334,-1.4252153228646118,-3.675964324683459,0.3333333333333333,494.0,37.27272727272727,9.625,90.5,0.0,9.5
2019-12-25,9.708333333333334,7.431914128222214,-5.980707476595138,1.0,463.0,85.0,8.75,86.91666666666667,0.0,10.100000000000001
2019-12-26,11.170833333333334,8.913523862411404,-6.255937899250813,1.0,767.0,95.45454545454545,8.466666666666667,84.41666666666667,0.0,10.600000000000001
2019-12-27,7.216666666666666,5.205445399489494,-4.1022877424928925,1.0,518.0,65.0,7.304166666666667,87.875,0.0,10.3
2019-12-28,6.5249999999999995,0.5741943587963202,-2.1936331649039347,0.5833333333333334,487.0,45.0,6.683333333333334,89.95833333333333,0.0,10.1
2019-12-29,5.216666666666667,1.1148480940360703,-3.5298772994349696,0.6666666666666666,446.0,20.0,7.345833333333334,86.125,0.0,9.3
2019-12-30,6.841666666666666,-4.295696722185981,0.4018252967704654,0.25,528.0,41.36363636363637,6.8999999999999995,89.45833333333333,0.0,9.5
2019-12-31,6.825,-5.123160873080104,3.80441722668184,0.0,498.0,31.363636363636363,7.6125,77.54166666666667,0.0,10.9
2020-01-01,8.104166666666666,-6.375565967653974,-2.337424712378287,0.0,486.0,28.181818181818183,10.05,78.91666666666667,0.0,14.799999999999999
2020-01-02,8.579166666666667,-8.315175252518513,-1.5639806338544633,0.0,1111.0,51.81818181818182,12.9625,78.54166666666667,0.0,12.7
2020-01-03,6.483333333333333,-3.281710638143888,-2.8113521504817065,0.25,907.0,70.0,14.033333333333333,78.16666666666667,0.1,10.7
2020-01-04,5.429166666666667,-0.040046024451560344,-0.13339672471859174,0.20833333333333334,1236.0,35.90909090909091,13.450000000000001,81.79166666666667,0.5,10.099999999999998
2020-01-05,9.075000000000001,5.780775649941074,-4.7033745983459925,0.7916666666666666,1171.0,51.36363636363637,13.329166666666666,73.91666666666667,0.0,11.9
2020-01-06,6.670833333333333,-1.7177156959533424,-3.65564075726917,0.4583333333333333,452.0,63.18181818181818,13.495833333333335,76.45833333333333,0.0,6.800000000000001
2020-01-07,9.845833333333333,-8.802317578360979,3.0115652404479825,0.0,410.0,131.8181818181818,13.995833333333332,83.25,2.1,6.700000000000001
2020-01-08,9.241666666666667,-0.8313692353028617,-2.6271718633799686,0.4166666666666667,523.0,272.27272727272725,12.866666666666667,91.70833333333333,17.5,5.0
2020-01-09,11.975,8.452880770191117,-8.279209207602877,1.0,1135.0,169.0909090909091,10.5375,78.0,0.0,8.9
2020-01-10,11.683333333333332,9.314098993874046,-6.672284151500565,1.0,735.0,102.27272727272727,10.079166666666667,77.54166666666667,0.0,10.8
2020-01-11,9.3375,7.591190077863902,-4.987926863045986,1.0,561.0,78.18181818181819,10.362499999999999,77.04166666666667,0.0,11.399999999999999
2020-01-12,8.445833333333333,4.061852482611501,-3.4628727650048634,0.625,455.0,43.63636363636363,11.833333333333334,77.95833333333333,0.0,13.7
2020-01-13,10.470833333333333,-5.657239899584407,6.235092282066067,0.16666666666666666,477.0,65.0,14.625,82.625,16.6,11.400000000000002
2020-01-14,8.6,4.7248752681179615,-6.9952872441507,1.0,742.0,143.1818181818182,13.987499999999999,86.41666666666667,0.30000000000000004,7.800000000000001
2020-01-15,8.604166666666666,3.6900549128131117,-7.332381359172554,0.9166666666666666,704.0,88.63636363636364,12.470833333333333,82.91666666666667,0.0,11.200000000000001
2020-01-16,7.691666666666666,1.0931351305731296,-7.24699315673696,0.7083333333333334,550.0,119.0909090909091,12.458333333333334,89.58333333333333,11.1,6.4
2020-01-17,7.591666666666666,1.8179201986435993,-6.531640388349185,0.625,678.0,63.18181818181818,13.066666666666668,88.125,0.6000000000000001,7.699999999999999
2020-01-18,6.333333333333333,0.34204336598477664,-4.841921886372305,0.5,728.0,40.90909090909091,12.516666666666666,88.95833333333333,0.2,8.299999999999999
2020-01-19,9.308333333333332,7.966205261954112,-4.445393283020907,0.9583333333333334,897.0,57.27272727272727,11.762500000000001,82.45833333333333,0.0,9.8
2020-01-20,8.241666666666667,6.549888382505903,-3.1417732269124907,0.875,760.0,58.63636363636363,12.166666666666666,83.75,0.0,10.3
2020-01-21,5.8,-4.974922556126471,-0.9951997984757438,0.0,964.0,20.454545454545453,12.883333333333333,85.58333333333333,0.0,8.899999999999999
2020-01-22,10.116666666666667,7.29994103600032,-5.517704010830209,0.9166666666666666,845.0,94.0909090909091,12.541666666666666,81.79166666666667,0.0,11.4
2020-01-23,17.954166666666666,15.816643297749394,-8.352421759534954,1.0,865.0,272.72727272727275,12.487499999999999,66.41666666666667,0.0,9.3
2020-01-24,17.741666666666667,16.630752639092353,-5.889428280748164,1.0,659.0,240.9090909090909,12.841666666666667,60.0,0.0,10.799999999999999
2020-01-25,7.704166666666667,5.117716374336916,-4.187478462449881,0.75,742.0,50.0,11.799999999999999,74.125,0.0,12.899999999999999
2020-01-26,6.983333333333333,4.0422478749221,-4.476277207294702,0.8333333333333334,940.0,28.181818181818183,13.579166666666666,79.5,0.0,13.1
2020-01-27,8.1875,-5.492399121446998,-3.2613335202768448,0.08333333333333333,722.0,84.0909090909091,14.045833333333334,76.5,0.4,11.4
2020-01-28,13.1875,-11.99963229193699,2.565725849978171,0.041666666666666664,827.0,121.36363636363636,14.245833333333332,83.45833333333333,16.0,8.3
2020-01-29,6.5874999999999995,0.7274554840044672,-3.9138477856609555,0.5416666666666666,1002.0,55.90909090909091,13.320833333333333,81.91666666666667,0.5,8.2
2020-01-30,11.170833333333334,8.152718673684236,-7.3252580154039455,1.0,1404.0,86.36363636363636,12.591666666666667,76.5,0.0,9.7
2020-01-31,9.241666666666667,6.143192361857171,-4.787227369803741,0.7916666666666666,1298.0,80.45454545454545,12.15,74.41666666666667,0.0,10.1
2020-02-01,7.708333333333333,1.9332129192006453,-6.060670572761096,0.5833333333333334,1314.0,35.0,12.333333333333334,74.04166666666667,0.0,10.700000000000001
2020-02-02,10.108333333333333,8.638479874242824,-4.788146586684472,1.0,995.0,67.72727272727273,11.733333333333334,76.16666666666667,0.0,11.3
2020-02-03,8.266666666666667,4.79851855100584,-3.174091439592805,0.75,1017.0,38.18181818181818,12.025,74.29166666666667,0.0,12.3
2020-02-04,8.079166666666667,-5.769537015930999,1.2898465531890035,0.0,1133.0,27.727272727272727,13.0625,74.20833333333333,0.0,12.400000000000002
2020-02-05,10.270833333333334,6.123740729909731,-7.4823576001339624,0.9166666666666666,1212.0,73.18181818181819,12.879166666666668,74.20833333333333,0.0,10.7
2020-02-06,8.200000000000001,3.9902162464055615,-3.5213027186288524,0.6666666666666666,1187.0,64.54545454545455,11.691666666666668,74.70833333333333,0.0,10.6
2020-02-07,6.695833333333333,0.8117212591117601,-3.47682888184116,0.625,1388.0,32.27272727272727,12.766666666666666,70.83333333333333,0.1,10.200000000000001
2020-02-08,8.529166666666667,7.008901425294961,-3.98853504821113,0.875,1093.0,54.54545454545455,12.391666666666666,75.04166666666667,0.0,12.100000000000001
2020-02-09,7.995833333333334,5.367785368813514,-4.690192841162253,0.875,954.0,35.45454545454545,12.783333333333333,75.20833333333333,0.0,12.8
2020-02-10,9.133333333333333,5.776184878074293,-5.6079748343670355,0.875,1061.0,37.27272727272727,13.233333333333334,73.04166666666667,0.0,12.700000000000001
2020-02-11,8.583333333333334,4.368681765759292,-6.291712953407077,1.0,960.0,38.63636363636363,13.512500000000001,72.45833333333333,0.0,13.400000000000002
2020-02-12,13.245833333333332,11.99188643123422,-4.7872689259340016,1.0,754.0,100.0,15.924999999999999,68.375,0.0,14.700000000000001
2020-02-13,18.845833333333335,17.5072756494593,-6.7343025239696175,1.0,640.0,277.72727272727275,19.266666666666666,57.291666666666664,0.0,13.600000000000001
2020-02-14,21.629166666666666,18.424710639903605,-11.225298142919568,1.0,1108.0,377.72727272727275,18.541666666666668,51.375,0.0,10.2
2020-02-15,16.412499999999998,15.301542703254695,-5.723010883358484,1.0,962.0,188.1818181818182,17.520833333333332,46.75,0.0,12.5
2020-02-16,10.229166666666666,7.8780393454127235,-5.87527724596949,0.9583333333333334,783.0,71.36363636363636,17.170833333333334,59.833333333333336,0.0,14.0
2020-02-17,10.770833333333334,9.710216908990924,-3.645326434466101,0.7916666666666666,1010.0,51.81818181818182,17.491666666666667,55.75,0.0,16.4
2020-02-18,13.4125,12.733540116850099,-3.3046464793144836,0.9583333333333334,979.0,66.36363636363636,17.004166666666666,48.041666666666664,0.0,15.099999999999998
2020-02-19,14.866666666666667,-11.55565909567477,7.344646198576935,0.041666666666666664,750.0,115.0,18.229166666666668,54.416666666666664,0.0,15.2
2020-02-20,20.087500000000002,-17.041026448676984,9.097872536193725,0.0,1090.0,317.27272727272725,20.045833333333334,61.875,2.1,11.3
2020-02-21,18.241666666666667,-16.606460351569947,-3.648856022096991,0.0,645.0,330.0,16.26666666666667,83.45833333333333,13.4,5.299999999999999
2020-02-22,8.804166666666667,-7.0284937902304465,-3.098389206753223,0.125,798.0,134.54545454545453,17.849999999999998,79.16666666666667,0.7,7.6
2020-02-23,7.233333333333333,-0.6454882820050721,-6.839405274149972,0.4583333333333333,1142.0,49.54545454545455,17.55,82.29166666666667,2.5999999999999996,10.0
2020-02-24,7.95,5.0057019809094925,-5.876898404337516,1.0,1151.0,54.09090909090909,17.641666666666666,78.375,0.1,11.2
2020-02-25,9.245833333333334,5.983838664570404,-6.0765222904567695,0.9583333333333334,1371.0,45.45454545454545,18.045833333333334,74.58333333333333,0.0,11.299999999999999
2020-02-26,6.645833333333333,0.6210852691623553,-2.8002473817859266,0.375,1423.0,23.636363636363637,18.579166666666666,73.625,0.0,12.3
2020-02-27,8.091666666666667,-6.744263533623773,2.1234344768641584,0.0,1160.0,75.9090909090909,19.129166666666666,76.29166666666667,0.0,11.999999999999998
2020-02-28,15.841666666666667,-13.752552328549603,7.647472371911335,0.0,945.0,240.45454545454547,20.279166666666665,73.5,0.0,9.600000000000001
2020-02-29,14.775,-9.021412343514326,6.6426115235965995,0.0,577.0,278.6363636363636,18.724999999999998,82.125,9.1,5.799999999999997
2020-03-01,8.5875,-5.152766926548757,1.074394625256128,0.0,1150.0,135.0,19.150000000000002,80.125,0.0,9.799999999999999
2020-03-02,6.2375,-0.027384767228780582,-4.997830950001874,0.4583333333333333,1113.0,20.0,19.695833333333333,78.25,0.2,10.599999999999998
2020-03-03,7.791666666666667,0.9675460185342145,-6.592687620954901,0.625,1633.0,29.545454545454547,19.604166666666668,69.91666666666667,0.0,12.4
2020-03-04,8.641666666666667,-5.002204693745751,3.18999200254488,0.0,939.0,73.18181818181819,19.195833333333333,72.375,1.0,10.999999999999998
2020-03-05,13.933333333333335,-10.90414249119253,2.5541220312719193,0.0,889.0,105.0,18.216666666666665,79.20833333333333,13.0,10.0
2020-03-06,18.224999999999998,-13.68372170325395,10.275365444600375,0.0,815.0,295.45454545454544,16.375,85.95833333333333,23.3,7.600000000000001
2020-03-07,10.6625,-6.726188572476116,6.405685788393182,0.0,1042.0,250.45454545454547,15.883333333333333,84.5,1.7,7.599999999999998
2020-03-08,7.241666666666667,4.378281433454972,-4.003421352461982,0.7916666666666666,1254.0,40.0,16.491666666666667,78.79166666666667,0.0,11.1
2020-03-09,14.041666666666666,11.607225538769802,-7.7113622369809605,1.0,1122.0,112.27272727272727,17.045833333333334,67.125,0.0,11.8
2020-03-10,6.3999999999999995,1.0651746345603208,-0.233303813754697,0.4583333333333333,1071.0,55.0,17.125,67.625,0.0,13.6
2020-03-11,14.283333333333333,-11.497338520610208,6.415927052569569,0.0,1217.0,151.8181818181818,18.724999999999998,73.79166666666667,2.6,8.999999999999998
2020-03-12,13.241666666666667,-10.207391713141861,6.230068607326037,0.0,1807.0,117.27272727272727,19.6375,66.70833333333333,0.0,11.399999999999999
2020-03-13,8.354166666666666,2.0804805742748362,-2.5403330114590004,0.4583333333333333,1527.0,134.0909090909091,18.7375,64.5,10.0,11.0
2020-03-14,10.154166666666667,-2.1026316472503948,-5.591098989712613,0.375,544.0,150.0,16.379166666666666,82.08333333333333,4.2,7.199999999999999
2020-03-15,5.529166666666666,0.37016386509887683,-4.343594395716122,0.5416666666666666,1275.0,42.72727272727273,16.333333333333332,77.79166666666667,0.1,10.100000000000001
2020-03-16,9.6,5.522621477687455,-7.364043356274323,1.0,1278.0,72.27272727272727,17.995833333333334,74.5,0.0,11.099999999999998
2020-03-17,10.674999999999999,6.727758488029363,-8.154222936658236,1.0,1320.0,71.36363636363636,18.945833333333333,71.20833333333333,0.0,12.100000000000001
2020-03-18,11.008333333333333,7.74051792740238,-7.3349786282016245,1.0,1292.0,55.90909090909091,20.458333333333332,67.20833333333333,0.0,12.8
2020-03-19,7.691666666666666,2.529007953375396,-4.643836665307438,0.5416666666666666,1570.0,36.36363636363637,20.791666666666668,71.29166666666667,0.2,12.2
2020-03-20,8.1,-5.920603553819473,2.0744478943019646,0.0,923.0,39.54545454545455,21.179166666666667,68.75,0.4,13.0
2020-03-21,5.316666666666666,-2.943655967381302,-1.9412126642231657,0.16666666666666666,779.0,35.45454545454545,21.675,70.20833333333333,1.6,13.2
2020-03-22,8.049999999999999,1.5945170143020206,-6.745948705129332,0.5833333333333334,1662.0,48.18181818181818,21.995833333333334,68.20833333333333,0.0,13.100000000000001
2020-03-23,5.575,-0.5489168486888077,-3.9996293795433275,0.5,1195.0,60.0,22.525000000000002,61.0,0.0,13.0
2020-03-24,7.425,-2.150224276822556,2.4973040053499025,0.125,1050.0,31.363636363636363,23.662499999999998,63.791666666666664,0.7,12.0
2020-03-25,10.075000000000001,2.260615433810513,-6.019096592487689,0.5833333333333334,1553.0,85.45454545454545,23.833333333333332,62.583333333333336,0.0,12.5
2020-03-26,12.716666666666667,9.813384208945749,-7.481549639777332,1.0,901.0,100.9090909090909,23.520833333333332,61.25,0.0,10.899999999999999
2020-03-27,10.7125,2.5808016043967084,3.8627300759823933,0.3333333333333333,880.0,144.54545454545453,21.379166666666666,73.66666666666667,6.0,6.0
2020-03-28,10.454166666666667,6.162400212512252,-7.556671301982749,0.875,1135.0,73.63636363636364,21.295833333333334,68.5,0.1,11.2
2020-03-29,14.458333333333334,9.904834780886707,-10.416004182084738,1.0,1686.0,128.1818181818182,21.920833333333334,58.666666666666664,0.0,11.8
2020-03-30,12.104166666666666,8.579722876735778,-7.429578045806067,1.0,1434.0,84.0909090909091,21.900000000000002,55.0,0.0,13.0
2020-03-31,11.408333333333333,5.011342680916511,-7.62739455476011,0.75,1017.0,127.27272727272727,22.745833333333334,56.541666666666664,0.1,14.0
2020-04-01,7.4375,0.24906917450579802,-5.4885168908869995,0.625,1361.0,91.81818181818181,23.883333333333336,56.208333333333336,0.0,13.5
2020-04-02,14.758333333333333,9.328420611304086,-10.454143239866392,0.9166666666666666,1995.0,140.9090909090909,23.28333333333333,52.916666666666664,0.0,11.7
2020-04-03,12.012500000000001,8.919230587243199,-7.657977754149034,1.0,1404.0,97.27272727272727,22.391666666666666,44.416666666666664,0.0,13.299999999999997
2020-04-04,11.766666666666666,6.825102463001058,-8.792170376291594,0.9166666666666666,1512.0,60.0,23.208333333333332,47.958333333333336,0.0,15.5
2020-04-05,8.987499999999999,1.3102767841251521,-4.883645957846357,0.5,1139.0,58.63636363636363,24.016666666666666,52.875,0.0,14.600000000000001
2020-04-06,10.033333333333333,1.6503090216241432,-8.057391775104781,0.7083333333333334,2227.0,105.9090909090909,26.204166666666666,45.833333333333336,0.0,15.0
2020-04-07,13.691666666666668,6.154321651861609,-10.884657162674678,0.9583333333333334,1353.0,114.0909090909091,24.974999999999998,46.041666666666664,0.4,14.399999999999999
2020-04-08,11.875,5.548356310521437,-10.062975491603622,0.9583333333333334,1781.0,90.0,24.879166666666666,46.291666666666664,0.0,12.8
2020-04-09,10.595833333333333,6.711466427883939,-7.225546937502273,0.9583333333333334,1581.0,62.72727272727273,24.412499999999998,46.458333333333336,0.0,14.0
2020-04-10,8.366666666666665,2.281400922011779,-4.984016571046086,0.7083333333333334,1382.0,42.72727272727273,25.7375,46.541666666666664,0.0,16.0
2020-04-11,8.133333333333333,1.4450787312250677,-6.5118067089698455,0.5416666666666666,1828.0,47.27272727272727,27.712500000000002,41.875,0.0,15.900000000000002
2020-04-12,11.333333333333334,8.42261889302028,-7.218776245174825,1.0,1533.0,88.63636363636364,28.0,42.041666666666664,0.0,14.099999999999998
2020-04-13,10.904166666666667,7.666437650217045,-6.268433740986311,0.9166666666666666,2102.0,54.09090909090909,29.3125,41.083333333333336,0.0,16.2
2020-04-14,8.716666666666667,-2.5540421275933167,-0.44713483686642475,0.25,1665.0,46.81818181818182,30.125,41.0,0.0,15.099999999999998
2020-04-15,10.208333333333334,-4.295747598879548,2.560204316511294,0.125,1235.0,88.18181818181819,30.445833333333336,37.541666666666664,0.0,12.5
2020-04-16,10.2,4.970799466184055,-6.629865965921371,0.75,3248.0,87.27272727272727,30.3625,36.041666666666664,0.0,14.699999999999996
2020-04-17,12.75,-2.134873902082374,-8.581328032796156,0.375,1939.0,240.45454545454547,29.65416666666667,33.708333333333336,0.0,9.500000000000004
2020-04-18,13.841666666666667,-6.862995320040667,-4.15137651724853,0.08333333333333333,2827.0,175.9090909090909,29.070833333333336,38.0,0.0,12.0
2020-04-19,9.783333333333333,4.34944603954135,-7.4217732597115935,0.75,2774.0,80.45454545454545,27.891666666666666,43.041666666666664,0.0,11.599999999999998
2020-04-20,7.625,2.391551175661199,-0.8567619922146733,0.16666666666666666,2148.0,71.81818181818181,26.866666666666664,44.958333333333336,0.4,12.299999999999997
2020-04-21,8.395833333333334,-1.2699390135031656,-5.09913553256816,0.3333333333333333,2603.0,46.36363636363637,26.116666666666664,51.458333333333336,0.0,12.600000000000001
2020-04-22,7.791666666666667,0.7829186670517204,-4.171668630290209,0.4166666666666667,2708.0,32.72727272727273,27.570833333333336,41.416666666666664,0.0,14.100000000000001
2020-04-23,10.112499999999999,3.7919222128180845,4.637209569993434,0.25,2087.0,46.81818181818182,28.954166666666666,37.666666666666664,0.0,11.2
2020-04-24,6.9624999999999995,-0.9553967614065701,-0.24983305618669852,0.25,2419.0,35.45454545454545,28.9375,41.166666666666664,0.0,13.7
2020-04-25,8.137500000000001,-3.3535572198553663,4.197948541722529,0.041666666666666664,1983.0,49.54545454545455,28.479166666666668,42.791666666666664,0.5,10.100000000000001
2020-04-26,14.5,-11.116348332110276,6.518975782680738,0.0,839.0,198.63636363636363,26.90416666666667,58.208333333333336,1.0,8.400000000000002
2020-04-27,16.3875,-14.631776315509867,5.288402220772876,0.0,1375.0,348.1818181818182,25.429166666666664,68.70833333333333,2.8,9.599999999999998
2020-04-28,8.975,-5.231847119718544,0.13723970167216126,0.125,1287.0,180.45454545454547,26.441666666666666,63.666666666666664,0.2,10.699999999999996
2020-04-29,7.1625000000000005,-1.4817067060252,2.6207295133585915,0.16666666666666666,1921.0,87.27272727272727,28.662499999999998,54.75,0.0,13.600000000000001
2020-04-30,10.825000000000001,-4.42184756739644,1.2845854517268067,0.25,1823.0,107.27272727272727,29.474999999999998,50.958333333333336,0.2,12.0
2020-05-01,10.645833333333334,-4.000494344160706,-0.4705371976661053,0.375,1990.0,135.0,30.570833333333336,53.708333333333336,0.0,16.0
2020-05-02,18.4375,-15.454533802523505,5.991636382953351,0.0,1335.0,355.45454545454544,29.36666666666667,56.666666666666664,0.9,12.3
2020-05-03,13.666666666666666,-10.757357735793327,3.4159850942115857,0.041666666666666664,1397.0,213.1818181818182,27.683333333333334,64.45833333333333,21.8,11.200000000000003
2020-05-04,6.9624999999999995,-4.665319340067835,-3.3305648492208633,0.125,1768.0,80.45454545454545,27.21666666666667,66.25,0.0,11.899999999999999
2020-05-05,7.7250000000000005,1.4623761566083813,-4.405691917157612,0.4583333333333333,2606.0,66.36363636363636,28.795833333333334,49.625,0.0,11.299999999999997
2020-05-06,7.545833333333333,-1.4827115345397293,0.9671860051052272,0.16666666666666666,1806.0,99.54545454545455,28.625,45.375,0.0,13.500000000000004
2020-05-07,10.245833333333334,-6.059875600865822,-1.537985519603251,0.20833333333333334,2053.0,116.81818181818181,28.65833333333333,44.166666666666664,0.0,13.699999999999996
2020-05-08,9.387500000000001,-2.1271217800085966,1.9155310054495487,0.16666666666666666,2279.0,41.81818181818182,30.691666666666666,39.75,0.0,15.0
2020-05-09,9.916666666666666,-6.151631517850718,3.369165541413085,0.0,1252.0,116.81818181818181,31.6375,40.791666666666664,0.0,14.3
2020-05-10,13.204166666666666,-11.185038233588498,5.658662075699017,0.0,1253.0,200.45454545454547,29.662499999999998,54.291666666666664,0.8,11.799999999999997
2020-05-11,11.158333333333333,-7.7204564950131465,5.35996962895452,0.041666666666666664,1247.0,197.27272727272728,29.170833333333334,56.75,0.3,12.999999999999996
2020-05-12,10.033333333333333,-7.79427553182482,0.11788065660128093,0.125,1759.0,137.27272727272728,29.420833333333334,54.666666666666664,0.0,12.399999999999999
2020-05-13,7.695833333333333,0.3139769647888351,-3.0158261101957,0.4166666666666667,1533.0,66.81818181818181,29.741666666666664,55.416666666666664,0.3,9.7
2020-05-14,7.320833333333333,-2.1709788994099033,-1.0990213036095677,0.25,1810.0,38.18181818181818,30.53333333333333,53.208333333333336,0.0,12.699999999999996
2020-05-15,12.216666666666667,7.123938814372505,-9.584747602736938,1.0,2143.0,131.8181818181818,31.458333333333332,40.541666666666664,0.0,13.500000000000004
2020-05-16,12.395833333333334,8.897247029304475,-8.501396933199064,1.0,2360.0,104.54545454545455,31.541666666666668,32.583333333333336,0.0,13.5
2020-05-17,8.833333333333334,5.647525195691922,-4.724930947318778,0.8333333333333334,2917.0,60.0,31.8,31.541666666666668,0.0,14.600000000000001
2020-05-18,10.1875,3.3767538099269765,-8.27462031981977,0.6666666666666666,3669.0,44.09090909090909,31.3875,30.458333333333332,0.0,14.900000000000002
2020-05-19,7.758333333333333,1.4805451781073218,-6.398385803982971,0.4583333333333333,3797.0,60.45454545454545,32.104166666666664,21.958333333333332,0.0,13.900000000000002
2020-05-20,12.708333333333334,8.26425081994779,-9.277292483195717,1.0,2285.0,100.45454545454545,30.77916666666667,25.583333333333332,0.0,14.400000000000002
2020-05-21,13.674999999999999,11.107375405497379,-7.319045360327757,1.0,2422.0,72.27272727272727,32.225,25.958333333333332,0.0,16.200000000000003
2020-05-22,6.416666666666667,0.8336309175797938,-1.2040362479243292,0.3333333333333333,2339.0,35.90909090909091,34.02916666666667,25.958333333333332,0.0,16.8
2020-05-23,8.775,-2.8006754393554814,0.44599998069705027,0.25,2577.0,46.36363636363637,34.61666666666667,27.625,0.0,14.000000000000004
2020-05-24,12.554166666666667,6.529118596994471,-6.207157827163872,0.75,4048.0,102.27272727272727,35.583333333333336,25.041666666666668,0.0,14.599999999999998
2020-05-25,12.8375,9.363167527551706,-6.180142232718986,0.8333333333333334,3854.0,55.90909090909091,35.74166666666667,22.166666666666668,0.0,15.400000000000002
2020-05-26,11.020833333333334,7.696288222999768,-4.056923311742907,0.625,4437.0,60.0,36.92916666666667,18.833333333333332,0.0,14.600000000000001
2020-05-27,9.870833333333334,0.6325354822986383,-2.75614864446491,0.4583333333333333,3933.0,143.1818181818182,36.50833333333333,20.75,0.0,14.800000000000004
2020-05-28,19.558333333333334,-16.302949105872724,7.251133037900395,0.0,1442.0,426.3636363636364,32.975,41.458333333333336,0.1,9.600000000000001
2020-05-29,20.683333333333334,-17.459718407767088,8.260214724262124,0.0,1725.0,429.09090909090907,30.104166666666668,57.625,4.2,9.200000000000003
2020-05-30,12.133333333333333,-8.410128352585291,6.883292839819646,0.0,1126.0,280.0,28.183333333333334,61.291666666666664,5.4,9.200000000000003
2020-05-31,7.566666666666666,-4.323057293140502,1.8848886420168738,0.08333333333333333,1534.0,174.54545454545453,26.866666666666664,69.16666666666667,0.2,9.700000000000003
2020-06-01,6.545833333333333,-2.2179213815389107,-3.421366289145143,0.3333333333333333,1436.0,60.90909090909091,27.8125,67.29166666666667,0.0,11.699999999999996
2020-06-02,6.495833333333334,2.270162137001,-0.14154011756927118,0.375,1745.0,59.09090909090909,29.016666666666666,61.541666666666664,0.0,10.399999999999999
2020-06-03,6.1499999999999995,-0.42765337527352615,-3.487728193357474,0.5,1786.0,51.81818181818182,29.979166666666668,57.75,0.0,11.599999999999998
2020-06-04,7.066666666666666,-3.0354315167712183,2.84282464620579,0.16666666666666666,1097.0,86.81818181818181,29.6125,56.833333333333336,0.0,9.5
2020-06-05,8.233333333333333,-1.9733374495993037,5.437201688490475,0.125,1354.0,150.0,29.05,59.75,0.0,9.599999999999998
2020-06-06,7.645833333333333,-5.06442803575139,4.5952080737142,0.041666666666666664,1692.0,193.63636363636363,29.520833333333332,58.166666666666664,0.0,10.0
2020-06-07,8.416666666666666,-1.2882411651355041,1.7447531875228446,0.25,1687.0,64.54545454545455,30.59166666666667,58.875,1.2,9.500000000000004
2020-06-08,6.870833333333334,0.3637521173498451,-3.0532845060516602,0.3333333333333333,1818.0,37.27272727272727,30.825,59.833333333333336,0.1,9.899999999999999
2020-06-09,6.466666666666666,0.9915437486218242,-0.9992392243364047,0.4166666666666667,2078.0,53.18181818181818,33.079166666666666,51.458333333333336,0.0,11.2
2020-06-10,7.495833333333334,1.7325724379960816,-2.530835208448571,0.5416666666666666,1801.0,27.272727272727273,33.74583333333333,51.916666666666664,0.0,10.099999999999998
2020-06-11,6.429166666666667,-4.237166125140667,-2.475869011902581,0.08333333333333333,1905.0,35.0,33.55833333333333,53.416666666666664,0.0,9.900000000000002
2020-06-12,9.0375,-5.906808165097267,2.7085501687272604,0.125,2084.0,187.27272727272728,33.800000000000004,51.708333333333336,0.0,9.600000000000001
2020-06-13,9.041666666666666,-6.906604470491701,1.6140626474227284,0.041666666666666664,1264.0,207.72727272727272,33.645833333333336,54.583333333333336,0.0,8.899999999999999
2020-06-14,8.612499999999999,-5.734534056998485,-0.5928648127906718,0.20833333333333334,1776.0,188.1818181818182,33.670833333333334,55.833333333333336,0.0,9.3
2020-06-15,8.691666666666666,0.7271765552777482,-0.6488992230519389,0.375,2557.0,107.27272727272727,34.34583333333333,47.333333333333336,0.0,10.900000000000002
2020-06-16,9.416666666666666,-4.373367461150571,6.426525898547336,0.041666666666666664,2484.0,210.0,33.84166666666667,48.125,0.1,10.700000000000003
2020-06-17,11.554166666666667,-8.5709540912147,3.712647869690187,0.08333333333333333,2166.0,359.09090909090907,33.887499999999996,51.541666666666664,0.0,10.899999999999999
2020-06-18,10.120833333333334,-5.693779751287391,2.464797356176714,0.16666666666666666,2056.0,284.09090909090907,34.62916666666667,50.125,0.0,13.100000000000001
2020-06-19,11.200000000000001,-7.505358371402969,4.3145686211414915,0.0,1939.0,467.27272727272725,34.96666666666667,52.958333333333336,0.0,10.299999999999997
2020-06-20,12.029166666666667,-0.2105769353027215,0.23927006696998418,0.375,1749.0,334.09090909090907,33.72083333333333,53.375,1.2000000000000002,9.700000000000003
2020-06-21,8.966666666666667,-4.399888665533985,1.1449392338807778,0.20833333333333334,1916.0,253.63636363636363,33.395833333333336,54.0,0.0,9.900000000000002
2020-06-22,7.175,-4.994628085726071,-0.49925383269536927,0.041666666666666664,1577.0,253.63636363636363,31.8875,60.875,1.0,8.899999999999999
2020-06-23,14.308333333333332,-13.462100785054716,3.7609308429269,0.0,1168.0,476.8181818181818,31.541666666666668,64.0,2.0,6.700000000000003
2020-06-24,11.75,-11.014782692375812,3.509036404072214,0.0,908.0,359.09090909090907,30.329166666666666,72.0,3.1,4.800000000000001
2020-06-25,5.5375000000000005,0.8363557141982013,-0.7330211433335708,0.5,1487.0,100.45454545454545,31.895833333333332,66.16666666666667,0.0,10.400000000000002
2020-06-26,9.995833333333334,7.878543047853131,-1.615107035205962,0.5416666666666666,1377.0,161.36363636363637,32.4,64.5,1.4,8.5
2020-06-27,13.554166666666667,12.078206177865695,-1.5647372874049708,0.5416666666666666,1952.0,173.1818181818182,33.733333333333334,56.541666666666664,0.1,8.799999999999997
2020-06-28,13.904166666666667,12.140344089013112,0.06291206322585617,0.375,1984.0,99.54545454545455,35.041666666666664,51.125,0.2,8.599999999999998
2020-06-29,12.8375,-4.333140454367964,-1.1226816088039837,0.375,1524.0,223.63636363636363,34.4125,53.666666666666664,0.5,10.000000000000004
2020-06-30,12.245833333333332,-11.175812933191466,4.22961546779068,0.0,1354.0,350.0,32.19583333333333,63.333333333333336,0.0,9.2
2020-07-01,8.4125,-6.2404690310096065,2.3722043357576514,0.08333333333333333,1451.0,242.27272727272728,33.37083333333333,59.375,0.0,9.600000000000001
2020-07-02,8.204166666666667,0.01436787994223726,0.04846492526476035,0.2916666666666667,1892.0,167.27272727272728,35.145833333333336,52.625,0.1,10.700000000000003
2020-07-03,12.391666666666666,-8.408699659646869,4.889546821546083,0.08333333333333333,1493.0,369.09090909090907,35.05833333333333,55.916666666666664,0.0,10.200000000000003
2020-07-04,14.5,-13.236827272322289,5.004169496470097,0.0,1371.0,492.27272727272725,33.1,63.541666666666664,0.0,9.000000000000004
2020-07-05,11.612499999999999,-9.388711321609005,-3.5309160552996484,0.0,1380.0,369.09090909090907,29.941666666666666,69.5,4.1,9.700000000000003
2020-07-06,10.829166666666666,-9.91813487263746,2.7992007946248716,0.0,1460.0,394.54545454545456,30.65833333333333,70.29166666666667,0.30000000000000004,8.200000000000003
2020-07-07,15.0875,-14.143589302365747,3.642480296240334,0.0,784.0,513.6363636363636,29.275000000000002,74.08333333333333,1.5,5.799999999999997
2020-07-08,12.495833333333332,-8.076581961629532,8.286616388361232,0.0,723.0,324.54545454545456,28.816666666666666,81.625,5.3999999999999995,7.199999999999996
2020-07-09,8.237499999999999,4.171532202448483,5.922893026651598,0.0,846.0,86.81818181818181,30.241666666666664,77.41666666666667,2.2,6.800000000000001
2020-07-10,10.570833333333333,8.685259630436606,-1.9743517959540693,0.6666666666666666,1809.0,244.0909090909091,32.74166666666667,63.166666666666664,1.6,9.099999999999998
2020-07-11,12.033333333333333,7.949448400861826,1.6470105525259913,0.5,1268.0,158.1818181818182,31.900000000000002,64.45833333333333,0.9,10.399999999999999
2020-07-12,7.8625,4.06309210180321,1.1530849951434272,0.25,902.0,276.8181818181818,31.691666666666666,66.45833333333333,0.5,6.699999999999999
2020-07-13,8.25,7.077666899917392,-1.2877908469602384,0.6666666666666666,1537.0,108.63636363636364,31.941666666666666,64.54166666666667,0.1,8.900000000000002
2020-07-14,7.483333333333333,1.578343789619442,0.3071039766704556,0.375,1560.0,169.54545454545453,33.266666666666666,60.208333333333336,0.0,9.700000000000003
2020-07-15,14.883333333333333,-14.189433068161568,2.964572618286127,0.0,1193.0,419.09090909090907,31.925,67.625,0.1,8.399999999999999
2020-07-16,14.245833333333332,-13.751925871142854,2.7546220928643113,0.0,1587.0,358.1818181818182,30.75,72.66666666666667,4.6,5.400000000000002
2020-07-17,11.533333333333333,-10.603777870369546,4.110105294581659,0.0,1115.0,291.8181818181818,31.145833333333332,73.95833333333333,10.8,6.699999999999999
2020-07-18,10.4625,-9.21214451377156,2.9612787803232226,0.0,879.0,277.27272727272725,31.575,74.0,2.5,8.499999999999996
2020-07-19,9.458333333333334,5.706965340203926,0.9170450424732867,0.4583333333333333,736.0,226.36363636363637,30.541666666666668,79.875,14.1,7.5
2020-07-20,11.262500000000001,8.74413416005868,-0.09367742055522843,0.4166666666666667,758.0,323.6363636363636,29.295833333333334,79.0,15.3,6.9999999999999964
2020-07-21,7.2749999999999995,-0.5754645815305018,2.86812799792061,0.125,706.0,150.9090909090909,28.1875,82.08333333333333,13.5,7.299999999999997
2020-07-22,8.262500000000001,7.188468404403427,-0.68071008665874,0.5416666666666666,798.0,87.72727272727273,27.183333333333334,86.16666666666667,14.4,5.0
2020-07-23,6.320833333333333,2.134206362266949,-1.588210912885627,0.5416666666666666,1370.0,68.63636363636364,28.541666666666668,78.58333333333333,0.2,8.399999999999999
2020-07-24,8.366666666666667,-7.054323586737376,2.080348739667866,0.0,1314.0,200.9090909090909,28.825,78.45833333333333,1.6,6.299999999999997
2020-07-25,10.049999999999999,-9.05508914761882,3.0914776850197963,0.0,826.0,274.09090909090907,28.804166666666664,82.16666666666667,1.9000000000000001,6.4999999999999964
2020-07-26,6.175,-4.602806817454827,1.005938333634193,0.041666666666666664,1075.0,98.18181818181819,29.90416666666667,79.66666666666667,2.6,8.5
2020-07-27,9.9125,8.99948936122828,-0.16362353221630135,0.5416666666666666,1265.0,185.45454545454547,31.008333333333336,75.16666666666667,2.7,6.4999999999999964
2020-07-28,13.262500000000001,10.517477288809902,1.9394388224766146,0.375,1413.0,297.27272727272725,31.854166666666668,67.25,0.4,6.399999999999999
2020-07-29,10.35,-2.5221951031442225,9.008973124389847,0.0,868.0,289.09090909090907,30.545833333333334,72.20833333333333,0.1,6.099999999999998
2020-07-30,7.820833333333333,-2.9441453202223493,5.242692998038473,0.041666666666666664,1045.0,396.3636363636364,28.9375,79.25,3.9,6.099999999999998
2020-07-31,6.8,-4.588942544983524,1.5784537320350964,0.0,959.0,146.36363636363637,29.166666666666668,84.125,8.5,7.700000000000003
2020-08-01,5.591666666666666,-2.6663365045675373,3.109487896370409,0.041666666666666664,835.0,102.72727272727273,29.400000000000002,83.79166666666667,5.6,5.9999999999999964
2020-08-02,8.825000000000001,6.113832601694354,-1.8879253248144898,0.5833333333333334,1279.0,83.63636363636364,31.1375,75.25,0.2,7.700000000000003
2020-08-03,8.725,7.114255251457224,0.7766322195548007,0.375,1382.0,133.63636363636363,31.691666666666666,72.45833333333333,1.3,7.399999999999999
2020-08-04,8.299999999999999,1.514121275171408,-1.898389544807871,0.4166666666666667,1312.0,89.0909090909091,31.679166666666664,73.33333333333333,0.8999999999999999,9.599999999999998
2020-08-05,10.733333333333334,-9.664224923969629,-0.2526448658446718,0.041666666666666664,606.0,84.0909090909091,30.579166666666666,79.16666666666667,2.1,5.600000000000001
2020-08-06,22.97083333333333,-22.610670857810856,2.5632627068409253,0.0,1546.0,651.8181818181819,30.870833333333334,70.875,0.1,7.199999999999996
2020-08-07,16.616666666666667,-15.248756716638765,5.324831553706917,0.0,1037.0,696.3636363636364,29.96666666666667,76.375,0.9,6.400000000000002
2020-08-08,3.858333333333333,-5.888001671561227e-05,2.2408375997873855,0.08333333333333333,1268.0,126.36363636363636,30.804166666666664,78.375,3.3,7.100000000000001
2020-08-09,5.575,-1.5648661784869173,0.02666351484406909,0.25,438.0,184.54545454545453,29.8125,83.33333333333333,22.8,6.399999999999999
2020-08-10,9.1,-7.659010802200406,3.9777489589536987,0.0,649.0,193.63636363636363,28.77916666666667,86.91666666666667,2.4,4.600000000000001
2020-08-11,6.233333333333333,1.61513172541478,1.927682494483107,0.3333333333333333,826.0,216.36363636363637,28.9375,87.25,15.8,5.300000000000001
2020-08-12,11.0625,8.248013914627338,0.7629630386974625,0.5,979.0,264.54545454545456,29.837500000000002,82.66666666666667,3.4000000000000004,7.4999999999999964
2020-08-13,8.125,-3.457382282848799,-2.029209217912007,0.041666666666666664,305.0,179.54545454545453,26.641666666666666,94.79166666666667,84.60000000000001,1.6999999999999993
2020-08-14,12.579166666666666,-12.222431304191181,2.093645137861082,0.0,457.0,278.6363636363636,27.641666666666666,89.16666666666667,5.0,5.299999999999997
2020-08-15,10.975,-9.778428986080606,4.633711905270155,0.0,712.0,252.27272727272728,28.8875,86.20833333333333,2.6,6.399999999999999
2020-08-16,9.3375,-8.063548233213131,3.956641967880044,0.0,970.0,181.36363636363637,28.758333333333336,87.33333333333333,6.2,5.899999999999999
2020-08-17,9.129166666666666,-6.083686830300501,4.83733620512246,0.0,821.0,210.0,29.15833333333333,85.875,2.1,6.099999999999998
2020-08-18,5.325,0.7687934576186795,1.6773014658438716,0.25,737.0,159.54545454545453,29.8125,83.54166666666667,9.7,4.699999999999996
2020-08-19,6.966666666666666,-1.0779746527734193,5.222515684300039,0.041666666666666664,214.0,130.45454545454547,27.1125,92.45833333333333,16.7,3.0
2020-08-20,8.095833333333333,-7.28454429725197,-0.03444509533991517,0.0,418.0,205.45454545454547,26.483333333333334,92.66666666666667,8.8,4.600000000000001
2020-08-21,13.291666666666666,-13.124292593932068,0.26670510963935695,0.0,1201.0,308.6363636363636,28.583333333333332,79.33333333333333,0.2,6.300000000000004
2020-08-22,18.125,-18.037569988035884,-0.06598273845318826,0.0,1170.0,759.5454545454545,28.620833333333334,75.20833333333333,0.1,6.5
2020-08-23,17.283333333333335,-16.924509821567003,0.05442585954929613,0.0,861.0,684.5454545454545,28.09583333333333,81.45833333333333,2.0,5.599999999999998
2020-08-24,15.479166666666666,-12.990499670874073,6.793183746983296,0.0,878.0,456.8181818181818,27.75,82.375,0.8,5.100000000000001
2020-08-25,10.737499999999999,-6.282692495029643,7.890508660310805,0.0,825.0,297.72727272727275,28.491666666666664,80.04166666666667,0.9,6.199999999999999
2020-08-26,7.512499999999999,5.737293753713953,2.4231533035877284,0.16666666666666666,1014.0,108.63636363636364,28.979166666666668,78.58333333333333,0.9,6.100000000000001
2020-08-27,6.7375,2.4090631505860327,-1.3755042689019479,0.4583333333333333,885.0,45.0,28.704166666666666,80.25,1.1,4.899999999999999
2020-08-28,5.629166666666666,-0.3803139333386405,-0.46267642300434936,0.3333333333333333,840.0,52.72727272727273,28.52916666666667,84.20833333333333,2.8000000000000003,7.0
2020-08-29,7.2375,-6.611187359237147,1.1384327448196196,0.0,1186.0,180.9090909090909,28.55,83.45833333333333,1.8,7.100000000000001
2020-08-30,20.1875,-19.64282798296706,1.675908455613328,0.0,1048.0,566.3636363636364,27.96666666666667,78.95833333333333,2.4,4.099999999999998
2020-08-31,16.179166666666667,-9.253791336749597,12.181532002009886,0.0,997.0,425.90909090909093,27.90833333333333,77.41666666666667,1.5,6.300000000000001
2020-09-01,9.454166666666667,0.521963168745643,8.967041118644376,0.0,1134.0,210.45454545454547,28.570833333333336,75.04166666666667,1.3,7.199999999999999
2020-09-02,6.566666666666666,2.592432504033685,0.7994904509944307,0.3333333333333333,900.0,148.1818181818182,28.8625,76.16666666666667,0.8,6.899999999999999
2020-09-03,10.383333333333333,-9.520540352593141,3.277052384615437,0.0,1052.0,140.0,28.4875,83.375,5.4,5.300000000000001
2020-09-04,9.9625,-7.450800306396041,5.1227283627238736,0.0,853.0,184.0909090909091,28.879166666666666,81.08333333333333,2.5,6.099999999999998
2020-09-05,4.870833333333334,1.7432313186316708,2.4116944043573794,0.08333333333333333,759.0,95.9090909090909,28.34166666666667,84.54166666666667,9.6,7.300000000000001
2020-09-06,5.466666666666666,4.320689773278924,-1.4605362024731268,0.75,996.0,80.0,28.22083333333333,86.04166666666667,5.3,5.400000000000002
2020-09-07,4.504166666666666,1.6907407962558896,-1.846363962999683,0.5833333333333334,885.0,34.54545454545455,28.754166666666666,82.91666666666667,4.5,6.200000000000003
2020-09-08,5.420833333333333,4.082002151645842,-2.0552221431683644,0.75,1205.0,56.36363636363637,29.337500000000002,79.0,0.4,6.799999999999997
2020-09-09,6.933333333333334,4.716649112886066,-3.567653930341372,0.7916666666666666,1297.0,51.36363636363637,29.8,73.70833333333333,0.0,8.200000000000003
2020-09-10,8.6,6.606944256192068,-2.496581048403186,0.5,1405.0,75.9090909090909,29.808333333333334,71.66666666666667,0.0,8.299999999999997
2020-09-11,6.7749999999999995,2.2483768205229757,-1.7371166021683537,0.3333333333333333,1356.0,45.0,30.254166666666666,68.54166666666667,0.0,9.0
2020-09-12,6.2124999999999995,-0.9659386852777231,-2.729025700545342,0.4166666666666667,1387.0,34.09090909090909,30.245833333333334,69.625,0.0,9.200000000000003
2020-09-13,6.0375000000000005,-1.155805467693383,-2.6904823896164873,0.25,1234.0,27.272727272727273,29.974999999999998,72.41666666666667,0.0,7.700000000000003
2020-09-14,5.2875000000000005,-2.7353588402996465,-1.2923050102775353,0.125,1239.0,34.09090909090909,29.808333333333334,77.20833333333333,0.6000000000000001,7.200000000000003
2020-09-15,5.266666666666667,1.7886330138802615,-3.2410814910307812,0.4583333333333333,1482.0,32.27272727272727,30.80416666666667,68.58333333333333,0.0,9.100000000000001
2020-09-16,6.954166666666667,4.2155671466170705,-1.6563730784798383,0.4583333333333333,1546.0,38.18181818181818,31.416666666666668,65.08333333333333,0.0,9.499999999999996
2020-09-17,10.316666666666666,8.790397225931072,-4.165455754086843,0.7916666666666666,1788.0,70.45454545454545,31.7,61.125,0.0,9.400000000000002
2020-09-18,9.791666666666666,8.708208781160424,-2.4189405994024766,0.6666666666666666,1736.0,85.45454545454545,32.079166666666666,57.708333333333336,0.0,9.899999999999999
2020-09-19,6.133333333333333,0.6893344716790093,-5.006615366675457,0.625,1540.0,35.45454545454545,31.416666666666668,63.083333333333336,0.0,9.300000000000004
2020-09-20,8.525,0.6426366299943522,-7.4065595758995215,0.5833333333333334,1490.0,41.36363636363637,30.704166666666666,66.54166666666667,0.0,9.600000000000001
2020-09-21,7.0249999999999995,0.7341410842648486,-6.354345512757708,0.625,1499.0,62.72727272727273,30.870833333333334,61.958333333333336,0.0,10.400000000000002
2020-09-22,8.3375,-7.792072805204796,1.4354732216975725,0.0,1191.0,129.54545454545453,30.21666666666667,72.54166666666667,5.7,6.800000000000001
2020-09-23,8.491666666666667,-7.43895765568664,2.0688945322797636,0.0,1096.0,241.8181818181818,29.570833333333336,73.08333333333333,2.3,6.600000000000001
2020-09-24,7.541666666666667,-0.9694024930066963,-1.7739009222462105,0.2916666666666667,1213.0,204.54545454545453,29.666666666666668,69.45833333333333,0.0,9.899999999999999
2020-09-25,11.483333333333334,7.727082259900663,-0.9181310968643527,0.5,2065.0,130.9090909090909,30.59166666666667,58.666666666666664,0.0,10.8
2020-09-26,9.708333333333334,8.64997071944239,-1.0863912647157958,0.5,1629.0,88.18181818181819,29.229166666666668,56.25,0.0,10.3
2020-09-27,8.862499999999999,7.032908063601572,-3.4737791698474307,0.75,1480.0,145.9090909090909,28.90416666666667,57.875,0.0,10.500000000000004
2020-09-28,10.054166666666667,7.122061916386158,-5.330743255987816,0.75,1726.0,29.09090909090909,28.537499999999998,57.125,0.0,11.299999999999997
2020-09-29,10.829166666666666,8.49933090359141,-5.265165556588781,0.8333333333333334,2170.0,40.45454545454545,28.075,54.583333333333336,0.0,12.100000000000001
2020-09-30,12.154166666666667,9.870687316556683,-5.785924681428262,0.8333333333333334,2120.0,57.72727272727273,27.891666666666666,50.875,0.0,12.5
2020-10-01,10.525,8.450166096003484,-4.728283388663232,0.7916666666666666,1921.0,46.36363636363637,28.354166666666668,52.166666666666664,0.0,13.100000000000001
2020-10-02,8.025,5.118357313646388,-2.3640010842635024,0.4583333333333333,1539.0,26.818181818181817,27.920833333333334,58.75,0.0,13.000000000000004
2020-10-03,8.4625,5.910012537424071,-4.760080653206831,0.875,1994.0,28.181818181818183,27.316666666666666,55.875,0.0,12.600000000000001
2020-10-04,8.5625,6.2686026113041065,-4.222939025538327,0.75,1699.0,15.909090909090908,26.425,52.083333333333336,0.0,15.2
2020-10-05,10.895833333333334,8.63390667151659,-5.586426335966084,0.875,1590.0,44.54545454545455,26.712500000000002,50.458333333333336,0.0,13.899999999999999
2020-10-06,10.570833333333333,6.904907476746612,-5.739834702119874,0.9166666666666666,1617.0,39.54545454545455,26.712500000000002,52.458333333333336,0.0,14.700000000000003
2020-10-07,7.333333333333333,3.2486805796337244,-2.503138657785397,0.5,1738.0,22.727272727272727,26.795833333333334,56.791666666666664,0.0,14.3
2020-10-08,7.045833333333333,4.587124321223565,-3.6229998239495202,0.7916666666666666,1843.0,20.0,26.974999999999998,56.041666666666664,0.0,14.600000000000001
2020-10-09,5.666666666666667,2.914741809715593,-3.2663463084951427,0.625,1826.0,23.181818181818183,27.05,56.166666666666664,0.0,14.0
2020-10-10,6.933333333333334,5.410287605648969,-2.888761077421032,0.6666666666666666,1833.0,23.636363636363637,27.333333333333332,54.583333333333336,0.0,13.200000000000003
2020-10-11,7.266666666666667,3.597712462317211,-3.6609503585873835,0.625,1874.0,40.0,27.491666666666664,53.083333333333336,0.0,13.200000000000003
2020-10-12,6.316666666666666,-2.2312533478942806,-2.7635947570281587,0.125,2019.0,30.454545454545453,27.28333333333333,59.583333333333336,0.0,13.000000000000004
2020-10-13,8.0625,-7.300933934239052,0.08986198609458322,0.0,2244.0,80.0,27.429166666666664,62.208333333333336,0.0,12.600000000000001
2020-10-14,7.1000000000000005,-5.4063349959139435,-3.0072196186106193,0.0,2084.0,60.0,27.6125,65.875,0.0,10.600000000000001
2020-10-15,7.870833333333334,-2.7866027810245515,-5.322379978831803,0.25,2161.0,29.545454545454547,27.325,55.583333333333336,0.0,11.7
2020-10-16,6.7875000000000005,0.6848789633327597,-4.771110807528236,0.6666666666666666,1871.0,38.18181818181818,25.675,46.666666666666664,0.0,14.399999999999999
2020-10-17,5.758333333333333,-0.8341930939465407,-2.477055787732604,0.375,1532.0,20.90909090909091,27.037499999999998,43.25,0.0,11.800000000000004
2020-10-18,8.908333333333333,6.5596459302486165,-4.589569425661175,0.8333333333333334,1624.0,44.54545454545455,26.15416666666667,39.083333333333336,0.0,13.900000000000002
2020-10-19,9.091666666666667,7.238319094779448,-4.364033098433637,0.8333333333333334,1438.0,50.0,25.333333333333332,36.041666666666664,0.0,13.099999999999998
2020-10-20,8.879166666666666,3.015850566779402,-5.2987539429208494,0.6666666666666666,1833.0,40.0,24.945833333333336,35.916666666666664,0.0,15.7
2020-10-21,7.308333333333334,-2.8198149432615414,-0.919211651347088,0.16666666666666666,1617.0,21.818181818181817,25.458333333333332,41.833333333333336,0.0,16.2
2020-10-22,6.504166666666666,-2.953709284849061,-2.386805965653889,0.16666666666666666,1826.0,32.72727272727273,26.270833333333332,42.125,0.0,12.2
2020-10-23,7.3374999999999995,-0.9299457741438477,-4.832607985652952,0.3333333333333333,2490.0,25.90909090909091,25.391666666666666,43.833333333333336,0.0,14.8
2020-10-24,7.666666666666667,3.4869763606376325,-3.4180505872533544,0.6666666666666666,1909.0,18.181818181818183,24.900000000000002,42.5,0.0,13.7
2020-10-25,6.5874999999999995,-1.3709719991997538,-2.99556996589029,0.375,2538.0,19.09090909090909,25.641666666666666,41.791666666666664,0.0,14.7
2020-10-26,7.208333333333333,1.3223262927553165,-3.8424488299024424,0.75,1786.0,23.181818181818183,25.150000000000002,41.75,0.0,13.700000000000003
2020-10-27,11.020833333333334,8.942498864298338,-5.422071798050673,0.9166666666666666,1868.0,51.36363636363637,23.15416666666667,34.666666666666664,0.0,14.0
2020-10-28,6.9750000000000005,3.20748497042446,-3.4377138091601864,0.625,1688.0,30.90909090909091,23.116666666666664,38.75,0.0,14.899999999999999
2020-10-29,5.454166666666667,-1.4488787116067992,-3.910188553049012,0.375,1854.0,15.454545454545455,23.974999999999998,44.75,0.0,13.5
2020-10-30,8.950000000000001,7.220385068462682,-4.603777091338496,0.9583333333333334,1774.0,36.36363636363637,22.391666666666666,46.375,0.0,15.600000000000001
2020-10-31,10.754166666666668,8.710133416512937,-5.837084664446429,1.0,1605.0,85.9090909090909,21.900000000000002,39.5,0.0,15.000000000000002
2020-11-01,10.741666666666667,10.028838734866293,-3.1022331694673935,0.875,1593.0,74.0909090909091,21.474999999999998,30.166666666666668,0.0,14.7
2020-11-02,10.045833333333333,8.172633058509875,-2.9581249175978837,0.6666666666666666,1758.0,53.63636363636363,21.925,29.125,0.0,15.7
2020-11-03,7.254166666666666,5.745194783650123,0.43559465999909647,0.2916666666666667,1943.0,27.272727272727273,21.8875,32.0,0.0,16.9
2020-11-04,9.200000000000001,8.65735127756535,0.02654112468616081,0.5416666666666666,1814.0,41.81818181818182,21.40833333333333,39.0,0.0,15.2
2020-11-05,8.020833333333334,6.504669322078502,-1.549545774677946,0.5416666666666666,1527.0,35.0,22.650000000000002,39.916666666666664,0.0,15.500000000000002
2020-11-06,8.616666666666667,7.718233127367111,-1.5848062675454422,0.7083333333333334,1679.0,20.0,21.962500000000002,41.416666666666664,0.0,16.9
2020-11-07,10.291666666666666,9.520064540757671,-2.43216780032774,0.6666666666666666,1304.0,37.27272727272727,21.391666666666666,42.541666666666664,0.0,15.3
2020-11-08,5.616666666666667,1.6107064103363609,-0.8975969862406595,0.625,1140.0,30.0,21.504166666666666,45.5,0.0,16.6
2020-11-09,7.0625,0.3869467654006083,-4.0507897957189725,0.4166666666666667,1208.0,16.363636363636363,20.958333333333332,52.291666666666664,0.0,16.0
2020-11-10,6.033333333333334,-5.03705418188376,-0.9364198228561774,0.20833333333333334,1416.0,21.363636363636363,21.116666666666667,57.333333333333336,0.0,12.399999999999999
2020-11-11,7.729166666666667,-7.046090948251492,-0.8949238243139671,0.0,1667.0,29.545454545454547,20.633333333333333,62.208333333333336,0.0,13.2
2020-11-12,5.925,-3.9077687589155605,-2.501771523058455,0.08333333333333333,1889.0,17.272727272727273,20.975,57.875,0.0,13.4
2020-11-13,5.091666666666667,3.2069716019740535,-1.3859698311007065,0.5416666666666666,1757.0,30.90909090909091,21.05,53.041666666666664,0.0,13.799999999999999
2020-11-14,6.104166666666667,0.6820360847678404,-0.8533623695175067,0.5416666666666666,1690.0,34.54545454545455,20.458333333333332,54.5,0.0,13.7
2020-11-15,14.179166666666667,-8.807702001135556,7.570903908010681,0.041666666666666664,1058.0,74.54545454545455,21.162499999999998,61.041666666666664,4.2,13.2
2020-11-16,9.674999999999999,-6.672063008522147,-2.683213241685108,0.20833333333333334,1138.0,176.8181818181818,19.508333333333333,79.16666666666667,8.2,8.900000000000002
2020-11-17,8.316666666666666,5.617615715029111,-5.713218392995942,1.0,1364.0,81.36363636363636,18.704166666666666,73.5,0.0,9.600000000000001
2020-11-18,7.0375000000000005,3.726249318660567,-5.039202072360308,0.8333333333333334,1205.0,73.18181818181819,17.854166666666668,67.95833333333333,0.0,10.3
2020-11-19,6.733333333333333,0.9032553143781109,-5.9347915946775425,0.625,1393.0,53.63636363636363,17.245833333333334,63.208333333333336,0.0,10.5
2020-11-20,11.241666666666667,8.114284744724452,-7.5132215945008385,1.0,989.0,94.54545454545455,16.525000000000002,57.625,0.0,12.3
2020-11-21,14.141666666666666,12.336249193825738,-6.171742539722813,0.9583333333333334,1338.0,129.0909090909091,16.370833333333334,52.5,0.0,11.000000000000002
2020-11-22,9.929166666666667,8.833938213911756,-3.069426111030623,0.7916666666666666,993.0,57.72727272727273,15.804166666666667,52.958333333333336,0.0,12.600000000000001
2020-11-23,5.8125,-1.1011475021869128,-1.740864381689321,0.16666666666666666,1037.0,30.90909090909091,15.862499999999999,57.833333333333336,0.0,14.100000000000001
2020-11-24,7.2,-5.4499674361062445,0.9892844086616636,0.0,1046.0,28.636363636363637,16.154166666666665,62.166666666666664,0.0,13.2
2020-11-25,8.983333333333333,-7.414096882197928,-1.5599182053547178,0.0,849.0,81.81818181818181,17.041666666666668,63.625,0.0,8.400000000000002
2020-11-26,7.675,-0.0860964302626905,-6.325978260058638,0.375,1035.0,93.63636363636364,17.291666666666668,68.54166666666667,0.7000000000000001,9.0
2020-11-27,12.158333333333333,9.592324381481962,-7.2657551754396605,1.0,855.0,148.63636363636363,17.329166666666666,66.70833333333333,0.0,11.8
2020-11-28,11.429166666666667,10.64889587736788,-3.4873082452309965,1.0,715.0,101.81818181818181,16.470833333333335,63.125,0.0,12.600000000000001
2020-11-29,8.666666666666666,7.6077370703047436,-2.446004867146484,0.75,674.0,55.45454545454545,15.579166666666666,63.666666666666664,0.0,13.599999999999998
2020-11-30,7.508333333333333,6.3280582406306785,-2.6430650845904347,0.7083333333333334,782.0,35.45454545454545,16.2375,64.83333333333333,0.0,14.0
2020-12-01,7.670833333333333,6.069822595860579,-3.1512957300509754,0.7083333333333334,783.0,33.18181818181818,16.595833333333335,69.25,0.0,14.4
2020-12-02,10.141666666666667,9.571531837635634,-1.98740755153609,0.7916666666666666,828.0,54.54545454545455,17.6875,66.45833333333333,0.0,14.600000000000001
2020-12-03,6.2625,4.777064401272329,-1.3605647090626825,0.6666666666666666,840.0,46.81818181818182,18.537499999999998,64.41666666666667,0.0,13.9
2020-12-04,7.529166666666666,-5.255766703426416,3.624320058052838,0.0,910.0,45.0,18.670833333333334,64.20833333333333,0.0,15.4
2020-12-05,10.179166666666667,-8.88714740347472,4.786587271930128,0.0,743.0,75.45454545454545,18.95,67.625,0.0,13.4
2020-12-06,6.854166666666667,-0.7090619925304087,0.4617175528859769,0.4166666666666667,880.0,60.45454545454545,18.983333333333334,71.41666666666667,0.0,13.1
2020-12-07,9.420833333333333,8.547007818582118,-3.2268208255812776,0.9583333333333334,798.0,53.63636363636363,18.408333333333335,74.5,0.0,13.0
2020-12-08,6.7875000000000005,1.5001282606797464,-3.8739001701710696,0.375,788.0,24.545454545454547,18.26666666666667,73.20833333333333,0.0,13.900000000000002
2020-12-09,5.675,1.6019085881345516,-4.0494728455569815,0.7083333333333334,860.0,25.90909090909091,19.458333333333332,67.54166666666667,0.0,13.5
2020-12-10,7.733333333333333,3.117702739946154,-6.17506013903937,0.8333333333333334,795.0,41.81818181818182,18.683333333333334,68.45833333333333,0.0,13.200000000000001
2020-12-11,6.7749999999999995,-2.625964430972909,0.7876185618597873,0.08333333333333333,831.0,65.45454545454545,18.900000000000002,70.16666666666667,0.2,12.399999999999999
2020-12-12,6.266666666666667,-0.8612109458627897,-1.0676042400742431,0.25,1054.0,52.27272727272727,17.9375,82.29166666666667,0.8999999999999999,8.2
2020-12-13,11.0,8.068296343865793,-7.285625686199958,1.0,1143.0,123.18181818181819,15.079166666666666,67.83333333333333,0.0,10.3
2020-12-14,9.691666666666666,6.251926374633826,-7.127000186630792,1.0,867.0,93.63636363636364,12.654166666666667,70.375,0.0,11.4
2020-12-15,8.700000000000001,4.310814916326405,-7.389875802158316,1.0,684.0,69.54545454545455,11.3125,71.66666666666667,0.0,12.1
2020-12-16,10.516666666666667,7.425872400037963,-7.267099211360563,1.0,1037.0,135.45454545454547,11.491666666666667,70.125,0.0,12.0
2020-12-17,13.945833333333333,11.867045122635817,-7.108849612777991,1.0,823.0,215.0,10.216666666666667,64.875,0.0,11.099999999999998
2020-12-18,14.008333333333333,12.7712772336452,-5.2814664872977435,1.0,827.0,144.54545454545453,11.070833333333333,57.708333333333336,0.0,11.999999999999998
2020-12-19,13.083333333333334,12.113281078488484,-4.452829101961641,1.0,716.0,100.45454545454545,12.229166666666666,59.166666666666664,0.0,13.399999999999999
2020-12-20,12.433333333333332,11.353363996754846,-4.606813998967135,1.0,623.0,100.0,13.470833333333333,60.75,0.0,13.799999999999999
2020-12-21,9.029166666666667,7.778081259763712,-3.9782265875575757,1.0,579.0,97.27272727272727,13.2125,69.91666666666667,0.0,11.700000000000001
2020-12-22,6.883333333333333,5.8874314672184695,-2.632576639517351,0.9166666666666666,623.0,45.90909090909091,14.091666666666667,71.20833333333333,0.0,13.1
2020-12-23,6.370833333333334,5.156191282408181,-3.2875700522370006,0.9583333333333334,738.0,29.545454545454547,13.966666666666667,71.75,0.0,15.0
2020-12-24,8.5875,5.116060912317353,-5.854463936915477,1.0,883.0,34.54545454545455,13.808333333333332,66.5,0.0,15.0
2020-12-25,9.295833333333333,7.070285259676218,-5.551389362095958,1.0,884.0,46.36363636363637,13.354166666666666,65.33333333333333,0.0,14.499999999999998
2020-12-26,9.666666666666666,6.8136776881726675,-3.915639222763691,0.7916666666666666,785.0,48.63636363636363,12.7875,70.875,0.0,13.500000000000002
2020-12-27,10.012500000000001,-3.1401809796462063,5.876689953130939,0.041666666666666664,861.0,87.72727272727273,14.929166666666667,64.33333333333333,0.2,12.7
2020-12-28,10.716666666666667,3.403292813566264,-9.916596315792622,1.0,1228.0,168.1818181818182,12.020833333333334,52.708333333333336,0.0,11.0
2020-12-29,11.270833333333334,7.653830494260539,-8.07693362785704,1.0,842.0,89.0909090909091,10.308333333333334,66.83333333333333,0.0,11.0
2020-12-30,10.258333333333333,7.561889048405458,-6.456897594716758,1.0,910.0,99.0909090909091,9.733333333333333,76.41666666666667,0.0,11.500000000000002
2020-12-31,9.104166666666666,8.080504525195854,-3.317371548504989,0.8333333333333334,715.0,52.27272727272727,9.766666666666667,79.29166666666667,0.0,12.200000000000001
2021-01-01,5.658333333333334,-2.7327017760283296,0.6139155150175069,0.16666666666666666,654.0,36.36363636363637,10.504166666666666,74.625,0.0,14.600000000000001
2021-01-02,9.633333333333333,-8.53856649319015,2.759461519330868,0.0,467.0,95.45454545454545,13.708333333333334,72.375,4.5,8.8
2021-01-03,15.145833333333334,-12.67834014474203,7.707644894940594,0.0,710.0,157.72727272727272,16.037499999999998,83.08333333333333,8.1,8.7
2021-01-04,9.9125,-6.77913085612764,0.7398418759267834,0.125,493.0,119.0909090909091,16.679166666666667,88.08333333333333,5.6,9.3
2021-01-05,10.733333333333334,-9.464948905587132,0.6806194968400785,0.0,771.0,140.45454545454547,17.525000000000002,83.70833333333333,2.8000000000000003,7.800000000000001
2021-01-06,8.008333333333333,-2.2342058652428864,1.1570760423675872,0.2916666666666667,737.0,98.63636363636364,17.529166666666665,86.16666666666667,2.7,7.0
2021-01-07,9.104166666666666,8.099688378651356,-4.038101723889548,1.0,992.0,155.45454545454547,14.958333333333334,85.29166666666667,0.0,8.4
2021-01-08,6.325,1.7470629841350185,-5.210864134666914,0.7083333333333334,497.0,45.90909090909091,13.4375,85.16666666666667,0.0,10.100000000000001
2021-01-09,12.125,7.930579794159894,-8.964486246401139,1.0,611.0,168.63636363636363,14.966666666666667,80.79166666666667,0.0,8.9
2021-01-10,14.0,11.320427013812361,-8.079816120258547,1.0,608.0,214.54545454545453,12.320833333333333,73.95833333333333,0.0,9.0
2021-01-11,14.112499999999999,11.82233241676506,-7.02789039112357,0.9583333333333334,731.0,202.27272727272728,11.6,79.66666666666667,0.0,10.599999999999998
2021-01-12,11.3125,10.852630753503774,-2.7034873936148167,0.9583333333333334,940.0,99.0909090909091,11.433333333333332,77.45833333333333,0.0,11.399999999999999
2021-01-13,10.658333333333333,9.922114524722222,-3.178580026297207,0.9583333333333334,734.0,71.81818181818181,10.9625,76.75,0.0,12.600000000000001
2021-01-14,6.6875,-3.4826485834000587,-0.4111233326194968,0.125,685.0,26.818181818181817,11.354166666666666,78.625,0.0,14.0
2021-01-15,4.933333333333334,-2.293131114451693,-1.8234678171644711,0.0,742.0,30.454545454545453,12.291666666666666,82.375,0.0,11.5
2021-01-16,7.75,5.488582510624453,-4.546503456091567,0.9166666666666666,473.0,44.54545454545455,10.333333333333334,86.125,0.0,11.8
2021-01-17,11.404166666666667,-10.665675908868232,2.7579398245136404,0.0,664.0,111.81818181818181,11.470833333333333,83.20833333333333,0.0,12.3
2021-01-18,10.450000000000001,-8.984272199134374,-0.15087183166192628,0.0,548.0,164.54545454545453,13.408333333333333,86.20833333333333,3.0,7.799999999999999
2021-01-19,9.9625,8.347660340399802,-3.931730719120542,0.9583333333333334,726.0,82.27272727272727,14.6625,85.04166666666667,0.0,10.9
2021-01-20,14.9375,14.347252453338106,-3.707444945064894,1.0,707.0,195.9090909090909,14.258333333333333,83.41666666666667,0.0,10.000000000000002
2021-01-21,14.383333333333333,13.79416895168618,-2.7508953524981288,0.75,840.0,164.0909090909091,13.674999999999999,75.66666666666667,0.0,11.2
2021-01-22,9.741666666666667,-7.663328781849709,3.307153467306574,0.0,682.0,46.81818181818182,13.4125,75.91666666666667,0.0,13.799999999999999
2021-01-23,13.1,-9.909132293615112,8.13108721339931,0.0,811.0,119.0909090909091,14.25,76.70833333333333,0.0,12.1
2021-01-24,9.8375,7.271400646605634,-4.900717101729486,0.8333333333333334,924.0,111.81818181818181,13.141666666666666,78.66666666666667,0.0,10.2
2021-01-25,8.262500000000001,5.910964317858934,-3.9148228573232564,0.7916666666666666,1121.0,53.18181818181818,11.520833333333334,79.16666666666667,0.0,11.8
2021-01-26,9.5625,8.566253064337115,-3.119713994407757,0.8333333333333334,1111.0,54.54545454545455,11.762500000000001,76.625,0.0,11.100000000000001
2021-01-27,10.529166666666667,9.30296928259961,-4.1504187477909475,1.0,914.0,56.36363636363637,11.695833333333333,73.41666666666667,0.0,12.200000000000001
2021-01-28,8.616666666666667,5.420113094183591,-5.692200675873735,0.875,1014.0,32.27272727272727,10.85,75.25,0.0,12.500000000000002
2021-01-29,10.816666666666668,9.848477792693615,-3.254766795675296,0.7083333333333334,1066.0,63.18181818181818,11.745833333333332,72.08333333333333,0.0,12.7
2021-01-30,12.045833333333334,11.493103556840516,-2.5592668792935274,0.875,991.0,84.0909090909091,12.0375,67.16666666666667,0.0,12.600000000000001
2021-01-31,7.579166666666667,3.9103969072776827,-0.98515419084905,0.5,1000.0,28.181818181818183,12.512500000000001,65.625,0.0,15.2
2021-02-01,7.429166666666667,-0.2992399191944162,-1.3700770613046582,0.375,934.0,20.0,14.370833333333332,71.58333333333333,0.0,15.500000000000002
2021-02-02,6.458333333333333,1.058903817889801,-1.286957070022081,0.625,818.0,41.36363636363637,15.120833333333332,72.375,0.0,15.9
2021-02-03,12.354166666666666,-10.180957416917357,6.4151823892076045,0.0,840.0,84.0909090909091,17.195833333333333,72.29166666666667,0.1,11.899999999999999
2021-02-04,9.929166666666667,-4.530001629520577,-3.5019783075833124,0.2916666666666667,849.0,99.54545454545455,15.6,80.41666666666667,11.0,11.000000000000002
2021-02-05,8.808333333333334,4.687315567299341,-7.171015857960504,1.0,961.0,65.9090909090909,13.416666666666666,82.54166666666667,0.0,11.2
2021-02-06,11.583333333333334,8.849143174247,-6.798534755349759,1.0,1274.0,96.36363636363636,13.945833333333333,73.04166666666667,0.0,11.3
2021-02-07,12.775,11.079290603695535,-5.47443379319155,0.9166666666666666,1045.0,102.72727272727273,14.775,70.5,0.0,11.700000000000001
2021-02-08,8.329166666666667,7.259606980971653,-3.465701861732809,0.875,959.0,34.54545454545455,15.066666666666668,75.0,0.0,13.799999999999999
2021-02-09,9.154166666666667,5.636407052214431,-1.440329692810298,0.5,976.0,34.09090909090909,16.591666666666665,70.45833333333333,0.0,13.900000000000002
2021-02-10,7.3374999999999995,-0.7915700371424363,-1.2328630791097737,0.4583333333333333,1028.0,31.363636363636363,17.745833333333334,72.375,0.0,13.5
2021-02-11,7.5375000000000005,3.1347138359450573,-5.276045067708613,0.7916666666666666,1017.0,39.09090909090909,17.037499999999998,75.125,0.0,12.7
2021-02-12,6.966666666666666,4.668648269042493,-4.144708137305565,0.8333333333333334,865.0,32.72727272727273,17.195833333333333,76.54166666666667,0.0,13.400000000000002
2021-02-13,6.1375,1.5842239516204242,-4.276907329583917,0.6666666666666666,877.0,24.09090909090909,16.974999999999998,77.75,0.0,12.400000000000002
2021-02-14,5.925,-0.7147342191472835,-1.9519912480333208,0.2916666666666667,1235.0,23.636363636363637,18.2375,71.33333333333333,0.0,13.3
2021-02-15,6.6875,0.21245365239811123,-0.924146813782153,0.25,1455.0,20.0,18.970833333333335,67.91666666666667,0.0,14.9
2021-02-16,7.058333333333334,-0.7614906797132194,-5.299318608216295,0.4166666666666667,1691.0,34.54545454545455,18.791666666666668,70.41666666666667,0.0,14.7
2021-02-17,7.429166666666667,3.542595789242624,-6.2253841944695045,1.0,1580.0,31.818181818181817,18.087500000000002,71.29166666666667,0.0,14.0
2021-02-18,6.883333333333333,1.7262477134929155,-6.387590843515512,0.6666666666666666,1573.0,39.09090909090909,18.370833333333334,71.0,0.0,14.100000000000001
2021-02-19,7.9125000000000005,5.1985064423862,-5.61409482085877,1.0,1471.0,30.454545454545453,17.8875,74.25,0.0,14.4
2021-02-20,8.908333333333333,6.952171562814612,-4.935199400734985,0.9166666666666666,1399.0,40.0,17.983333333333334,69.125,0.0,14.099999999999998
2021-02-21,10.566666666666666,9.452482938963522,-4.343396423944063,1.0,1214.0,40.90909090909091,18.745833333333334,65.41666666666667,0.0,14.2
2021-02-22,10.6625,9.886870126955094,-3.1768518891808863,0.9166666666666666,1220.0,44.09090909090909,19.520833333333332,66.125,0.0,14.7
2021-02-23,8.125,5.803282474506951,-1.1291290931314142,0.5416666666666666,1495.0,27.727272727272727,21.504166666666666,55.875,0.0,16.5
2021-02-24,8.2125,5.314340419180717,-2.2804645309029046,0.5833333333333334,1415.0,22.272727272727273,22.0625,57.625,0.0,16.5
2021-02-25,9.445833333333333,8.491917093702233,-3.2374954335516493,0.9166666666666666,1697.0,40.45454545454545,22.558333333333334,58.916666666666664,0.0,16.6
2021-02-26,11.129166666666668,8.886977170764926,-0.3399957178673487,0.5833333333333334,2073.0,57.72727272727273,23.2375,56.291666666666664,0.0,15.399999999999999
2021-02-27,10.716666666666667,5.469044995238307,-1.4886534261777056,0.5416666666666666,1830.0,128.1818181818182,24.1375,42.458333333333336,0.0,11.399999999999999
2021-02-28,8.820833333333333,1.1516092165369058,-5.9203249554837045,0.5416666666666666,2591.0,77.27272727272727,22.245833333333334,49.25,0.0,13.0
2021-03-01,12.704166666666666,8.159850607595075,-8.721572652554677,0.9166666666666666,2055.0,92.72727272727273,20.400000000000002,45.958333333333336,0.0,13.2
2021-03-02,17.775000000000002,15.391535936229177,-8.820359843838602,1.0,1363.0,150.9090909090909,20.683333333333334,40.041666666666664,0.0,12.900000000000002
2021-03-03,12.408333333333333,9.99705662837922,-6.0382553289404335,0.9583333333333334,1287.0,89.0909090909091,22.3125,38.958333333333336,0.0,14.299999999999999
2021-03-04,5.558333333333334,-0.3607556359171386,-2.4737376900822965,0.3333333333333333,1508.0,18.636363636363637,23.675,44.458333333333336,0.0,16.2
2021-03-05,15.095833333333333,11.28720055950219,-8.8505127691349,0.9166666666666666,1819.0,90.0,22.65833333333333,44.833333333333336,0.0,14.200000000000001
2021-03-06,12.358333333333334,9.325420145420809,-5.463025553968502,0.8333333333333334,1206.0,94.54545454545455,22.65416666666667,42.75,0.0,15.3
2021-03-07,10.829166666666666,-8.948120561262055,4.61018429565485,0.0,1148.0,115.9090909090909,24.837500000000002,42.125,0.0,17.800000000000004
2021-03-08,14.9,-13.296507324695304,3.1149665303086294,0.0,1052.0,175.0,24.745833333333334,50.25,0.0,11.900000000000002
2021-03-09,7.245833333333334,-4.986421818326883,0.8607232985336776,0.125,1499.0,67.72727272727273,24.745833333333334,59.208333333333336,0.2,13.700000000000003
2021-03-10,7.995833333333334,2.038619709158681,-7.000045287144182,0.875,2023.0,39.09090909090909,23.883333333333336,61.458333333333336,0.1,12.600000000000001
2021-03-11,7.920833333333333,-4.0802864803600505,-2.6277455679449107,0.125,1912.0,31.363636363636363,24.787499999999998,52.5,0.0,16.0
2021-03-12,10.504166666666666,-8.359209147364604,2.6826522528114776,0.041666666666666664,1340.0,95.0,23.412499999999998,54.0,0.7,12.5
2021-03-13,6.779166666666666,3.0044347617879867,-4.115783562120236,0.75,1744.0,55.45454545454545,23.358333333333334,60.833333333333336,0.0,14.100000000000001
2021-03-14,10.5,7.9411922925909435,-6.027988634644314,1.0,1915.0,68.18181818181819,23.258333333333336,50.416666666666664,0.0,13.700000000000003
2021-03-15,11.404166666666667,9.508543172806078,-5.5451501504593,1.0,1626.0,62.72727272727273,24.129166666666666,50.708333333333336,0.0,14.099999999999998
2021-03-16,11.4375,9.302631941014011,-6.342447004893767,1.0,2101.0,61.81818181818182,24.45,46.75,0.0,14.999999999999996
2021-03-17,9.508333333333333,5.383288304938753,-6.06585030512889,0.875,2184.0,68.63636363636364,25.125,42.416666666666664,0.0,15.299999999999997
2021-03-18,7.7749999999999995,4.777663262104646,-2.1260324999961564,0.5416666666666666,1448.0,29.545454545454547,24.8,46.75,0.0,15.600000000000001
2021-03-19,8.433333333333334,6.5344665394128505,-0.7215129264519399,0.4583333333333333,2039.0,51.81818181818182,24.712500000000002,50.583333333333336,0.0,12.799999999999997
2021-03-20,11.529166666666667,9.117801972116265,-5.201183435883147,0.9166666666666666,2417.0,51.36363636363637,24.95,43.833333333333336,0.0,15.0
2021-03-21,9.679166666666667,2.167480247425611,-2.2083933572876764,0.25,2607.0,58.18181818181818,25.808333333333334,42.416666666666664,0.0,15.700000000000003
2021-03-22,11.6,-6.62286607525207,-1.9007643390009814,0.125,1469.0,50.90909090909091,25.025000000000002,48.083333333333336,0.0,14.399999999999999
2021-03-23,11.125,-3.8045667568409978,1.5101865722289285,0.041666666666666664,1391.0,64.0909090909091,24.704166666666666,48.75,0.5,12.099999999999998
2021-03-24,9.770833333333334,5.838323782596345,-6.314609953221596,0.9166666666666666,2639.0,100.0,24.40833333333333,43.5,0.0,14.3
2021-03-25,16.175,13.462432669293984,-8.418962862189245,1.0,1639.0,150.0,23.541666666666668,40.458333333333336,0.0,13.900000000000002
2021-03-26,13.779166666666667,12.000591687120147,-6.201479614489739,1.0,1433.0,97.72727272727273,23.650000000000002,46.333333333333336,0.0,14.7
2021-03-27,7.75,4.960253897757328,-2.967386221995287,0.5416666666666666,1683.0,35.45454545454545,25.604166666666668,45.583333333333336,0.0,15.099999999999998
2021-03-28,7.1625000000000005,2.16937102665122,-0.32549585371735307,0.4166666666666667,1643.0,45.0,27.920833333333334,43.25,0.0,16.799999999999997
2021-03-29,8.679166666666667,-3.3633263266417512,2.4339030359862996,0.125,2108.0,72.72727272727273,29.275000000000002,37.458333333333336,0.0,16.1
2021-03-30,19.175,15.434000860947597,-3.8205618198179603,0.5,2656.0,235.9090909090909,30.191666666666666,30.083333333333332,0.0,13.400000000000002
2021-03-31,20.6875,17.65815522374123,-10.64828030578857,1.0,2137.0,376.3636363636364,27.670833333333334,22.5,0.0,12.300000000000004
2021-04-01,21.295833333333334,18.348854100121088,-10.506259099514102,1.0,2213.0,271.8181818181818,26.175,15.625,0.0,14.600000000000001
2021-04-02,12.2125,8.804381944922111,-6.715656669248677,0.9583333333333334,2638.0,98.63636363636364,25.291666666666668,16.625,0.0,15.900000000000002
2021-04-03,8.85,2.9864616139799387,-6.619131357034608,0.5416666666666666,2199.0,98.63636363636364,25.1875,19.041666666666668,0.0,16.9
2021-04-04,10.858333333333334,6.949285343541862,-5.590563054419451,0.7916666666666666,1886.0,56.36363636363637,26.570833333333336,21.833333333333332,0.0,18.0
2021-04-05,10.387500000000001,-7.259351458423256,-1.5976812666961608,0.0,2275.0,42.72727272727273,29.400000000000002,25.916666666666668,0.0,18.5
2021-04-06,10.045833333333333,-7.679039771864115,0.9468922867323505,0.041666666666666664,1947.0,166.8181818181818,30.129166666666666,28.916666666666668,0.0,15.100000000000001
2021-04-07,11.520833333333334,4.488138188451049,-5.5625285244659395,0.7083333333333334,2733.0,159.0909090909091,28.683333333333334,30.583333333333332,0.0,14.100000000000001
2021-04-08,11.504166666666668,8.647688717062982,-6.509698590616149,1.0,2339.0,173.63636363636363,27.150000000000002,24.708333333333332,0.0,13.5
2021-04-09,11.095833333333333,4.1640245606924084,-9.56582894787462,0.7916666666666666,2910.0,85.45454545454545,26.954166666666666,21.416666666666668,0.0,16.699999999999996
2021-04-10,11.35,7.378455905143407,-7.024754711941994,0.8333333333333334,3691.0,72.72727272727273,28.25,18.291666666666668,0.0,16.800000000000004
2021-04-11,10.112499999999999,6.886514959477826,-6.09721548377346,1.0,4258.0,70.45454545454545,29.141666666666666,19.625,0.0,17.099999999999998
2021-04-12,9.516666666666667,4.517631833880056,-5.458541759601779,0.625,4527.0,50.45454545454545,29.925,19.416666666666668,0.0,17.2
2021-04-13,12.283333333333333,10.097274907614763,-5.016697454982739,0.875,4229.0,75.0,30.320833333333336,21.625,0.0,15.899999999999999
2021-04-14,13.554166666666667,10.595684911083405,-3.818681387153093,0.625,3264.0,95.45454545454545,30.645833333333332,22.041666666666668,0.0,16.799999999999997
2021-04-15,10.754166666666668,9.161955335181998,-3.1727072000471517,0.8333333333333334,4466.0,60.90909090909091,31.008333333333336,19.0,0.0,15.799999999999997
2021-04-16,10.7125,3.6597633301466086,0.8445585646626858,0.2916666666666667,4197.0,62.72727272727273,29.454166666666666,32.958333333333336,2.6,16.199999999999996
2021-04-17,10.095833333333333,5.820759749554319,-4.460602440426835,0.6666666666666666,3072.0,65.9090909090909,27.491666666666664,44.291666666666664,0.0,14.500000000000004
2021-04-18,8.345833333333333,3.8435091153473038,-5.194843028680188,0.7083333333333334,2916.0,74.54545454545455,28.900000000000002,29.041666666666668,0.0,13.999999999999996
2021-04-19,11.237499999999999,7.701905475057656,-6.928996131783131,0.9166666666666666,3628.0,47.27272727272727,29.4875,28.875,0.0,15.700000000000003
2021-04-20,15.366666666666667,-3.206812796921928,-11.377103359092784,0.375,2289.0,155.9090909090909,27.733333333333334,28.833333333333332,0.0,11.5
2021-04-21,13.487499999999999,6.475455674002109,0.37173505606490415,0.5,2121.0,164.54545454545453,26.258333333333336,40.541666666666664,0.0,12.899999999999999
2021-04-22,8.6875,-4.153886504430845,-1.2857394613088295,0.3333333333333333,2491.0,196.8181818181818,26.545833333333334,42.5,0.0,13.2
2021-04-23,17.5,-9.336716769574652,3.3596680906166654,0.0,1785.0,346.8181818181818,27.741666666666664,35.208333333333336,0.0,11.799999999999997
2021-04-24,12.987499999999999,6.116941748723938,-10.77370547196625,0.9166666666666666,2030.0,211.8181818181818,26.516666666666666,35.625,0.0,14.700000000000003
2021-04-25,13.779166666666667,8.983492726399104,-9.807467428544342,1.0,2088.0,117.27272727272727,28.724999999999998,27.125,0.0,15.600000000000001
2021-04-26,9.308333333333334,7.286836338068316,-4.062147047722445,0.7916666666666666,2578.0,44.54545454545455,30.05,23.875,0.0,17.9
2021-04-27,9.708333333333334,7.146836928938889,-5.146112796187645,0.875,3969.0,69.0909090909091,32.80833333333333,21.708333333333332,0.0,17.6
2021-04-28,10.770833333333334,8.247685849034848,-4.299894521775802,0.8333333333333334,4704.0,65.0,33.85,19.333333333333332,0.0,17.2
2021-04-29,11.0875,4.781115541556199,-5.415454335213063,0.6666666666666666,4440.0,45.45454545454545,33.3375,21.041666666666668,0.0,15.200000000000003
2021-04-30,9.262500000000001,-4.749907215900843,-1.5662985364793762,0.041666666666666664,3381.0,58.18181818181818,32.22083333333333,27.833333333333332,0.0,15.000000000000004
2021-05-01,9.0875,-2.3421107954362106,2.660625474986934,0.0,3289.0,44.09090909090909,32.229166666666664,29.875,0.0,14.5
2021-05-02,7.891666666666667,-3.7406847321550862,4.480669813242176,0.041666666666666664,1771.0,59.54545454545455,31.96666666666667,30.166666666666668,0.0,12.799999999999997
2021-05-03,8.275,3.8122057393828843,-1.373845748370207,0.5,2828.0,47.72727272727273,31.741666666666664,30.708333333333332,0.0,11.7
2021-05-04,9.674999999999999,-1.0812023986329022,0.4379640998456055,0.125,2842.0,141.8181818181818,32.81666666666667,29.916666666666668,0.0,13.899999999999999
2021-05-05,12.7875,-8.728914100804856,0.6294635601804147,0.041666666666666664,2706.0,200.0,31.520833333333332,39.125,0.3,12.5
2021-05-06,14.416666666666666,-9.328399297005545,-0.6904784107156182,0.08333333333333333,2067.0,219.54545454545453,29.27916666666667,52.625,6.1,14.700000000000003
2021-05-07,8.283333333333333,-6.21383335803615,-2.4735005395196863,0.08333333333333333,2382.0,115.45454545454545,28.28333333333333,56.0,4.1,14.500000000000004
2021-05-08,7.3374999999999995,-3.0679750050991434,-3.622273491831862,0.20833333333333334,2929.0,72.72727272727273,31.087500000000002,38.875,0.0,13.799999999999997
2021-05-09,8.341666666666667,-4.363693054221443,3.06469848010456,0.125,2063.0,125.0,31.079166666666666,39.708333333333336,0.0,12.7
2021-05-10,10.108333333333333,-6.312899098055226,2.4665610505890867,0.125,1975.0,95.45454545454545,30.554166666666664,42.0,0.4,11.200000000000003
2021-05-11,11.262500000000001,-6.105788775889873,2.2961640260437446,0.041666666666666664,2419.0,159.54545454545453,31.28333333333333,40.666666666666664,0.1,13.299999999999997
2021-05-12,11.604166666666666,-7.84379054431782,1.447578856241507,0.125,1765.0,55.90909090909091,29.833333333333332,45.291666666666664,0.4,11.099999999999998
2021-05-13,13.3375,-11.152721144346451,0.241507962071143,0.0,1808.0,236.36363636363637,27.370833333333334,58.333333333333336,1.5000000000000002,9.399999999999999
2021-05-14,8.833333333333334,-5.633193773832466,-1.9170201673794283,0.125,2513.0,131.8181818181818,29.599999999999998,46.791666666666664,0.0,13.8
2021-05-15,6.745833333333334,-3.6538679940613807,-1.541953648636876,0.041666666666666664,2737.0,57.72727272727273,30.229166666666668,41.125,0.0,11.000000000000004
2021-05-16,7.220833333333332,-4.492140086209009,-3.5304328841340014,0.08333333333333333,2702.0,48.63636363636363,31.675,37.375,0.0,14.8
2021-05-17,7.2250000000000005,0.97711194950705,2.7597022539672964,0.3333333333333333,2421.0,160.45454545454547,32.362500000000004,34.625,0.0,10.699999999999996
2021-05-18,10.487499999999999,2.1648855249148076,9.512789122117765,0.08333333333333333,561.0,312.27272727272725,27.125,53.916666666666664,1.1,5.299999999999997
2021-05-19,13.725000000000001,-9.759219798374529,-4.8255396862882876,0.0,613.0,434.54545454545456,21.712500000000002,87.25,98.7,3.5
2021-05-20,15.183333333333335,-0.2149115293307168,-10.94982526703068,0.625,1231.0,355.45454545454544,24.245833333333334,76.70833333333333,31.5,8.900000000000002
2021-05-21,9.825000000000001,-8.263344602579197,3.29441150933447,0.0,1325.0,115.45454545454545,26.125,76.16666666666667,2.3000000000000003,10.8
2021-05-22,6.570833333333333,-0.6195520835304636,4.114478887128838,0.0,1623.0,73.63636363636364,28.566666666666666,65.625,0.0,9.599999999999998
2021-05-23,10.145833333333334,8.683303833787933,-1.1773929538315764,0.5833333333333334,1455.0,212.27272727272728,28.46666666666667,55.875,0.0,11.099999999999998
2021-05-24,15.5875,13.427938397932158,-7.250979159110148,1.0,2002.0,135.0,28.8125,41.541666666666664,0.0,12.400000000000002
2021-05-25,14.795833333333333,9.098649598862053,-11.185531306862487,1.0,1627.0,159.54545454545453,30.108333333333334,35.458333333333336,0.0,12.200000000000003
2021-05-26,8.179166666666667,5.408313973667845,-4.408472633629227,0.8333333333333334,2151.0,41.81818181818182,30.175,35.5,0.0,13.899999999999999
2021-05-27,6.766666666666667,-0.6437542661347545,-0.5779275488560678,0.4166666666666667,1942.0,79.54545454545455,30.1875,43.875,0.0,14.700000000000003
2021-05-28,13.200000000000001,-8.422588034039686,9.009711938719207,0.0,1198.0,285.90909090909093,30.383333333333336,59.083333333333336,0.0,12.200000000000003
2021-05-29,16.895833333333332,-11.424603956869355,11.481235558165928,0.0,1400.0,402.27272727272725,31.129166666666666,55.541666666666664,0.0,10.900000000000002
2021-05-30,11.8125,-7.296052231657499,6.097184500140698,0.041666666666666664,1496.0,311.3636363636364,30.34583333333333,63.0,0.7,10.7
2021-05-31,8.154166666666667,-3.835385831627466,4.616900701170357,0.0,1938.0,68.18181818181819,31.645833333333332,59.458333333333336,0.1,10.499999999999996
2021-06-01,8.674999999999999,-4.133008148577187,2.0428982845497976,0.125,966.0,153.1818181818182,28.979166666666668,65.5,0.5,11.799999999999997
2021-06-02,6.120833333333334,1.4973614425479063,-1.4590008640303045,0.4583333333333333,1710.0,34.54545454545455,29.320833333333336,64.25,5.4,11.299999999999997
2021-06-03,5.854166666666667,-4.405504173816922,-1.7400466924661784,0.125,2142.0,56.36363636363637,30.34583333333333,58.75,0.0,10.099999999999998
2021-06-04,6.045833333333333,-2.5984148068978326,-4.095177819269403,0.2916666666666667,2397.0,120.0,30.40833333333333,62.083333333333336,0.0,10.8
2021-06-05,9.020833333333334,-3.494224609431734,2.0731221124888317,0.041666666666666664,1640.0,85.45454545454545,30.895833333333332,59.458333333333336,0.1,10.499999999999996
2021-06-06,8.054166666666667,6.220853793122957,-0.6304802170908865,0.625,2245.0,110.9090909090909,31.895833333333332,51.625,0.0,11.600000000000001
2021-06-07,7.820833333333333,1.419066308513299,-3.4504736852635944,0.5,2792.0,40.0,32.6875,50.333333333333336,0.0,12.400000000000002
2021-06-08,15.5875,14.425895139106087,-1.5728127312453521,0.5833333333333334,2875.0,142.72727272727272,35.07083333333333,38.75,0.0,11.899999999999999
2021-06-09,15.991666666666667,11.684153236792865,-0.45398214710772195,0.4166666666666667,2689.0,231.36363636363637,35.983333333333334,37.875,0.0,10.099999999999998
2021-06-10,15.7875,-14.266588779597024,4.012249357937342,0.0,1224.0,284.54545454545456,32.983333333333334,58.25,0.0,8.3
2021-06-11,12.483333333333334,-11.354357963477634,2.049197119066275,0.041666666666666664,1843.0,397.72727272727275,32.170833333333334,59.291666666666664,0.0,9.899999999999999
2021-06-12,16.016666666666666,-14.123179761485543,6.340964121058112,0.0,1610.0,455.90909090909093,32.40416666666667,58.875,0.0,9.099999999999998
2021-06-13,8.054166666666667,-6.793415664716483,2.0017872959179477,0.041666666666666664,1427.0,330.90909090909093,30.758333333333336,67.16666666666667,7.199999999999999,11.200000000000003
2021-06-14,7.908333333333334,-6.407663086403525,1.0938351937616544,0.0,1863.0,211.36363636363637,31.366666666666664,60.625,0.0,10.3
2021-06-15,9.016666666666667,4.124516160029042,2.7094854584919648,0.25,1973.0,213.1818181818182,30.650000000000002,63.916666666666664,4.2,10.499999999999996
2021-06-16,8.604166666666666,-4.452976695901372,0.40798911288934353,0.041666666666666664,1015.0,263.6363636363636,29.474999999999998,71.875,2.3,9.699999999999996
2021-06-17,9.154166666666667,-7.9806472121015135,-1.9971159999256949,0.0,1608.0,227.27272727272728,30.008333333333336,68.375,0.1,8.7
2021-06-18,12.004166666666668,-11.669139855581598,0.5222932332871635,0.0,1245.0,364.09090909090907,29.329166666666666,69.5,0.7000000000000001,7.900000000000002
2021-06-19,11.608333333333334,-9.039631719485003,-5.68592085496048,0.0,1141.0,331.8181818181818,28.479166666666668,72.29166666666667,0.2,8.199999999999996
2021-06-20,8.833333333333334,-7.340788142661001,-3.681932283423625,0.0,1087.0,243.63636363636363,28.875,73.41666666666667,1.1,8.099999999999998
2021-06-21,8.720833333333333,-3.4242500894996333,-4.325666025759225,0.3333333333333333,1666.0,114.54545454545455,30.712500000000002,64.375,0.1,10.900000000000002
2021-06-22,8.725,6.017402718639436,-2.106308047988041,0.4583333333333333,2300.0,56.81818181818182,33.50416666666667,47.875,0.0,10.800000000000004
2021-06-23,7.658333333333334,-4.211669806208556,0.3903367507744162,0.16666666666666666,2381.0,126.81818181818181,34.416666666666664,43.375,0.0,11.400000000000002
2021-06-24,10.591666666666667,-6.320150235137725,4.057983057885635,0.08333333333333333,1856.0,294.09090909090907,32.5,58.458333333333336,0.0,10.3
2021-06-25,8.770833333333334,0.8878739460570405,1.1724771920875,0.2916666666666667,2186.0,151.8181818181818,32.50833333333333,58.5,1.6,11.300000000000004
2021-06-26,5.858333333333333,-3.768373975924606,0.07878910073141727,0.08333333333333333,1853.0,196.8181818181818,32.041666666666664,57.0,0.0,11.199999999999996
2021-06-27,9.066666666666666,-5.299622142372423,2.361015102273757,0.08333333333333333,2054.0,200.0,33.47083333333333,54.0,0.0,9.900000000000002
2021-06-28,7.25,-3.936415132007303,0.035694764062011775,0.25,2269.0,154.0909090909091,34.329166666666666,48.916666666666664,0.0,11.299999999999997
2021-06-29,11.458333333333334,7.809176371931058,-0.48397754114507263,0.5833333333333334,2800.0,120.9090909090909,36.175000000000004,37.833333333333336,0.0,12.899999999999999
2021-06-30,18.474999999999998,17.799864392807546,-1.3336559172721234,0.5833333333333334,3074.0,184.54545454545453,36.94583333333333,29.791666666666668,0.0,13.099999999999998
2021-07-01,16.604166666666668,14.953045656309067,3.9842158315672163,0.125,2586.0,564.0909090909091,37.045833333333334,33.041666666666664,0.0,9.599999999999994
2021-07-02,14.7875,12.749064749899349,2.063425226959654,0.4166666666666667,2538.0,432.72727272727275,35.525,42.0,0.1,10.000000000000004
2021-07-03,10.854166666666666,7.407220729802518,1.9854231434170304,0.20833333333333334,2256.0,273.1818181818182,33.324999999999996,50.25,0.0,9.7
2021-07-04,7.858333333333333,5.612275400102242,0.3426830441432203,0.3333333333333333,2336.0,108.63636363636364,34.199999999999996,48.333333333333336,0.0,11.699999999999996
2021-07-05,8.295833333333333,5.450174451159057,-4.454429691134329,0.75,2509.0,189.54545454545453,34.708333333333336,45.625,0.0,10.099999999999998
2021-07-06,11.858333333333334,10.725223382473954,-4.270786598937368,1.0,2262.0,250.45454545454547,35.24583333333333,44.625,0.0,10.299999999999997
2021-07-07,11.1875,10.513920464711008,-2.41249120153363,0.6666666666666666,2694.0,95.9090909090909,36.233333333333334,39.75,0.0,10.0
2021-07-08,13.241666666666667,5.4333419812513,-2.7785085247559898,0.5833333333333334,2468.0,378.1818181818182,36.020833333333336,39.125,0.0,8.0
2021-07-09,13.375,-12.464419245140336,1.2793958284830913,0.0,1557.0,478.1818181818182,33.18333333333333,57.708333333333336,0.2,10.3
2021-07-10,10.691666666666668,-9.496109417932393,2.8446274392299937,0.0,1626.0,415.45454545454544,33.583333333333336,57.5,1.2,8.400000000000002
2021-07-11,17.5125,-16.571672742641915,5.289673909582845,0.0,1559.0,591.8181818181819,32.15416666666667,64.45833333333333,2.0,7.5
2021-07-12,18.604166666666668,-17.134385657722763,7.062519661730712,0.0,1297.0,754.0909090909091,30.516666666666666,69.20833333333333,4.8999999999999995,6.0
2021-07-13,11.6875,-10.720385243772945,0.16489688385594237,0.0,604.0,396.3636363636364,29.991666666666664,76.29166666666667,5.3,6.800000000000001
2021-07-14,11.108333333333334,-9.555064437250827,-4.382618476264798,0.0,536.0,303.6363636363636,29.333333333333332,81.0,9.4,6.100000000000001
2021-07-15,11.729166666666666,-11.019617788256236,-1.9092418951190826,0.0,1082.0,410.90909090909093,30.71666666666667,75.125,2.5,7.200000000000003
2021-07-16,10.887500000000001,-10.37268788285907,0.5709363098173689,0.0,1284.0,346.3636363636364,31.0125,74.375,3.8,7.200000000000003
2021-07-17,7.358333333333333,-2.237785099538337,2.4559919710653095,0.25,1547.0,244.0909090909091,32.708333333333336,67.08333333333333,0.7,8.299999999999997
2021-07-18,8.779166666666667,1.667470448471071,5.285714416812355,0.041666666666666664,762.0,238.63636363636363,30.2,80.875,24.900000000000002,7.099999999999998
2021-07-19,6.7749999999999995,-1.9062184988651516,3.462801438870704,0.0,232.0,215.9090909090909,26.3,95.83333333333333,122.7,1.1999999999999993
2021-07-20,3.920833333333334,-0.5233711006778964,0.8785419140862062,0.125,652.0,132.27272727272728,27.775000000000002,87.70833333333333,27.3,4.800000000000001
2021-07-21,6.683333333333334,-1.965588871553846,-0.33285203129021756,0.2916666666666667,758.0,120.0,28.795833333333334,84.91666666666667,5.3,6.800000000000001
2021-07-22,9.066666666666666,-8.315704379350446,-0.746290190954003,0.0,715.0,221.36363636363637,28.041666666666668,87.08333333333333,5.1000000000000005,4.800000000000001
2021-07-23,9.141666666666667,-8.340149916534768,3.222032052447959,0.0,772.0,167.72727272727272,28.895833333333332,85.04166666666667,5.8,5.700000000000003
2021-07-24,5.854166666666667,-4.980131240488746,2.0426474265277275,0.0,1159.0,55.90909090909091,30.2375,81.66666666666667,0.7,7.099999999999998
2021-07-25,7.779166666666666,-6.719271927481469,3.281627060414166,0.0,1112.0,125.45454545454545,30.90833333333333,77.54166666666667,0.0,6.899999999999999
2021-07-26,8.279166666666667,-7.0097813639649,3.2641646392861325,0.0,425.0,265.90909090909093,29.008333333333336,84.91666666666667,4.9,2.8000000000000007
2021-07-27,8.15,6.699137317265595,0.7219186427931578,0.25,579.0,120.9090909090909,28.233333333333334,88.875,14.1,4.5
2021-07-28,8.174999999999999,6.786515946912594,-1.8474599850450257,0.5416666666666666,417.0,201.36363636363637,27.170833333333334,90.16666666666667,18.7,2.8999999999999986
2021-07-29,5.945833333333333,3.937027862305913,-1.876573472714467,0.5833333333333334,528.0,100.9090909090909,27.379166666666666,88.45833333333333,8.200000000000001,4.300000000000001
2021-07-30,7.375,-6.975042141845651,0.08436176195246786,0.0,362.0,150.45454545454547,27.325,88.95833333333333,11.0,4.699999999999999
2021-07-31,9.279166666666667,-9.10425646675578,0.20501093249734578,0.0,798.0,275.90909090909093,28.212500000000002,86.54166666666667,3.3000000000000003,6.300000000000001
2021-08-01,6.2124999999999995,0.935047891898035,1.2379305899784587,0.4166666666666667,764.0,56.36363636363637,29.120833333333334,82.91666666666667,0.9,5.5
2021-08-02,5.854166666666667,-3.6528416485279838,-0.7190960780764373,0.20833333333333334,817.0,110.9090909090909,27.758333333333336,88.33333333333333,25.7,4.300000000000001
2021-08-03,10.987499999999999,-8.565547685138364,-6.31595595264044,0.0,1027.0,328.1818181818182,28.620833333333334,84.875,8.2,5.699999999999999
2021-08-04,11.854166666666666,-11.302423956426777,-2.6839144493380878,0.0,964.0,283.1818181818182,28.75,78.25,0.0,6.200000000000003
2021-08-05,5.7124999999999995,-5.341693909469188,-0.6737771892877057,0.0,1050.0,109.54545454545455,29.175,78.95833333333333,0.3,7.099999999999998
2021-08-06,4.566666666666666,-2.7738020375252765,-1.0980090612888977,0.08333333333333333,1118.0,41.81818181818182,29.683333333333334,81.125,2.0,7.099999999999998
2021-08-07,3.8791666666666664,-3.107722811940894,0.3703412980525986,0.0,503.0,80.9090909090909,28.77916666666667,86.70833333333333,8.5,4.5
2021-08-08,4.45,-2.5340772682745585,0.6839557470707059,0.08333333333333333,716.0,112.27272727272727,28.27916666666667,88.66666666666667,17.099999999999998,5.0
2021-08-09,5.3,-2.865630902091464,1.442244507035503,0.0,849.0,134.0909090909091,28.208333333333332,87.33333333333333,3.2,4.5
2021-08-10,10.258333333333333,8.688705893264883,0.7254416624790642,0.375,1478.0,80.0,29.895833333333332,76.91666666666667,0.7000000000000001,8.100000000000001
2021-08-11,15.85,14.83155910352495,2.2574352522911227,0.3333333333333333,1275.0,463.6363636363636,30.520833333333332,64.25,0.0,6.900000000000002
2021-08-12,12.75,11.74106279933475,2.57123020410498,0.25,1407.0,271.8181818181818,30.25,66.0,0.0,7.800000000000001
2021-08-13,12.516666666666666,10.778344396653038,3.5804144602893153,0.2916666666666667,1355.0,348.1818181818182,30.604166666666668,64.66666666666667,0.0,8.100000000000001
2021-08-14,14.020833333333334,11.899699499427976,2.3935996333440737,0.3333333333333333,1390.0,354.09090909090907,30.629166666666666,63.458333333333336,0.0,7.699999999999999
2021-08-15,10.3375,8.698973245739177,1.1321061131548933,0.4583333333333333,1500.0,196.36363636363637,30.429166666666664,63.875,0.0,7.9999999999999964
2021-08-16,7.908333333333334,4.39478434134793,-0.1117766715389027,0.375,1473.0,117.27272727272727,30.433333333333334,65.75,0.0,8.400000000000002
2021-08-17,7.4750000000000005,1.9953054728383108,-2.207754843210618,0.375,1592.0,41.36363636363637,31.2,65.625,0.0,8.5
2021-08-18,6.220833333333334,0.7286071568430844,-3.2052051960809638,0.5,1489.0,31.363636363636363,31.22083333333333,66.54166666666667,0.0,8.699999999999996
2021-08-19,7.0375000000000005,-4.608700184395186,-1.4114567201041828,0.041666666666666664,1176.0,79.0909090909091,30.837500000000002,73.83333333333333,0.5,6.900000000000002
2021-08-20,12.045833333333334,-11.134996972536735,2.225271385639947,0.0,444.0,313.6363636363636,27.854166666666668,86.54166666666667,2.0,2.900000000000002
2021-08-21,11.720833333333333,-11.142225497955666,2.56734876482445,0.0,662.0,393.6363636363636,26.708333333333332,91.0,30.3,4.100000000000001
2021-08-22,9.354166666666666,-8.188008222760514,3.930675803799076,0.0,892.0,276.8181818181818,27.616666666666664,88.375,9.8,6.200000000000003
2021-08-23,5.845833333333334,0.5985380532923791,3.946140066356065,0.0,956.0,60.90909090909091,28.504166666666666,86.70833333333333,5.9,5.700000000000003
2021-08-24,4.691666666666667,0.7699109584452078,2.6010403045540156,0.08333333333333333,891.0,48.18181818181818,29.0,87.08333333333333,2.1,5.5
2021-08-25,15.233333333333334,14.258764658039278,0.29806411523819165,0.5833333333333334,1315.0,170.9090909090909,30.416666666666668,68.29166666666667,0.0,6.399999999999999
2021-08-26,14.729166666666666,14.065650616654295,1.2514837818477518,0.2916666666666667,1283.0,340.0,29.729166666666668,66.95833333333333,0.0,6.4999999999999964
2021-08-27,10.183333333333334,5.452409812527674,5.892207571193286,0.0,1332.0,245.9090909090909,29.670833333333334,66.83333333333333,0.0,8.2
2021-08-28,7.0874999999999995,-1.3131341316621694,1.801467862737374,0.2916666666666667,1088.0,180.9090909090909,29.395833333333332,74.25,0.0,6.799999999999997
2021-08-29,7.8374999999999995,-6.751333490869901,2.709765953925325,0.041666666666666664,652.0,198.63636363636363,28.59166666666667,84.875,1.3,6.399999999999999
2021-08-30,10.8125,-10.334697326335418,1.2696472049986616,0.0,914.0,335.90909090909093,27.454166666666666,85.70833333333333,1.2000000000000002,5.600000000000001
2021-08-31,11.299999999999999,-10.818917512666905,1.2655221739269855,0.0,455.0,347.27272727272725,27.008333333333336,86.91666666666667,5.3,6.300000000000001
2021-09-01,9.1625,-8.152167879087491,-2.4653623299776584,0.0,372.0,248.1818181818182,26.40416666666667,90.16666666666667,10.7,5.600000000000001
2021-09-02,6.0,-4.531793810912834,0.07001567959398662,0.08333333333333333,860.0,87.72727272727273,27.804166666666664,87.41666666666667,1.2000000000000002,7.099999999999998
2021-09-03,6.75,-2.9999062967817207,2.6316251663665393,0.125,703.0,76.36363636363636,27.162499999999998,89.125,11.3,5.599999999999998
2021-09-04,4.6000000000000005,-1.2139486651121525,2.5629607494515283,0.16666666666666666,723.0,60.0,27.370833333333334,88.125,14.7,5.700000000000003
2021-09-05,4.654166666666667,0.41639510530455714,2.3165811982645708,0.041666666666666664,727.0,59.09090909090909,28.21666666666667,85.75,3.8000000000000003,6.400000000000002
2021-09-06,4.8625,-2.1829765954455866,2.8038644968883695,0.041666666666666664,1098.0,39.09090909090909,29.066666666666666,84.375,4.1,6.100000000000001
2021-09-07,11.116666666666667,-10.440545941590322,-0.9533658149752638,0.0,764.0,244.0909090909091,28.0125,88.04166666666667,7.6000000000000005,4.800000000000001
2021-09-08,17.316666666666666,-16.90224100011793,3.077102040049835,0.0,835.0,651.3636363636364,28.045833333333334,80.125,2.3,4.599999999999998
2021-09-09,11.450000000000001,-11.319522176745325,0.9653734076250302,0.0,796.0,299.54545454545456,27.7,83.75,4.4,6.0
2021-09-10,14.341666666666667,-14.089715842933343,1.331342913868415,0.0,932.0,461.8181818181818,26.84583333333333,88.16666666666667,16.6,5.200000000000003
2021-09-11,17.016666666666666,-16.380591775059653,3.86889761263629,0.0,709.0,445.0,25.891666666666666,90.79166666666667,15.3,4.800000000000001
2021-09-12,8.533333333333333,-6.056704657552626,0.5044198961448583,0.0,951.0,301.3636363636364,26.479166666666668,90.75,6.4,4.699999999999999
2021-09-13,6.2625,-5.604729912656782,-2.3639915800140674,0.0,577.0,95.9090909090909,27.666666666666668,87.91666666666667,7.8,6.0
2021-09-14,9.8375,-7.0767612609803185,-6.515680960211938,0.0,1190.0,148.63636363636363,27.962500000000002,83.54166666666667,0.3,5.5
2021-09-15,10.549999999999999,-8.849276155707097,-1.2180645718966352,0.08333333333333333,666.0,283.6363636363636,28.4375,76.58333333333333,0.0,6.600000000000001
2021-09-16,13.275,-4.924485447928883,-7.263576431080051,0.4166666666666667,903.0,219.0909090909091,27.954166666666666,77.29166666666667,4.1,7.5000000000000036
2021-09-17,15.895833333333334,-10.544855282239519,-9.492921347004726,0.041666666666666664,821.0,311.8181818181818,26.808333333333334,75.5,1.5,5.600000000000001
2021-09-18,12.5875,-11.865343396667887,-2.4709346519207194,0.0,983.0,318.6363636363636,27.3875,80.125,0.1,6.600000000000001
2021-09-19,9.487499999999999,-8.26391666488879,3.245615429511432,0.0,910.0,134.0909090909091,28.150000000000002,80.75,0.30000000000000004,6.5
2021-09-20,7.7,-6.136828270101419,4.099657122116914,0.0,884.0,65.9090909090909,28.325,81.08333333333333,0.7000000000000001,7.200000000000003
2021-09-21,8.541666666666666,-6.896945372579853,4.600437921996378,0.0,776.0,135.45454545454547,28.016666666666666,82.95833333333333,1.7000000000000002,5.199999999999999
2021-09-22,10.241666666666667,-7.959032615044577,3.8380131711761343,0.0,482.0,239.54545454545453,26.45,90.0,17.3,5.300000000000001
2021-09-23,9.641666666666667,-8.50556666453118,0.4912900794335336,0.0,929.0,209.54545454545453,26.670833333333334,88.54166666666667,6.3999999999999995,4.899999999999999
2021-09-24,8.554166666666667,-7.799849234336623,-2.6233112438886126,0.0,493.0,189.0909090909091,26.974999999999998,84.75,2.1,6.099999999999998
2021-09-25,6.95,-5.559279245905632,-2.852612117649947,0.0,975.0,195.45454545454547,27.208333333333332,85.66666666666667,2.1,6.300000000000001
2021-09-26,9.308333333333334,-9.1730015150068,-0.8887366124791697,0.0,727.0,208.63636363636363,26.829166666666666,85.29166666666667,1.5,6.399999999999999
2021-09-27,5.733333333333333,-5.170162520291144,-1.7188268665847621,0.0,981.0,71.36363636363636,28.150000000000002,81.04166666666667,0.2,7.399999999999999
2021-09-28,10.275,-9.9508714633501,-0.31074764204495475,0.0,1004.0,130.45454545454547,28.162499999999998,81.70833333333333,1.7,6.399999999999999
2021-09-29,11.791666666666666,-11.35279579990389,2.4041475592058985,0.0,987.0,278.6363636363636,28.179166666666664,79.83333333333333,0.2,6.300000000000001
2021-09-30,6.470833333333334,-5.617561146613732,2.2268970380674515,0.0,799.0,121.81818181818181,28.258333333333336,81.79166666666667,0.7000000000000001,6.199999999999999
2021-10-01,3.795833333333333,0.4932355527769469,0.4765425411064617,0.20833333333333334,984.0,36.81818181818182,28.604166666666668,82.125,0.2,7.0000000000000036
2021-10-02,7.566666666666666,6.834554614425958,-1.5608373442303838,0.6666666666666666,1032.0,58.63636363636363,28.954166666666666,76.875,0.2,7.399999999999999
2021-10-03,10.141666666666667,9.491318931128783,-0.7846300645924451,0.5,1054.0,87.27272727272727,29.104166666666668,73.95833333333333,0.0,7.699999999999999
2021-10-04,7.2,4.989538470044319,1.9369512711997583,0.25,1192.0,88.63636363636364,28.954166666666666,70.25,0.1,6.9999999999999964
2021-10-05,5.070833333333334,-2.7795483212087984,-0.4899991407812132,0.2916666666666667,1209.0,46.36363636363637,28.40416666666667,76.79166666666667,2.3,7.600000000000001
2021-10-06,5.845833333333334,2.4850829366731606,-3.653007944908348,0.625,1174.0,60.90909090909091,28.40833333333333,75.41666666666667,0.1,6.899999999999999
2021-10-07,8.383333333333333,6.584989090781519,-3.6119212687953777,0.9166666666666666,1390.0,58.18181818181818,27.287499999999998,71.25,0.0,9.2
2021-10-08,8.666666666666666,6.620075558883452,-1.706198566393793,0.5,1573.0,34.09090909090909,27.90416666666667,66.08333333333333,0.0,9.900000000000002
2021-10-09,8.520833333333334,6.546613238652537,-0.6212496140851673,0.5416666666666666,1287.0,32.27272727272727,28.53333333333333,61.583333333333336,0.0,11.0
2021-10-10,7.095833333333332,4.000137544154642,1.873886413681969,0.16666666666666666,1071.0,29.09090909090909,28.304166666666664,62.833333333333336,0.0,12.799999999999997
2021-10-11,7.449999999999999,1.9454277019445412,2.999036277487667,0.25,830.0,35.0,28.0,60.541666666666664,0.0,12.500000000000004
2021-10-12,7.516666666666667,3.21865887933397,-0.7088793327879518,0.4583333333333333,916.0,33.63636363636363,27.870833333333334,57.666666666666664,0.0,11.8
2021-10-13,10.762500000000001,8.292398854009544,-6.641351217606277,1.0,1322.0,74.0909090909091,26.45,54.25,0.0,11.499999999999996
2021-10-14,11.1,9.314598220740292,-5.448369306439562,1.0,995.0,67.27272727272727,25.275000000000002,54.0,0.0,12.399999999999999
2021-10-15,9.504166666666666,7.633980705753671,-4.942762130902122,1.0,748.0,50.90909090909091,25.854166666666668,53.333333333333336,0.0,13.5
2021-10-16,6.520833333333333,-1.9331112131310484,-2.4577899548286823,0.4166666666666667,837.0,20.90909090909091,27.041666666666668,62.25,0.0,12.600000000000001
2021-10-17,10.708333333333334,-9.540366745152038,-2.224060165257123,0.0,688.0,125.45454545454545,26.3875,76.75,3.3,8.0
2021-10-18,10.395833333333334,-3.9260952907223987,-7.811082957097807,0.3333333333333333,495.0,182.27272727272728,22.47083333333333,92.95833333333333,27.400000000000002,2.8000000000000007
2021-10-19,12.65,10.203348199681349,-6.20180248746055,0.8333333333333334,1200.0,173.63636363636363,23.8125,79.70833333333333,0.0,9.599999999999998
2021-10-20,10.516666666666667,9.781570145622357,-1.2376986373808374,0.4583333333333333,1306.0,63.18181818181818,24.3875,69.79166666666667,0.0,10.8
2021-10-21,13.387500000000001,13.097369433405204,-0.25565664801586985,0.5833333333333334,859.0,70.45454545454545,23.34583333333333,60.875,0.0,11.400000000000002
2021-10-22,13.354166666666666,10.480092285325318,0.6082964549505803,0.375,961.0,132.27272727272728,23.895833333333332,61.458333333333336,0.0,10.100000000000001
2021-10-23,7.7875000000000005,-0.6340456647754197,6.424171740605451,0.0,1285.0,93.18181818181819,23.941666666666666,64.79166666666667,0.0,10.2
2021-10-24,8.9125,-3.615114142708279,4.313719660611949,0.125,1068.0,79.0909090909091,22.858333333333334,70.08333333333333,0.2,8.3
2021-10-25,6.895833333333333,2.040080076891795,-5.5869688749494655,0.7916666666666666,1197.0,76.36363636363636,22.02916666666667,77.79166666666667,0.0,10.0
2021-10-26,9.833333333333334,7.203014509363121,-5.31842607953384,0.9166666666666666,1206.0,84.0909090909091,20.920833333333334,70.79166666666667,0.0,9.899999999999999
2021-10-27,10.208333333333334,7.702788807024109,-5.689240041479685,1.0,1137.0,49.09090909090909,20.958333333333332,63.625,0.0,11.700000000000001
2021-10-28,10.058333333333334,7.956705741577838,-5.312474599418497,1.0,1028.0,60.90909090909091,20.641666666666666,64.25,0.0,11.999999999999998
2021-10-29,7.195833333333333,4.341194815964585,-4.78516588655509,1.0,940.0,39.09090909090909,21.029166666666665,62.875,0.0,13.5
2021-10-30,11.633333333333333,9.62444042444869,-5.191108564567355,0.875,1078.0,71.81818181818181,21.412499999999998,56.458333333333336,0.0,12.599999999999998
2021-10-31,10.329166666666667,8.894357202145933,-0.5429372657762472,0.4583333333333333,1282.0,62.72727272727273,22.212500000000002,51.166666666666664,0.0,12.599999999999998
2021-11-01,8.0875,-4.397818473790321,5.353301145191476,0.0,949.0,62.27272727272727,22.129166666666666,53.666666666666664,0.0,12.7
2021-11-02,10.4625,-6.465977225645692,7.690471898980152,0.0,806.0,89.0909090909091,21.541666666666668,65.41666666666667,0.0,11.400000000000002
2021-11-03,7.529166666666666,-0.8673371302861116,6.739074895265214,0.0,919.0,62.72727272727273,21.724999999999998,61.708333333333336,0.0,13.000000000000002
2021-11-04,6.066666666666666,1.9531590820051103,-0.6050817440422321,0.4166666666666667,1274.0,25.0,21.216666666666665,64.25,0.0,12.400000000000002
2021-11-05,8.054166666666667,6.383922137658133,-4.031472327658194,0.875,1365.0,30.454545454545453,20.658333333333335,62.875,0.0,12.599999999999998
2021-11-06,11.983333333333334,10.662644936103883,-3.6229153416166073,0.625,1143.0,69.0909090909091,20.933333333333334,56.583333333333336,0.0,13.799999999999999
2021-11-07,10.862499999999999,9.930791918933744,-2.563079965895808,0.7916666666666666,875.0,61.81818181818182,21.224999999999998,59.666666666666664,0.0,12.799999999999999
2021-11-08,9.549999999999999,8.449659437855301,-3.6925682508026054,0.9583333333333334,849.0,50.45454545454545,21.041666666666668,60.25,0.0,14.0
2021-11-09,9.720833333333333,7.79636213799031,-4.055553320203104,0.9166666666666666,813.0,45.90909090909091,20.962500000000002,59.666666666666664,0.0,12.899999999999999
2021-11-10,8.545833333333333,7.511734461681827,-1.972685725291214,0.625,836.0,21.363636363636363,20.7625,60.5,0.0,15.0
2021-11-11,7.6375,6.405536597219076,-3.5057818731853057,0.9583333333333334,807.0,15.909090909090908,20.391666666666666,60.583333333333336,0.0,14.8
2021-11-12,8.7125,6.7930453912691355,-4.693140381899993,0.9166666666666666,913.0,21.818181818181817,20.1875,60.541666666666664,0.0,13.5
2021-11-13,8.333333333333334,6.951196822082857,-3.432460525867759,0.8333333333333334,1108.0,28.181818181818183,19.433333333333334,57.5,0.0,14.4
2021-11-14,7.179166666666667,6.542735336919287,-1.8309378806837122,0.7916666666666666,1003.0,27.727272727272727,18.6125,54.041666666666664,0.0,14.600000000000001
2021-11-15,8.216666666666667,6.513060296658403,-3.5064164000309983,0.875,1081.0,22.727272727272727,18.495833333333334,52.916666666666664,0.0,13.5
2021-11-16,7.520833333333333,6.452075914619964,-2.836895596482854,0.8333333333333334,939.0,39.54545454545455,17.883333333333333,57.125,0.0,14.0
2021-11-17,6.4125000000000005,0.8473385483634596,-2.3824408183874817,0.3333333333333333,943.0,25.454545454545453,17.775000000000002,64.5,0.0,13.799999999999999
2021-11-18,3.283333333333333,0.5392332110708264,-1.3477712003992488,0.4166666666666667,845.0,18.636363636363637,19.095833333333335,65.58333333333333,0.0,12.600000000000001
2021-11-19,6.4125000000000005,4.851731384167802,-3.1552468208273763,0.9166666666666666,833.0,25.0,18.704166666666666,63.875,0.0,13.0
2021-11-20,6.154166666666666,5.3386763020090955,-1.8171096862591078,0.875,640.0,31.818181818181817,19.304166666666667,58.125,0.0,9.500000000000002
2021-11-21,10.145833333333334,8.38031437013605,-5.176445420985021,1.0,692.0,61.36363636363637,18.98333333333333,57.75,0.0,12.399999999999999
2021-11-22,15.775,14.774583261729793,-5.219284125546508,1.0,920.0,133.63636363636363,18.791666666666668,51.25,0.0,13.1
2021-11-23,12.416666666666666,12.209215028275585,-0.5101552799658803,0.5,816.0,94.0909090909091,18.283333333333335,55.25,0.0,13.3
2021-11-24,6.633333333333333,-3.0360423155569123,1.6073501687735765,0.041666666666666664,829.0,32.27272727272727,18.662499999999998,57.791666666666664,0.0,14.6
2021-11-25,6.720833333333334,-3.1085842466268505,5.161035207603764,0.0,673.0,47.27272727272727,17.908333333333335,70.41666666666667,0.0,13.100000000000001
2021-11-26,6.25,-1.3452417776264125,2.4616300927088868,0.08333333333333333,715.0,35.90909090909091,18.458333333333332,68.875,0.0,13.399999999999999
2021-11-27,7.916666666666667,-6.200087779379565,3.888659701074712,0.0,973.0,60.45454545454545,18.779166666666665,72.16666666666667,0.0,12.2
2021-11-28,7.2124999999999995,-5.201879879704728,-0.5850424211768622,0.041666666666666664,1106.0,59.54545454545455,18.904166666666665,74.04166666666667,0.0,11.500000000000002
2021-11-29,9.829166666666667,8.168522459740165,-4.810309224549711,0.9583333333333334,1058.0,50.45454545454545,18.133333333333333,63.875,0.0,13.499999999999998
2021-11-30,11.5375,10.3537855330972,-4.661499389227626,1.0,659.0,102.27272727272727,18.037499999999998,64.83333333333333,0.0,12.3
2021-12-01,6.295833333333333,3.402696594728454,-5.0135435968481525,1.0,557.0,42.27272727272727,17.145833333333332,72.5,0.0,8.399999999999999
2021-12-02,7.2250000000000005,6.383854549301965,-3.1604085950784016,1.0,324.0,132.27272727272728,16.441666666666666,80.79166666666667,3.9,5.6
2021-12-03,6.375,5.5797941687406185,-2.2289063258736417,0.9166666666666666,359.0,104.0909090909091,17.212500000000002,79.75,0.0,9.8
2021-12-04,7.241666666666667,6.3442493517891885,-1.170636575686942,0.7083333333333334,670.0,31.363636363636363,17.429166666666667,72.75,0.0,12.3
2021-12-05,5.7625,-2.036968078974562,1.8764055847905883,0.20833333333333334,727.0,16.363636363636363,19.066666666666666,69.70833333333333,0.5,10.9
2021-12-06,7.720833333333334,3.476146838093501,-6.449076253457712,0.9583333333333334,953.0,50.0,18.2,78.75,1.6,8.899999999999999
2021-12-07,10.987499999999999,8.63622426608967,-6.612917515553954,1.0,1134.0,75.0,16.691666666666666,71.5,0.0,10.200000000000001
2021-12-08,9.604166666666666,8.969662382947009,-2.949315449400199,1.0,914.0,57.72727272727273,15.545833333333334,68.20833333333333,0.0,11.000000000000002
2021-12-09,6.6000000000000005,5.8572589312457675,-2.5931801798505267,1.0,1063.0,24.545454545454547,15.145833333333334,69.58333333333333,0.0,12.7
2021-12-10,9.104166666666666,8.507934063054682,-2.5152284096215345,1.0,982.0,45.90909090909091,15.408333333333333,67.625,0.0,12.100000000000001
2021-12-11,9.9625,9.67675875582237,-0.5738236419575499,0.625,920.0,55.90909090909091,14.612499999999999,65.41666666666667,0.0,12.2
2021-12-12,5.1875,2.7130147108664313,1.0577194248949668,0.16666666666666666,932.0,31.818181818181817,14.5375,65.5,0.0,12.1
2021-12-13,4.1000000000000005,-0.7530766357744444,1.4449683468703503,0.125,970.0,16.363636363636363,14.591666666666667,66.04166666666667,0.0,11.100000000000001
2021-12-14,6.3500000000000005,-4.8907225158299985,-1.4311009617794255,0.041666666666666664,953.0,25.454545454545453,14.879166666666668,70.91666666666667,0.0,11.899999999999999
2021-12-15,8.387500000000001,2.8821503540531044,-7.458061363713668,0.9583333333333334,1098.0,51.36363636363637,13.987499999999999,66.875,0.0,11.400000000000002
2021-12-16,8.954166666666667,2.737839883754567,-6.857887809489682,0.6666666666666666,780.0,101.36363636363636,13.570833333333333,69.625,0.0,8.200000000000001
2021-12-17,14.216666666666667,9.924136498591361,-9.84791912699835,1.0,1286.0,225.0,12.320833333333333,57.458333333333336,0.0,9.899999999999999
2021-12-18,16.245833333333334,14.235908082804945,-7.353368351126531,1.0,1060.0,169.54545454545453,11.1875,64.625,0.0,11.5
2021-12-19,14.029166666666667,12.84313439736573,-5.451136473812045,1.0,736.0,163.1818181818182,11.070833333333333,62.541666666666664,0.0,11.4
2021-12-20,9.666666666666666,8.574767641112265,-3.7327449983957472,0.9583333333333334,659.0,72.72727272727273,11.5875,67.25,0.0,12.200000000000001
2021-12-21,7.2875000000000005,5.384573283855661,-4.118586090271822,0.9583333333333334,718.0,16.818181818181817,12.137500000000001,70.70833333333333,0.0,14.3
2021-12-22,6.395833333333333,2.523568239958163,-2.754933677128266,0.5833333333333334,628.0,21.818181818181817,13.325000000000001,66.83333333333333,0.0,14.200000000000001
2021-12-23,7.433333333333334,-4.764282161494317,4.303958662150243,0.0,595.0,33.18181818181818,14.183333333333332,72.29166666666667,0.0,12.700000000000001
2021-12-24,7.266666666666667,-5.662686364969978,4.110755609986181,0.0,703.0,41.36363636363637,14.541666666666666,75.125,0.0,11.7
2021-12-25,4.991666666666666,-3.1466479077362988,0.020111453649584925,0.0,959.0,29.09090909090909,15.487499999999999,71.95833333333333,0.0,10.500000000000002
2021-12-26,7.533333333333334,-5.729733132265743,0.89251039135058,0.0,512.0,90.0,15.025,79.75,4.6,7.599999999999998
2021-12-27,6.9375,-4.061989948417941,-3.408643835162081,0.16666666666666666,982.0,85.0,14.866666666666667,72.08333333333333,3.2,9.0
2021-12-28,5.454166666666667,-2.311717496996631,-3.697677852195404,0.16666666666666666,685.0,51.36363636363637,13.945833333333333,77.70833333333333,1.7,9.0
2021-12-29,7.258333333333333,5.261664565891965,-4.058794946995305,0.875,1029.0,34.09090909090909,13.016666666666666,72.45833333333333,0.0,10.700000000000001
2021-12-30,8.545833333333333,3.726446966278101,-7.413470886843843,1.0,831.0,36.81818181818182,10.720833333333333,66.58333333333333,0.0,12.7
2021-12-31,7.9750000000000005,6.96936871319429,-3.1124750190157275,0.9583333333333334,750.0,39.09090909090909,10.504166666666666,70.66666666666667,0.0,12.8
2022-01-01,7.7124999999999995,7.118401954861089,-1.9360161901023414,0.75,816.0,31.363636363636363,10.970833333333333,75.83333333333333,0.0,12.400000000000002
2022-01-02,7.329166666666667,6.5141165641740635,-3.0833723570798246,1.0,695.0,29.545454545454547,11.904166666666667,77.04166666666667,0.0,12.0
2022-01-03,8.129166666666666,7.708389334599249,-1.9904530570134042,0.9166666666666666,595.0,26.363636363636363,12.620833333333332,74.75,0.0,12.799999999999999
2022-01-04,6.625,3.2053043609016787,-1.0257172455537735,0.5,642.0,25.454545454545453,14.520833333333334,71.04166666666667,0.2,13.9
2022-01-05,10.75,-7.184124933991883,4.851716514013844,0.041666666666666664,491.0,245.0,13.366666666666667,86.25,9.6,3.4000000000000004
2022-01-06,11.979166666666666,-8.203218686968503,7.863186396888889,0.0,856.0,215.0,14.591666666666667,82.95833333333333,0.9,6.600000000000001
2022-01-07,14.25,-10.213564912130742,9.137725493587967,0.0,832.0,319.09090909090907,15.641666666666666,85.5,1.9,7.199999999999999
2022-01-08,15.320833333333333,-11.945412282116282,7.79562153255005,0.08333333333333333,516.0,538.1818181818181,15.379166666666668,90.54166666666667,16.2,3.0000000000000018
2022-01-09,7.7,6.070908119979401,-3.1582603006568704,0.8333333333333334,544.0,318.1818181818182,14.079166666666666,89.45833333333333,3.6,6.700000000000001
2022-01-10,8.554166666666667,6.707149095497158,-4.406854434507227,1.0,1101.0,99.54545454545455,11.495833333333332,82.04166666666667,0.0,8.899999999999999
2022-01-11,9.466666666666667,7.760548945310249,-4.753126822442793,1.0,863.0,105.45454545454545,11.508333333333333,79.04166666666667,0.0,10.099999999999998
2022-01-12,8.316666666666666,7.858767524995507,-1.185345578960557,0.6666666666666666,816.0,111.36363636363636,11.341666666666667,80.29166666666667,0.0,9.500000000000002
2022-01-13,4.204166666666667,1.412537706081734,-0.37868490697672424,0.125,1087.0,28.181818181818183,12.299999999999999,75.375,0.0,10.2
2022-01-14,5.6625000000000005,2.939331630392834,-3.8431358856190716,0.75,946.0,47.72727272727273,10.762500000000001,81.25,0.0,10.400000000000002
2022-01-15,6.779166666666666,4.471331518038959,-4.502861668312316,0.9583333333333334,755.0,127.27272727272727,9.975,86.66666666666667,0.0,11.0
2022-01-16,6.125,4.948264489420401,-1.8645785618696138,0.7916666666666666,686.0,56.81818181818182,10.191666666666666,85.83333333333333,0.0,9.9
2022-01-17,4.208333333333333,2.44801580511831,-1.0248966707117269,0.5833333333333334,711.0,27.727272727272727,9.766666666666667,85.45833333333333,0.0,9.399999999999999
2022-01-18,8.262500000000001,7.466675404256024,-2.0610002754240586,0.75,599.0,35.90909090909091,9.583333333333334,88.5,0.0,10.700000000000001
2022-01-19,6.241666666666667,3.246426071274906,-2.2099883431387264,0.5833333333333334,534.0,40.90909090909091,11.0625,88.66666666666667,0.7,11.1
2022-01-20,5.458333333333333,-2.7877603073868316,2.3003116171800575,0.041666666666666664,773.0,26.818181818181817,13.145833333333334,85.29166666666667,0.9,8.399999999999999
2022-01-21,6.754166666666666,-4.662528440286813,3.548429932037127,0.0,1011.0,45.90909090909091,12.262500000000001,85.20833333333333,0.0,11.2
2022-01-22,19.704166666666666,-16.825691921702774,9.60072037191823,0.0,788.0,346.8181818181818,13.220833333333333,84.66666666666667,22.8,4.200000000000001
2022-01-23,8.216666666666667,-0.7952211735178367,2.0380160029279604,0.20833333333333334,598.0,281.8181818181818,12.758333333333333,86.20833333333333,3.5,7.5
2022-01-24,8.345833333333333,5.534051498057437,-4.175602607876752,0.6666666666666666,859.0,46.81818181818182,10.729166666666666,82.95833333333333,0.6,9.1
2022-01-25,8.608333333333333,7.74415584840487,-3.120837171590704,0.9583333333333334,1041.0,42.27272727272727,10.283333333333333,80.16666666666667,0.0,10.2
2022-01-26,10.112499999999999,8.81489203960008,-3.1380446163907414,0.5833333333333334,1235.0,58.18181818181818,10.700000000000001,81.41666666666667,0.0,10.5
2022-01-27,13.170833333333334,11.988992348135275,-3.799832594787746,0.6666666666666666,1434.0,93.18181818181819,11.554166666666667,73.33333333333333,0.0,10.8
2022-01-28,13.7875,13.219450510651084,-2.966099195193589,0.875,956.0,114.0909090909091,11.591666666666667,71.16666666666667,0.0,10.799999999999999
2022-01-29,9.241666666666667,8.581905474361003,-1.9304075808688559,0.625,869.0,55.90909090909091,12.379166666666668,72.83333333333333,0.0,12.7
2022-01-30,14.691666666666668,13.889796273423807,-4.1295656412765425,1.0,727.0,110.9090909090909,13.695833333333333,71.66666666666667,0.0,11.4
2022-01-31,5.45,-1.7041457189588651,1.6121934688173802,0.16666666666666666,784.0,30.0,13.679166666666667,79.91666666666667,0.0,12.7
2022-02-01,8.75,4.514117024191128,-2.512873379431762,0.6666666666666666,783.0,67.72727272727273,13.966666666666667,84.75,0.0,12.100000000000001
2022-02-02,10.383333333333333,2.4670252147617013,2.13960981693028,0.375,867.0,147.72727272727272,14.25,77.875,0.0,11.5
2022-02-03,19.433333333333334,-16.358735586299392,6.341420834231133,0.041666666666666664,690.0,317.27272727272725,12.733333333333334,85.08333333333333,16.599999999999998,4.799999999999999
2022-02-04,13.220833333333333,9.47428293598333,-6.68101638367105,0.875,1137.0,252.72727272727272,11.558333333333332,83.75,0.2,8.3
2022-02-05,6.591666666666666,1.9275117974771743,-5.322273070999237,0.7916666666666666,725.0,47.72727272727273,10.904166666666667,83.5,0.0,11.0
2022-02-06,5.820833333333333,-0.5471994935483139,0.5752882104789161,0.08333333333333333,731.0,27.272727272727273,13.691666666666668,74.625,0.0,13.1
2022-02-07,7.745833333333334,-3.1454966142833842,5.960160387094864,0.0,757.0,39.54545454545455,15.216666666666667,77.83333333333333,0.0,14.0
2022-02-08,5.279166666666667,-3.8241472448232585,2.0794752757996995,0.041666666666666664,618.0,35.0,16.099999999999998,81.375,1.4,11.400000000000002
2022-02-09,8.533333333333333,-5.863785209688693,-4.780558863526371,0.041666666666666664,929.0,70.45454545454545,14.395833333333334,82.875,3.6,8.3
2022-02-10,10.7125,8.527549338912044,-4.086627504945971,0.6666666666666666,1435.0,66.81818181818181,13.779166666666667,74.79166666666667,0.0,12.100000000000001
2022-02-11,15.595833333333333,14.685533166960688,-4.920480050858104,1.0,1336.0,139.54545454545453,14.258333333333333,64.58333333333333,0.0,10.299999999999999
2022-02-12,12.866666666666667,12.229764324290445,-3.209315081990305,0.9583333333333334,991.0,82.72727272727273,14.345833333333333,67.45833333333333,0.0,11.700000000000001
2022-02-13,6.941666666666666,1.1653856859776013,-0.3963437510069467,0.375,1095.0,21.363636363636363,14.775,70.16666666666667,0.0,13.999999999999998
2022-02-14,7.845833333333334,-1.9345258528849136,2.583292294652034,0.125,1313.0,31.363636363636363,15.566666666666668,69.95833333333333,0.0,13.900000000000002
2022-02-15,6.6125,1.433287467423386,0.10366603444626114,0.2916666666666667,1274.0,42.27272727272727,16.554166666666667,65.29166666666667,0.0,12.2
2022-02-16,8.025,6.198215648456553,-4.323799009621478,1.0,1181.0,26.363636363636363,16.179166666666667,69.41666666666667,0.0,13.7
2022-02-17,8.308333333333334,3.2779436464080667,-4.609615614427599,0.5416666666666666,984.0,42.72727272727273,17.370833333333334,63.583333333333336,0.0,13.6
2022-02-18,7.820833333333333,4.733655437043654,-5.13866948780037,0.9166666666666666,1079.0,47.72727272727273,17.354166666666668,60.666666666666664,0.0,15.0
2022-02-19,11.941666666666668,9.629588005537542,-6.262497739893348,1.0,1428.0,78.63636363636364,16.595833333333335,61.25,0.0,13.6
2022-02-20,16.0,14.673345189175448,-5.5281673887131255,0.9583333333333334,1984.0,141.8181818181818,17.224999999999998,57.291666666666664,0.0,11.2
2022-02-21,9.083333333333334,6.742027868697562,-0.793199984574214,0.6666666666666666,959.0,83.63636363636364,17.575,53.541666666666664,0.0,13.3
2022-02-22,20.720833333333335,-17.47999292516304,10.894115091619506,0.0,880.0,270.90909090909093,18.6125,55.666666666666664,0.0,12.899999999999999
2022-02-23,14.204166666666666,-12.038723623568941,5.667413327463186,0.0,878.0,341.3636363636364,18.658333333333335,67.58333333333333,0.0,9.600000000000001
2022-02-24,7.016666666666667,1.825794018974096,-4.993528811377478,0.625,1277.0,44.54545454545455,18.245833333333334,72.0,0.0,12.7
2022-02-25,8.0875,-6.7425117523873235,0.9703099558848659,0.0,1212.0,87.27272727272727,18.620833333333334,68.29166666666667,0.0,12.4
2022-02-26,17.599999999999998,-16.868723441399577,0.4520125259457619,0.0,1232.0,218.1818181818182,17.808333333333334,69.16666666666667,1.5,9.2
2022-02-27,10.525,1.7493777906288848,-8.437867175689217,0.6666666666666666,1357.0,123.63636363636364,17.1375,63.708333333333336,0.0,11.099999999999998
2022-02-28,12.0875,9.917802547787486,-6.610852648775175,1.0,1030.0,108.63636363636364,16.412499999999998,62.666666666666664,0.0,12.1
2022-03-01,8.466666666666667,6.373033226399277,-4.607316637682698,0.9583333333333334,961.0,45.0,17.116666666666667,64.54166666666667,0.0,13.7
2022-03-02,6.383333333333333,5.009620012381649,-3.1206397759256688,0.875,1157.0,24.545454545454547,18.479166666666668,62.041666666666664,0.0,14.3
2022-03-03,6.295833333333333,-0.47198278264730886,-2.268269050628022,0.3333333333333333,1393.0,62.27272727272727,19.5,63.333333333333336,1.6,13.899999999999999
2022-03-04,13.637500000000001,10.676651463194593,-8.19567181203416,1.0,1292.0,140.9090909090909,18.8625,69.75,0.0,11.8
2022-03-05,14.979166666666666,13.28455727047126,-6.071006786966617,0.9583333333333334,1181.0,165.0,18.945833333333333,65.29166666666667,0.0,12.6
2022-03-06,7.558333333333334,3.814728387350715,0.020726951615577954,0.5,993.0,55.90909090909091,19.620833333333334,62.958333333333336,0.0,12.4
2022-03-07,7.079166666666667,-4.469577397537932,0.7583422519142683,0.0,1116.0,40.90909090909091,20.954166666666666,59.958333333333336,0.0,13.8
2022-03-08,9.854166666666666,5.6718877634632845,-6.8427374287825335,0.9583333333333334,1128.0,35.0,21.5,56.375,0.0,15.400000000000002
2022-03-09,10.987499999999999,8.921763854715527,-5.822447625247784,0.9583333333333334,1373.0,60.45454545454545,22.120833333333334,51.041666666666664,0.0,14.700000000000001
2022-03-10,12.329166666666667,10.137366721838497,-6.468699217973111,1.0,1602.0,94.0909090909091,22.22083333333333,51.0,0.0,12.600000000000001
2022-03-11,12.770833333333334,11.238166385252393,-4.874368154913621,0.875,1387.0,66.36363636363636,22.004166666666666,57.375,0.0,13.099999999999998
2022-03-12,11.975,10.788775534623582,-4.531812310015406,1.0,1221.0,62.27272727272727,22.270833333333332,53.833333333333336,0.0,14.7
2022-03-13,11.129166666666668,8.756728793097738,-4.127682134971336,0.75,1331.0,29.09090909090909,23.525000000000002,59.041666666666664,0.0,14.600000000000001
2022-03-14,8.295833333333333,6.495023193911866,-4.098023538989186,0.875,1227.0,23.636363636363637,24.270833333333332,64.45833333333333,0.0,15.799999999999997
2022-03-15,9.891666666666667,8.60390788618374,-3.435712105022661,0.6666666666666666,1159.0,43.18181818181818,26.120833333333334,63.833333333333336,0.0,14.599999999999998
2022-03-16,15.65,14.67919636981658,-4.5132186340766385,0.9583333333333334,1530.0,99.0909090909091,27.020833333333332,58.291666666666664,0.0,14.700000000000003
2022-03-17,7.795833333333333,0.5597548669945706,-3.7954605055078345,0.4583333333333333,1038.0,72.72727272727273,26.541666666666668,64.08333333333333,0.0,13.100000000000001
2022-03-18,9.095833333333333,-6.46494981091135,5.62070646546523,0.0,1435.0,79.0909090909091,27.375,65.625,0.0,12.2
2022-03-19,7.129166666666666,-1.9359076399530937,4.550929938242395,0.0,1358.0,49.09090909090909,27.791666666666668,60.166666666666664,0.0,14.200000000000003
2022-03-20,9.429166666666667,0.4717288099149622,4.383190675455972,0.125,1376.0,43.63636363636363,28.120833333333334,48.166666666666664,0.0,14.3
2022-03-21,10.079166666666667,5.908935079259767,-6.1493237290111304,0.875,2072.0,51.36363636363637,27.858333333333334,44.666666666666664,0.0,15.799999999999997
2022-03-22,17.304166666666667,14.360127243195356,-8.768439769432872,1.0,1891.0,159.0909090909091,27.849999999999998,43.0,0.0,14.2
2022-03-23,9.916666666666666,7.228484223970187,-0.89716034535139,0.5416666666666666,1446.0,51.36363636363637,27.541666666666668,38.416666666666664,0.0,16.4
2022-03-24,12.0,8.275300791441714,-1.0874346827099945,0.6666666666666666,2312.0,34.54545454545455,27.420833333333334,36.916666666666664,0.0,13.7
2022-03-25,12.508333333333333,10.372397586440306,-6.248198470139833,1.0,2223.0,62.72727272727273,26.866666666666664,31.333333333333332,0.0,15.100000000000001
2022-03-26,17.5,15.938772309659527,-6.303372887343076,1.0,2034.0,122.72727272727273,27.179166666666664,29.958333333333332,0.0,15.000000000000004
2022-03-27,14.454166666666666,13.337596477959094,-3.789375201145601,0.6666666666666666,1783.0,84.54545454545455,28.020833333333332,27.5,0.0,16.1
2022-03-28,9.145833333333334,7.520962457062111,-3.43848891330558,0.75,1954.0,16.818181818181817,28.954166666666666,27.916666666666668,0.0,17.400000000000002
2022-03-29,11.654166666666667,10.536984338566809,-3.0633026854563035,0.7916666666666666,2310.0,41.81818181818182,29.099999999999998,26.708333333333332,0.0,19.299999999999997
2022-03-30,7.408333333333334,2.111275064174812,-1.9927396916620115,0.625,1591.0,27.272727272727273,29.379166666666666,28.375,0.0,17.699999999999996
2022-03-31,8.295833333333333,-3.1464150464691545,2.114912187935226,0.041666666666666664,2002.0,59.09090909090909,29.474999999999998,38.375,0.0,17.400000000000002
2022-04-01,13.875,12.087195932891895,-4.931520060271514,0.8333333333333334,1836.0,107.72727272727273,28.916666666666668,26.166666666666668,0.0,14.399999999999999
2022-04-02,8.629166666666666,4.154665869619361,0.14292189158507687,0.4166666666666667,2600.0,45.45454545454545,28.912499999999998,23.5,0.0,17.5
2022-04-03,9.9375,3.2234107137660124,0.20624841998046253,0.5416666666666666,2641.0,49.54545454545455,30.120833333333334,18.875,0.0,16.9
2022-04-04,12.799999999999999,11.676709588837406,-1.9104058793985697,0.5833333333333334,2476.0,49.54545454545455,29.141666666666666,18.208333333333332,0.0,16.099999999999998
2022-04-05,10.745833333333332,9.301620019308588,-4.2474766151233805,0.875,2569.0,44.09090909090909,29.46666666666667,20.291666666666668,0.0,17.400000000000002
2022-04-06,12.15,10.354507744632746,-4.366150346580727,0.75,2898.0,36.81818181818182,30.266666666666666,19.291666666666668,0.0,17.800000000000004
2022-04-07,11.233333333333334,9.30745023591995,-3.978624104460921,0.75,3108.0,23.181818181818183,31.054166666666664,18.25,0.0,17.9
2022-04-08,11.141666666666666,7.835200573083863,-3.859828019550059,0.5416666666666666,3514.0,20.0,32.108333333333334,15.708333333333334,0.0,17.799999999999997
2022-04-09,10.4,8.261119275400285,-1.9243124564558032,0.625,3783.0,22.272727272727273,32.925,15.875,0.0,19.200000000000003
2022-04-10,15.129166666666668,13.092488353938428,-4.820121408437737,0.6666666666666666,3185.0,62.27272727272727,33.2875,15.5,0.0,16.8
2022-04-11,10.954166666666666,10.367774037122487,-0.26486092021392865,0.4583333333333333,3460.0,30.0,32.97083333333334,17.833333333333332,0.0,16.9
2022-04-12,10.0375,6.648256519929617,1.7808155135094192,0.375,1286.0,72.72727272727273,32.375,20.125,0.0,13.799999999999997
2022-04-13,10.25,7.155709067824159,2.6921501611406473,0.25,3592.0,49.54545454545455,32.49583333333333,19.708333333333332,0.0,15.099999999999998
2022-04-14,13.416666666666666,11.469544835861912,-4.30711665082345,0.75,3843.0,81.36363636363636,31.829166666666666,18.416666666666668,0.0,14.099999999999998
2022-04-15,10.554166666666667,1.8497160356010276,-2.2043011901656873,0.4166666666666667,3928.0,69.54545454545455,31.145833333333332,20.375,0.0,14.899999999999999
2022-04-16,8.454166666666667,1.88669929075881,-1.7534552712854499,0.4166666666666667,3803.0,25.90909090909091,31.72083333333333,18.5,0.0,16.4
2022-04-17,9.304166666666667,0.0745942915503468,0.41827578658412673,0.25,3599.0,54.54545454545455,32.05833333333333,19.375,0.0,16.6
2022-04-18,8.116666666666667,0.4872835271862084,-1.6943191625412861,0.4166666666666667,2256.0,25.90909090909091,32.68333333333333,21.208333333333332,0.0,17.199999999999996
2022-04-19,15.125,14.42852520697528,-3.465600988549305,0.9166666666666666,4170.0,63.18181818181818,34.09583333333333,17.166666666666668,0.0,16.599999999999998
2022-04-20,15.775,14.166656518466759,-5.359038879085021,0.8333333333333334,3482.0,106.81818181818181,33.97083333333333,17.041666666666668,0.0,13.599999999999998
2022-04-21,13.320833333333333,7.4846982172342855,-4.252881080222116,0.5833333333333334,2038.0,66.36363636363636,31.504166666666666,23.0,0.0,10.400000000000002
2022-04-22,10.1875,4.013091198013362,-2.11250389517857,0.4583333333333333,3346.0,67.27272727272727,30.933333333333334,28.208333333333332,0.0,15.699999999999996
2022-04-23,9.716666666666667,6.647447203276447,-5.9158717322935646,0.8333333333333334,3468.0,39.54545454545455,31.629166666666666,19.625,0.0,15.400000000000002
2022-04-24,15.9,13.710594432728442,-6.919528781208917,0.9166666666666666,3346.0,89.0909090909091,32.09583333333333,18.666666666666668,0.0,15.400000000000002
2022-04-25,13.041666666666666,12.117607871943472,-3.204108341664565,0.875,3060.0,130.0,32.99166666666667,19.708333333333332,0.0,15.399999999999999
2022-04-26,12.141666666666666,9.28541202692764,-5.608193938308418,0.7916666666666666,3977.0,41.36363636363637,33.020833333333336,20.0,0.0,15.5
2022-04-27,10.970833333333333,9.961411772230068,-3.5961520707935715,0.9166666666666666,2968.0,28.181818181818183,33.233333333333334,16.791666666666668,0.0,17.300000000000004
2022-04-28,10.762500000000001,9.877553618681153,-1.9193537596827281,0.625,3818.0,23.181818181818183,34.94166666666667,16.25,0.0,16.9
2022-04-29,14.725,13.653173223858836,-4.329440672573056,0.875,4229.0,67.72727272727273,35.87083333333333,13.625,0.0,16.4
2022-04-30,12.0875,10.31173433227867,-1.083567036339301,0.6666666666666666,4505.0,74.54545454545455,35.78333333333333,13.791666666666666,0.0,14.999999999999996
2022-05-01,15.483333333333334,-12.067504363256537,4.277131259278097,0.08333333333333333,1988.0,169.0909090909091,32.99583333333333,31.0,0.0,15.0
2022-05-02,15.245833333333335,-12.735086870009164,4.669512114783742,0.0,1841.0,313.1818181818182,32.59166666666667,37.208333333333336,0.0,14.799999999999997
2022-05-03,11.275,-7.5704862481690185,1.7755800539333089,0.125,2346.0,333.1818181818182,32.858333333333334,42.083333333333336,0.1,12.599999999999998
2022-05-04,10.950000000000001,-5.425086387852487,-0.9066578095162935,0.08333333333333333,2115.0,175.45454545454547,31.058333333333334,47.0,0.2,13.100000000000001
2022-05-05,7.841666666666666,2.032980620047841,-4.156748717499242,0.5,2082.0,57.72727272727273,30.6375,46.5,0.0,14.700000000000003
2022-05-06,7.095833333333334,3.687866697354007,0.5055404873334655,0.3333333333333333,3000.0,40.0,32.28333333333333,33.041666666666664,0.0,13.599999999999998
2022-05-07,8.216666666666667,-0.4811893253810484,-4.019320560233777,0.375,2629.0,42.27272727272727,32.791666666666664,29.833333333333332,0.0,13.799999999999997
2022-05-08,11.966666666666667,-2.976089939807301,3.7082196343443363,0.16666666666666666,2964.0,134.54545454545453,33.079166666666666,33.833333333333336,0.0,15.700000000000003
2022-05-09,14.666666666666666,-12.531785569037773,5.645503830514023,0.0,1973.0,362.72727272727275,33.36666666666667,44.25,0.0,12.800000000000004
2022-05-10,11.845833333333333,-10.484390574689467,4.7752771445564095,0.0,2101.0,320.90909090909093,33.45,45.416666666666664,0.0,11.500000000000004
2022-05-11,11.641666666666666,-6.424440120776875,1.6555358697670288,0.16666666666666666,2647.0,300.90909090909093,34.0875,43.958333333333336,0.0,13.400000000000002
2022-05-12,12.754166666666668,-4.167048999445658,3.1972281466648886,0.20833333333333334,2835.0,252.27272727272728,35.145833333333336,41.458333333333336,0.0,14.000000000000004
2022-05-13,13.0375,-1.065507299692012,-0.40646688653044344,0.2916666666666667,2671.0,188.63636363636363,34.99583333333333,41.708333333333336,0.0,15.900000000000002
2022-05-14,9.866666666666667,7.317937097148255,-0.9989247681068453,0.4583333333333333,3112.0,37.72727272727273,35.949999999999996,26.375,0.0,16.699999999999996
2022-05-15,12.579166666666666,8.24810083360474,-1.9156378370187674,0.5416666666666666,3150.0,48.63636363636363,37.69583333333333,15.125,0.0,15.799999999999997
2022-05-16,16.058333333333334,8.873782318140018,-0.8800167877576534,0.4583333333333333,1985.0,319.54545454545456,36.42916666666667,22.333333333333332,0.0,10.5
2022-05-17,10.304166666666667,-7.007690797460029,-2.390172303239319,0.041666666666666664,3427.0,135.45454545454547,32.97083333333333,41.666666666666664,0.4,11.100000000000001
2022-05-18,8.5875,-3.8519351670634383,0.15627431030953232,0.25,2478.0,161.36363636363637,34.833333333333336,32.166666666666664,0.0,14.699999999999996
2022-05-19,9.091666666666667,2.187092003477306,0.04190801977745271,0.3333333333333333,3203.0,68.63636363636364,35.512499999999996,28.75,0.0,16.4
2022-05-20,12.070833333333333,4.880390285572809,1.2756864967212975,0.4166666666666667,3819.0,138.63636363636363,36.82083333333333,21.833333333333332,0.0,17.000000000000004
2022-05-21,12.783333333333333,5.339142369236871,3.831340841268402,0.3333333333333333,2296.0,142.72727272727272,35.104166666666664,28.041666666666668,0.0,11.200000000000003
2022-05-22,9.108333333333333,-1.5937616411691486,1.198980781462595,0.20833333333333334,2596.0,235.9090909090909,33.420833333333334,32.5,0.0,14.2
2022-05-23,21.333333333333332,-16.51147954311296,7.070252890739912,0.041666666666666664,1414.0,487.27272727272725,26.2625,64.91666666666667,25.5,9.5
2022-05-24,11.433333333333332,-6.948424596544516,3.72864576825789,0.125,1250.0,308.6363636363636,26.90833333333333,64.29166666666667,0.0,11.600000000000001
2022-05-25,6.3500000000000005,0.47502078588432733,-4.570597012618243,0.5833333333333334,1774.0,70.45454545454545,28.175,60.541666666666664,0.0,10.199999999999996
2022-05-26,6.958333333333333,-1.6675504205825316,-1.610886726197364,0.25,2069.0,75.45454545454545,29.587500000000002,54.083333333333336,0.0,11.7
2022-05-27,10.329166666666667,4.343359652274537,4.148370185516282,0.20833333333333334,2264.0,104.0909090909091,31.379166666666666,49.083333333333336,0.0,12.500000000000004
2022-05-28,8.170833333333333,1.8919348093123496,2.4612299211258506,0.25,2486.0,118.63636363636364,32.88333333333333,49.166666666666664,1.2,12.700000000000003
2022-05-29,11.3125,0.8060259855634843,0.3966420373912309,0.5,1854.0,164.54545454545453,33.02916666666667,48.208333333333336,0.0,14.3
2022-05-30,10.616666666666667,-1.7980786693451847,5.726953763814687,0.08333333333333333,2262.0,187.27272727272728,32.854166666666664,47.583333333333336,0.2,13.100000000000001
2022-05-31,9.725,4.39635699707233,-0.2952659719923826,0.4166666666666667,2846.0,67.27272727272727,32.74166666666667,40.0,0.0,14.100000000000001
2022-06-01,10.833333333333334,8.975765379126637,-0.8057494761064357,0.625,3321.0,35.45454545454545,33.62916666666667,33.666666666666664,0.0,15.100000000000001
2022-06-02,12.0,10.571190652168236,-1.7872454455097104,0.6666666666666666,3364.0,49.54545454545455,34.141666666666666,27.291666666666668,0.0,13.100000000000001
2022-06-03,10.904166666666667,9.744822636381667,-2.2219474040604212,0.625,4254.0,36.81818181818182,34.93333333333333,22.166666666666668,0.0,15.3
2022-06-04,8.591666666666667,5.899008595632935,0.6739755668537221,0.375,4747.0,39.09090909090909,35.483333333333334,19.625,0.0,16.5
2022-06-05,13.262500000000001,12.249108350632179,0.020283687545348927,0.5416666666666666,4339.0,94.54545454545455,35.82083333333333,19.0,0.0,14.099999999999998
2022-06-06,11.933333333333332,9.17190987039828,2.2330478028240175,0.25,4041.0,75.45454545454545,35.391666666666666,17.791666666666668,0.0,14.0
2022-06-07,15.216666666666667,14.42896935057337,-0.8725968955285573,0.5833333333333334,3700.0,125.9090909090909,36.37916666666667,21.166666666666668,0.0,13.699999999999996
2022-06-08,19.495833333333334,18.73034097868597,1.0089523781965681,0.5416666666666666,3839.0,347.27272727272725,36.80833333333333,19.125,0.0,10.8
2022-06-09,14.674999999999999,13.35778958390812,1.89316634292884,0.375,3659.0,155.9090909090909,36.737500000000004,22.458333333333332,0.0,12.2
2022-06-10,18.3625,17.48063437349167,0.6554334460636928,0.3333333333333333,3601.0,200.9090909090909,36.94166666666667,21.583333333333332,0.0,11.600000000000001
2022-06-11,19.270833333333332,18.75824942219089,-2.712362444043871,0.625,3212.0,383.1818181818182,37.225,20.458333333333332,0.0,12.099999999999998
2022-06-12,15.049999999999999,14.16325547569064,-2.707041303171835,0.6666666666666666,3283.0,116.36363636363636,36.666666666666664,23.083333333333332,0.0,12.700000000000003
2022-06-13,19.258333333333333,16.480195673691288,-1.2739923875277104,0.5416666666666666,3155.0,340.90909090909093,37.34583333333333,25.625,0.0,11.400000000000002
2022-06-14,22.891666666666666,22.33105095969935,-3.0342190678570717,0.8333333333333334,1920.0,555.4545454545455,34.733333333333334,38.833333333333336,0.0,7.5
2022-06-15,20.104166666666668,18.82509681959223,1.3517577586437615,0.5833333333333334,2646.0,382.27272727272725,35.762499999999996,39.458333333333336,0.0,12.5
2022-06-16,12.083333333333334,6.535440652876694,2.482950736530951,0.20833333333333334,2154.0,508.1818181818182,34.25,44.166666666666664,0.7,8.399999999999999
2022-06-17,9.6,3.8831317131364886,2.0323707543645937,0.16666666666666666,1330.0,288.1818181818182,29.916666666666668,64.08333333333333,11.600000000000001,12.7
2022-06-18,8.420833333333333,0.24245831631257722,-3.704047834700098,0.375,843.0,196.8181818181818,29.7375,64.70833333333333,0.8999999999999999,9.600000000000001
2022-06-19,9.75,8.554763838670246,2.3193954639021537,0.25,738.0,216.8181818181818,26.633333333333336,81.625,9.9,8.3
2022-06-20,5.816666666666666,3.207754112522544,1.5386371579631526,0.125,1462.0,68.18181818181819,27.566666666666666,73.29166666666667,0.1,9.900000000000002
2022-06-21,6.104166666666667,-1.9461591436762131,3.5939219745056525,0.125,1367.0,95.0,27.933333333333334,72.04166666666667,9.3,7.800000000000001
2022-06-22,7.5874999999999995,-0.35910312612110845,-2.5368178471886553,0.5,1712.0,194.0909090909091,29.55,64.91666666666667,13.0,10.399999999999999
2022-06-23,13.125,9.469102334527888,-8.683426625304028,1.0,1809.0,169.0909090909091,31.145833333333332,52.375,0.0,10.400000000000002
2022-06-24,11.808333333333335,9.84606688400905,-5.47418695107764,0.9166666666666666,2013.0,70.0,30.929166666666664,45.333333333333336,0.0,13.099999999999998
2022-06-25,6.283333333333334,-0.8232736153086666,-1.0237378797620824,0.25,2467.0,73.63636363636364,32.475,39.833333333333336,0.0,13.399999999999999
2022-06-26,13.829166666666666,-12.332375397290372,5.0512766850891255,0.0,1778.0,342.72727272727275,33.62916666666667,51.375,0.0,10.600000000000001
2022-06-27,12.35,-11.373623733036164,4.4923890363133765,0.0,1819.0,411.3636363636364,34.295833333333334,53.666666666666664,0.0,8.400000000000002
2022-06-28,11.166666666666666,-3.8659943260437486,1.2006674867704177,0.25,1910.0,345.90909090909093,34.266666666666666,55.916666666666664,0.9,12.899999999999999
2022-06-29,14.108333333333334,-7.61371976260165,0.7395087059946203,0.25,1842.0,339.54545454545456,33.96666666666666,57.958333333333336,0.0,12.599999999999998
2022-06-30,8.970833333333333,-7.293048495778137,0.491984512955125,0.041666666666666664,305.0,298.1818181818182,28.641666666666666,79.33333333333333,1.4000000000000001,4.900000000000002
2022-07-01,5.391666666666667,-4.264752308011845,-0.5858852445490496,0.16666666666666666,569.0,155.0,28.120833333333334,81.29166666666667,1.0,7.199999999999999
2022-07-02,8.950000000000001,-6.982890786693154,4.5045709681760995,0.0,747.0,217.27272727272728,29.929166666666664,74.04166666666667,2.3,8.899999999999999
2022-07-03,9.329166666666667,-7.758932645669671,4.533248087628113,0.0,1131.0,280.0,29.2,80.875,4.5,9.0
2022-07-04,4.466666666666667,-2.8813694421903495,1.1082473634429362,0.041666666666666664,1083.0,76.81818181818181,30.733333333333334,75.41666666666667,15.500000000000002,9.300000000000004
2022-07-05,10.279166666666667,-9.441334828440601,1.8370619039337261,0.0,1342.0,162.27272727272728,32.0,69.95833333333333,0.2,9.399999999999999
2022-07-06,13.216666666666667,-12.415524678964081,2.8294481683345096,0.0,1408.0,292.27272727272725,30.78333333333333,75.16666666666667,4.0,7.199999999999996
2022-07-07,12.366666666666667,-12.086321263759402,-0.06515530713962363,0.0,1423.0,206.36363636363637,31.575,69.66666666666667,0.5,8.100000000000001
2022-07-08,11.166666666666666,-10.680343312311662,1.4829652549088645,0.0,1438.0,166.8181818181818,32.65833333333333,63.25,0.1,7.899999999999999
2022-07-09,12.420833333333334,-11.013513621296582,2.92173668011266,0.0,914.0,251.8181818181818,31.05,69.29166666666667,1.2,5.5
2022-07-10,7.3125,-3.7903419840354586,-0.6628380429565643,0.16666666666666666,941.0,260.0,29.558333333333334,76.66666666666667,7.5,6.0000000000000036
2022-07-11,5.004166666666667,-1.0776251831544659,-2.3901773419611088,0.2916666666666667,1343.0,48.63636363636363,31.233333333333334,71.375,0.1,8.100000000000001
2022-07-12,7.141666666666667,-6.446903316867889,-0.4222129435353579,0.0,672.0,109.0909090909091,31.212500000000002,71.41666666666667,2.7,6.699999999999999
2022-07-13,8.387500000000001,-6.0905003720810384,-1.1502865716267163,0.0,1548.0,196.8181818181818,30.954166666666666,74.20833333333333,0.2,7.599999999999998
2022-07-14,11.25,-8.403533716622755,-3.7283180524380235,0.041666666666666664,1322.0,364.54545454545456,29.950000000000003,76.45833333333333,10.6,6.600000000000001
2022-07-15,15.616666666666667,-14.493982823326618,-1.0112806820542202,0.0,1790.0,537.2727272727273,31.4375,67.5,2.6,7.5
2022-07-16,9.270833333333334,-8.15710465899681,1.816610909468628,0.0,649.0,507.72727272727275,29.645833333333332,75.125,20.5,5.700000000000003
2022-07-17,9.208333333333334,-8.318371012798716,0.10630859722248494,0.0,749.0,307.72727272727275,29.65416666666667,80.125,10.3,8.500000000000004
2022-07-18,6.0249999999999995,-2.6661958443263285,-1.7764384258406547,0.2916666666666667,1069.0,85.9090909090909,30.974999999999998,75.70833333333333,3.2,9.600000000000001
2022-07-19,7.208333333333333,-1.9094046239320372,-0.14565908041811934,0.16666666666666666,1021.0,108.63636363636364,31.0625,75.16666666666667,1.7000000000000002,7.899999999999999
2022-07-20,9.933333333333334,8.20593334448414,0.6348981987817689,0.3333333333333333,719.0,161.8181818181818,28.9375,83.5,26.9,6.799999999999997
2022-07-21,4.5874999999999995,-0.8828181110943741,0.33319430668380473,0.125,665.0,129.0909090909091,27.787499999999998,83.70833333333333,16.5,6.099999999999998
2022-07-22,6.904166666666666,-6.047716578280582,-1.4373308774933191,0.0,693.0,79.54545454545455,27.804166666666664,85.83333333333333,5.0,6.199999999999999
2022-07-23,13.475,-13.05434838132036,1.7199507104645047,0.0,762.0,361.3636363636364,27.745833333333334,85.41666666666667,15.4,5.899999999999999
2022-07-24,15.15,-14.129382640313638,4.816677942094036,0.0,794.0,525.4545454545455,28.954166666666666,80.75,7.8,7.599999999999998
2022-07-25,15.716666666666667,-14.450742040197389,5.534400031298792,0.0,1038.0,595.4545454545455,28.691666666666666,78.70833333333333,9.9,6.699999999999999
2022-07-26,14.375,-13.187317001992442,5.180047091203615,0.0,990.0,499.54545454545456,28.183333333333334,79.25,2.8000000000000003,6.199999999999999
2022-07-27,12.841666666666667,-10.985898014738448,6.155640237259497,0.0,722.0,386.3636363636364,28.304166666666664,81.0,4.9,6.800000000000001
2022-07-28,5.666666666666667,-0.05647466998602476,3.7812844011308524,0.041666666666666664,559.0,169.54545454545453,27.625,85.79166666666667,21.8,6.699999999999999
2022-07-29,6.875,5.893621199656802,0.9545770373966981,0.3333333333333333,702.0,101.81818181818181,27.308333333333334,87.125,16.9,5.5
2022-07-30,5.566666666666666,2.9344385384575653,1.036015564267969,0.2916666666666667,629.0,74.0909090909091,27.695833333333336,85.79166666666667,4.9,5.900000000000002
2022-07-31,6.7749999999999995,3.474046140919725,3.0413580989520916,0.041666666666666664,765.0,119.0909090909091,28.40416666666667,81.125,1.0,7.399999999999999
2022-08-01,6.608333333333333,4.494775187212004,0.20329250117194256,0.4583333333333333,1047.0,136.36363636363637,27.84166666666667,83.625,10.0,6.300000000000001
2022-08-02,9.387500000000001,7.690851112867082,-2.242704797085989,0.6666666666666666,1214.0,179.0909090909091,29.349999999999998,77.625,0.30000000000000004,7.599999999999998
2022-08-03,7.4624999999999995,2.019111727318679,0.1530205096059135,0.5416666666666666,621.0,99.0909090909091,29.09583333333333,80.25,0.6,6.399999999999999
2022-08-04,8.066666666666666,-7.325796625855721,1.938428846515322,0.0,561.0,183.63636363636363,28.108333333333334,85.375,1.7,5.100000000000001
2022-08-05,8.266666666666667,-7.228013256061036,2.5559457996878714,0.0,445.0,173.63636363636363,27.641666666666666,85.875,5.7,6.399999999999999
2022-08-06,3.8666666666666667,-0.5516540580649371,0.6547748584588889,0.125,872.0,77.72727272727273,28.683333333333334,83.33333333333333,1.9000000000000001,6.799999999999997
2022-08-07,7.708333333333333,-6.161055122611699,2.3092178047619556,0.0,321.0,108.63636363636364,27.775000000000002,85.41666666666667,18.6,5.5
2022-08-08,5.883333333333333,-5.522198555704034,0.1742267927721536,0.0,1047.0,70.45454545454545,29.070833333333336,80.33333333333333,0.2,8.499999999999996
2022-08-09,9.7125,-9.488982077494564,-0.5330869800714754,0.0,1212.0,81.81818181818181,30.366666666666664,76.66666666666667,0.4,6.100000000000001
2022-08-10,10.595833333333333,-10.128437773068425,1.8652224252600187,0.0,993.0,193.1818181818182,30.887500000000003,71.875,0.4,6.899999999999999
2022-08-11,17.258333333333333,-15.16893101791858,-4.906251534890008,0.0,1149.0,482.72727272727275,27.804166666666664,81.66666666666667,3.8,2.099999999999998
2022-08-12,15.779166666666667,-15.079399039628806,-0.15470476853836343,0.0,1241.0,333.6363636363636,29.320833333333336,72.45833333333333,0.2,8.500000000000004
2022-08-13,13.408333333333333,-10.578809061934413,5.410386990408131,0.0,1031.0,385.90909090909093,29.4375,75.25,0.8,6.900000000000002
2022-08-14,7.283333333333334,1.334675725752125,0.045043908451873144,0.4166666666666667,537.0,133.1818181818182,27.920833333333334,85.375,5.5,6.5000000000000036
2022-08-15,11.170833333333334,-8.9870831188524,-3.0735603497904056,0.08333333333333333,880.0,269.09090909090907,27.90416666666667,82.16666666666667,1.6,5.399999999999999
2022-08-16,22.27916666666667,-21.359801611088248,3.302113858681475,0.0,1156.0,788.6363636363636,27.40833333333333,79.41666666666667,8.4,4.900000000000002
2022-08-17,16.395833333333332,-11.090979311792546,11.240310150819269,0.0,910.0,494.54545454545456,28.34583333333333,75.33333333333333,0.30000000000000004,6.800000000000001
2022-08-18,9.1,6.017538089195704,5.028905134337942,0.0,1012.0,143.1818181818182,29.2375,72.58333333333333,0.8,7.899999999999999
2022-08-19,12.795833333333334,11.404337252726764,-2.5391857740997454,0.75,1041.0,248.1818181818182,29.954166666666666,70.66666666666667,0.5,7.399999999999999
2022-08-20,6.579166666666667,0.5576331572874677,-2.201948606832419,0.375,915.0,157.72727272727272,27.791666666666668,80.95833333333333,6.8,6.0
2022-08-21,6.745833333333334,4.280385335025444,-2.6889202564144092,0.625,748.0,137.72727272727272,29.391666666666666,76.45833333333333,0.30000000000000004,7.899999999999999
2022-08-22,9.895833333333334,-5.420520482698166,-3.7290114465222133,0.3333333333333333,1138.0,269.54545454545456,29.1875,76.625,6.5,7.099999999999998
2022-08-23,22.558333333333334,-20.45133673460445,6.35684918225087,0.0,1565.0,903.6363636363636,29.333333333333332,71.08333333333333,1.2,7.200000000000003
2022-08-24,13.012500000000001,-10.121811277118523,7.403801749448145,0.0,946.0,422.27272727272725,28.366666666666664,75.91666666666667,0.7000000000000001,6.4999999999999964
2022-08-25,4.9875,-0.5716100846689592,3.816163082068282,0.0,1049.0,82.27272727272727,29.108333333333334,73.29166666666667,0.5,8.5
2022-08-26,10.887500000000001,10.112121757410518,-2.3729877597546944,0.9166666666666666,1066.0,161.8181818181818,30.191666666666666,65.25,0.5,8.299999999999997
2022-08-27,16.429166666666667,15.57864169247136,-4.0225741926753695,0.875,1327.0,271.8181818181818,30.65833333333333,60.875,1.2,7.399999999999999
2022-08-28,15.366666666666667,14.726929049669986,0.16865829132386034,0.625,1350.0,286.3636363636364,31.004166666666666,55.458333333333336,0.1,8.0
2022-08-29,8.2125,3.9982058644829883,-0.21045340899652765,0.16666666666666666,1135.0,190.45454545454547,30.145833333333332,60.916666666666664,0.6,7.599999999999998
2022-08-30,5.791666666666667,1.2451404553798813,2.35690294147001,0.2916666666666667,1083.0,52.27272727272727,30.554166666666664,67.54166666666667,0.0,10.499999999999996
2022-08-31,9.320833333333333,8.746222659671327,-0.10947221519179513,0.5,1443.0,60.0,31.3875,61.333333333333336,0.2,9.099999999999998
2022-09-01,8.775,6.839127087912279,0.46579607440596443,0.4583333333333333,1623.0,56.81818181818182,31.849999999999998,60.291666666666664,0.5,8.999999999999996
2022-09-02,6.8125,4.329899391044327,0.4871073309210081,0.375,1480.0,99.54545454545455,31.879166666666666,57.791666666666664,0.0,9.300000000000004
2022-09-03,12.5875,11.942070204033497,-1.8114021711892025,0.625,1876.0,75.45454545454545,32.041666666666664,51.416666666666664,0.0,10.200000000000003
2022-09-04,15.254166666666668,14.836749649435427,2.3433036546000197,0.20833333333333334,1846.0,296.8181818181818,32.083333333333336,51.25,0.0,9.2
2022-09-05,9.424999999999999,8.625357599740099,1.375516093162777,0.4166666666666667,1461.0,233.1818181818182,31.454166666666666,52.791666666666664,0.0,9.200000000000003
2022-09-06,7.0625,6.016068477390991,-2.4842444994956563,0.7083333333333334,1636.0,56.36363636363637,31.729166666666668,52.5,0.0,10.299999999999997
2022-09-07,7.429166666666667,3.0874045399308816,-6.07034249392256,0.875,1827.0,82.72727272727273,31.9875,52.541666666666664,0.0,10.099999999999998
2022-09-08,6.4750000000000005,-3.772417821430834,-3.2295375905106845,0.0,1708.0,95.9090909090909,31.833333333333332,53.25,0.0,10.0
2022-09-09,8.016666666666667,-7.124744273941925,2.589112399766391,0.0,1530.0,277.72727272727275,31.566666666666666,62.708333333333336,0.2,7.300000000000001
2022-09-10,9.354166666666666,-8.257017785919265,2.242329353415796,0.0,1221.0,349.54545454545456,30.179166666666664,68.95833333333333,3.0999999999999996,9.499999999999996
2022-09-11,10.104166666666666,-9.004833747692512,-0.2044393662074722,0.0,1689.0,270.90909090909093,29.695833333333336,68.04166666666667,3.7,9.100000000000001
2022-09-12,10.595833333333333,-10.116050517435417,-0.37967360765337776,0.0,1662.0,348.6363636363636,30.254166666666666,64.25,1.0,8.200000000000003
2022-09-13,17.349999999999998,-16.705301493731948,-0.0903185574984578,0.0,1629.0,670.4545454545455,29.491666666666664,67.04166666666667,1.6,9.099999999999998
2022-09-14,19.3,-18.19308715301802,-4.854955705337421,0.0,959.0,800.4545454545455,27.516666666666666,76.58333333333333,6.1,5.300000000000001
2022-09-15,14.508333333333333,-12.243768770102383,-7.061446175492963,0.0,537.0,484.09090909090907,26.120833333333334,85.54166666666667,9.200000000000001,5.900000000000002
2022-09-16,9.895833333333334,0.33276170768140684,-7.3769669044251485,0.5,250.0,243.1818181818182,26.179166666666664,83.625,13.4,7.5
2022-09-17,9.637500000000001,2.9731606234123826,-0.05523865898587458,0.3333333333333333,1144.0,105.0,27.462500000000002,78.29166666666667,0.8,9.899999999999999
2022-09-18,6.95,-1.0153634883555924,-3.0334788625441718,0.375,1333.0,64.54545454545455,28.016666666666666,78.66666666666667,0.4,9.900000000000002
2022-09-19,6.670833333333333,0.1965202183341945,-2.624028439089097,0.375,956.0,26.363636363636363,28.541666666666668,74.5,0.0,8.8
2022-09-20,5.333333333333333,-3.955267579469188,-0.13352606101132963,0.041666666666666664,594.0,48.18181818181818,27.191666666666666,84.04166666666667,2.4,8.100000000000001
2022-09-21,5.5125,-3.7897592614000453,-2.1775999494562877,0.08333333333333333,621.0,101.81818181818181,27.3875,83.91666666666667,1.7000000000000002,7.0
2022-09-22,10.654166666666667,-6.256882821307047,-6.264785129983365,0.041666666666666664,629.0,211.36363636363637,25.070833333333336,92.29166666666667,33.9,3.1999999999999993
2022-09-23,12.308333333333332,-11.74676224105401,-2.209959791110027,0.0,641.0,414.09090909090907,24.700000000000003,93.83333333333333,48.199999999999996,4.600000000000001
2022-09-24,15.945833333333333,-13.605702897543873,3.826116336124031,0.0,755.0,403.6363636363636,24.662499999999998,93.75,41.5,3.6000000000000014
2022-09-25,10.025,4.154172429943934,3.3237794086913883,0.25,964.0,199.54545454545453,26.304166666666664,83.91666666666667,0.9,7.199999999999999
2022-09-26,7.629166666666666,4.845773108132933,-4.655794964588693,0.7916666666666666,1023.0,80.9090909090909,26.724999999999998,83.20833333333333,0.1,8.399999999999999
2022-09-27,7.9624999999999995,6.6724653776104,-4.069215809519432,0.9583333333333334,1061.0,54.54545454545455,26.65833333333333,79.04166666666667,0.0,8.799999999999997
2022-09-28,6.908333333333334,5.15442908364507,-3.6736368348822137,0.875,1283.0,38.18181818181818,27.2375,76.08333333333333,0.2,9.200000000000003
2022-09-29,8.345833333333333,6.180129888065509,-4.620299595935454,0.875,1292.0,38.18181818181818,27.162499999999998,76.5,0.0,8.899999999999999
2022-09-30,7.945833333333333,4.552216725331566,-4.687874329841959,0.7083333333333334,1302.0,30.0,27.329166666666666,75.58333333333333,0.0,8.899999999999999
2022-10-01,7.720833333333334,3.574118937345767,-4.021478828422026,0.5,1374.0,27.727272727272727,27.974999999999998,72.08333333333333,0.0,9.400000000000002
2022-10-02,8.6,6.756937887867412,-3.3471434494019014,0.7916666666666666,1539.0,61.36363636363637,28.008333333333336,66.16666666666667,0.0,10.3
2022-10-03,14.583333333333334,11.620296227986616,-8.06076724263303,1.0,1578.0,100.9090909090909,27.741666666666664,60.708333333333336,0.0,10.100000000000001
2022-10-04,9.779166666666667,2.0235140943591627,-7.114297230665067,0.75,1174.0,76.36363636363636,27.695833333333336,66.54166666666667,0.0,9.600000000000001
2022-10-05,7.3125,-6.043597229637939,-0.28846564309047945,0.041666666666666664,1020.0,153.63636363636363,27.120833333333334,76.83333333333333,0.1,8.8
2022-10-06,10.191666666666666,-10.050543585401815,-0.008850739577207722,0.0,1146.0,391.3636363636364,26.383333333333336,74.83333333333333,0.0,7.599999999999998
2022-10-07,11.979166666666666,-11.220494614310708,-2.189830161931194,0.0,559.0,391.3636363636364,24.570833333333336,82.25,1.1,3.1999999999999993
2022-10-08,13.745833333333332,-13.325753539027389,-1.443274368614197,0.0,490.0,353.1818181818182,22.491666666666664,94.83333333333333,37.2,2.1000000000000014
2022-10-09,11.912500000000001,-9.511935580041731,-5.005436277442017,0.0,444.0,307.27272727272725,22.645833333333332,92.625,47.1,4.899999999999999
2022-10-10,8.770833333333334,-7.494068824795786,-2.142689635634613,0.0,552.0,210.9090909090909,23.458333333333332,88.33333333333333,1.6,6.399999999999999
2022-10-11,5.970833333333334,0.44208723963350494,1.2249229667619912,0.16666666666666666,592.0,174.54545454545453,23.462500000000002,87.41666666666667,2.7,5.700000000000003
2022-10-12,6.6625000000000005,3.6174296290982055,-4.771625022995522,0.9583333333333334,934.0,50.90909090909091,23.78333333333333,82.66666666666667,0.0,8.3
2022-10-13,9.004166666666666,7.094945745781569,-4.819570380201133,0.9166666666666666,1220.0,67.27272727272727,23.84583333333333,72.29166666666667,0.0,10.0
2022-10-14,9.204166666666667,7.388854040219749,-5.0039005770834954,1.0,1285.0,68.63636363636364,23.72083333333333,68.41666666666667,0.0,10.399999999999999
2022-10-15,7.754166666666666,5.997389502994115,-2.5654855653246686,0.6666666666666666,1279.0,48.63636363636363,23.920833333333334,68.625,0.0,10.900000000000002
2022-10-16,6.095833333333334,4.437634203689224,-2.663914385546141,0.875,1214.0,23.636363636363637,24.166666666666668,69.29166666666667,0.0,11.7
2022-10-17,7.845833333333334,7.510864620989047,0.6112043587321914,0.5,1241.0,25.0,24.254166666666666,63.125,0.0,12.0
2022-10-18,7.395833333333333,4.200536572994951,2.269292228480198,0.20833333333333334,797.0,34.09090909090909,24.270833333333332,60.333333333333336,0.0,12.099999999999998
2022-10-19,7.354166666666667,0.9236444659414472,2.5671815308911174,0.2916666666666667,901.0,48.18181818181818,23.770833333333332,66.29166666666667,0.0,11.400000000000002
2022-10-20,6.316666666666666,-0.37774707479007885,3.595924362383824,0.041666666666666664,654.0,65.45454545454545,23.575,64.0,1.1,11.7
2022-10-21,5.583333333333333,3.110519592292103,1.4215947086932,0.5,699.0,30.90909090909091,24.008333333333336,65.04166666666667,0.0,12.7
2022-10-22,8.5875,6.550329741298834,-4.089982057439662,0.8333333333333334,1004.0,32.72727272727273,22.775000000000002,67.08333333333333,0.0,10.899999999999999
2022-10-23,6.866666666666667,5.43819081783595,-3.8147575866269676,1.0,1116.0,37.72727272727273,22.025000000000002,63.166666666666664,0.0,12.5
2022-10-24,9.808333333333334,7.375840694073065,-5.88611275161393,1.0,826.0,56.81818181818182,22.254166666666666,60.875,0.0,12.799999999999997
2022-10-25,11.658333333333333,9.89446339094413,-4.261896708351626,0.8333333333333334,1036.0,58.63636363636363,22.104166666666668,56.375,0.0,13.0
2022-10-26,6.4375,2.300184719936211,0.05294269303095029,0.3333333333333333,934.0,24.09090909090909,23.099999999999998,62.25,0.0,12.900000000000002
2022-10-27,5.208333333333333,2.086881332745796,-0.06420153765392593,0.375,994.0,17.272727272727273,24.02916666666667,61.166666666666664,0.0,13.100000000000001
2022-10-28,5.7250000000000005,0.661608757198466,-0.44133259056418767,0.3333333333333333,1031.0,21.363636363636363,23.224999999999998,65.54166666666667,0.0,12.899999999999999
2022-10-29,4.795833333333333,3.06743796949722,-0.7415047370497355,0.5833333333333334,1229.0,26.818181818181817,23.429166666666664,63.416666666666664,0.0,12.0
2022-10-30,7.279166666666666,6.5496430548693,-1.3691049840097047,0.5833333333333334,1211.0,20.90909090909091,22.983333333333334,62.583333333333336,0.0,12.8
2022-10-31,5.458333333333333,2.2126419037441667,0.7031076906954711,0.4166666666666667,1091.0,23.181818181818183,23.212500000000002,63.208333333333336,0.0,13.0
2022-11-01,7.254166666666666,-0.28155572675831225,5.97870850056436,0.0,890.0,53.63636363636363,23.379166666666666,67.79166666666667,0.0,12.8
2022-11-02,8.983333333333333,4.6094288052112775,-2.5697381881456933,0.75,892.0,52.72727272727273,23.166666666666668,70.125,0.0,11.5
2022-11-03,10.183333333333334,8.601901243346393,-3.3212497218500907,0.7083333333333334,950.0,48.63636363636363,23.479166666666668,66.33333333333333,0.0,12.399999999999999
2022-11-04,4.658333333333333,-1.226232167440614,-0.2550995574935189,0.20833333333333334,881.0,45.90909090909091,24.816666666666666,64.875,0.0,9.900000000000002
2022-11-05,9.408333333333333,-8.219702833115884,4.038993682811916,0.0,954.0,104.0909090909091,23.933333333333334,77.08333333333333,0.0,10.399999999999999
2022-11-06,7.491666666666667,-3.677536598307799,5.825553245979067,0.0,869.0,70.9090909090909,23.462500000000002,77.91666666666667,0.0,10.3
2022-11-07,6.245833333333334,-0.32969234149197096,-1.1386807315118121,0.20833333333333334,635.0,22.272727272727273,23.366666666666664,71.70833333333333,0.6,12.099999999999998
2022-11-08,6.529166666666666,1.1276134996091496,-0.5674937044219622,0.2916666666666667,715.0,34.54545454545455,21.84583333333333,74.875,6.8999999999999995,10.900000000000002
2022-11-09,3.85,1.1726105041825678,-0.767467204199991,0.5833333333333334,944.0,25.454545454545453,22.083333333333332,70.16666666666667,0.1,10.600000000000001
2022-11-10,7.366666666666667,3.3287894650803014,-3.81284508118963,0.5,1170.0,39.09090909090909,21.116666666666667,74.20833333333333,0.0,8.600000000000001
2022-11-11,11.558333333333332,10.289122126898652,-4.316848038346664,0.875,1219.0,87.72727272727273,20.120833333333334,64.5,0.0,10.7
2022-11-12,13.283333333333333,11.853189837170598,-5.209314538705815,1.0,1328.0,110.0,19.970833333333335,58.958333333333336,0.0,10.799999999999999
2022-11-13,10.695833333333333,9.39103954390631,-2.338477706558116,0.6666666666666666,1128.0,56.36363636363637,19.966666666666665,62.916666666666664,0.0,11.7
2022-11-14,8.125,-2.7849770097272333,1.4111825901201318,0.0,1024.0,89.54545454545455,20.929166666666667,61.791666666666664,0.0,12.4
2022-11-15,6.808333333333334,1.8167738264616375,-4.531511429173272,0.5833333333333334,894.0,64.0909090909091,20.308333333333334,65.95833333333333,0.0,11.2
2022-11-16,10.379166666666666,7.92194975695677,-6.54718620017977,1.0,1500.0,97.72727272727273,19.425,60.291666666666664,0.0,9.3
2022-11-17,12.537500000000001,11.491926012335796,-4.487055519446937,1.0,1518.0,88.18181818181819,18.091666666666665,60.5,0.0,10.9
2022-11-18,9.616666666666665,7.373569664913368,-4.372476218913098,0.75,1189.0,46.81818181818182,17.337500000000002,57.458333333333336,0.0,12.0
2022-11-19,7.391666666666667,4.624921263353899,-4.6972079425194275,0.875,969.0,19.09090909090909,17.704166666666666,58.541666666666664,0.0,12.500000000000002
2022-11-20,9.216666666666667,7.631885121358715,-4.362134591143807,1.0,794.0,50.0,17.483333333333334,62.333333333333336,0.0,13.4
2022-11-21,11.795833333333334,10.52299485560131,-4.7471737747403955,1.0,728.0,76.81818181818181,18.0625,58.458333333333336,0.0,12.999999999999998
2022-11-22,10.825000000000001,10.080344312369332,-3.45726011168787,1.0,900.0,67.72727272727273,17.908333333333335,55.25,0.0,12.4
2022-11-23,12.116666666666667,11.441947204239185,-2.940194232246252,0.8333333333333334,974.0,55.45454545454545,17.620833333333334,50.541666666666664,0.0,13.2
2022-11-24,11.166666666666666,10.545676015220357,-1.792076807203799,0.7083333333333334,720.0,55.45454545454545,17.258333333333333,54.0,0.0,12.799999999999999
2022-11-25,7.625,5.70833608662928,-4.071737471754943,0.875,851.0,24.09090909090909,17.354166666666668,57.041666666666664,0.0,13.6
2022-11-26,10.479166666666666,9.7506348906494,-3.6523173916896803,1.0,732.0,62.27272727272727,17.2625,56.791666666666664,0.0,13.200000000000001
2022-11-27,7.6125,6.983004917352315,-1.5871609624513805,0.7083333333333334,697.0,33.18181818181818,16.879166666666666,65.25,0.0,13.500000000000002
2022-11-28,5.2375,4.437867813060707,-1.5493562052191556,0.8333333333333334,870.0,18.181818181818183,17.420833333333334,63.291666666666664,0.0,14.3
2022-11-29,7.0874999999999995,5.879045513042982,-0.9450523652987061,0.625,851.0,13.181818181818182,16.795833333333334,67.91666666666667,0.0,13.7
2022-11-30,7.1499999999999995,6.58453581831031,-1.6654915771778311,0.8333333333333334,812.0,25.454545454545453,16.816666666666666,71.125,0.0,12.3
2022-12-01,8.104166666666666,7.685567253302515,-1.0219349505182043,0.625,776.0,36.81818181818182,16.483333333333334,73.91666666666667,0.0,12.4
2022-12-02,5.470833333333334,4.730210622674321,0.49208883508491663,0.4166666666666667,902.0,23.181818181818183,16.754166666666666,73.625,0.0,12.399999999999999
2022-12-03,4.883333333333334,3.70772495827211,1.0122079237680282,0.375,960.0,20.0,17.075,72.70833333333333,0.0,12.7
2022-12-04,8.295833333333333,7.540993442199639,-1.1915051718183027,0.5416666666666666,874.0,29.09090909090909,16.508333333333333,73.95833333333333,0.0,12.2
2022-12-05,6.7749999999999995,6.403919522437835,-1.42993165096894,0.7916666666666666,901.0,33.63636363636363,15.545833333333334,73.66666666666667,0.0,11.9
2022-12-06,13.320833333333333,12.624052243160358,-3.744225215974794,1.0,885.0,93.18181818181819,16.041666666666668,68.625,0.0,11.600000000000001
2022-12-07,15.504166666666668,14.640843515705177,-4.1654705945219686,1.0,923.0,155.0,16.366666666666667,68.25,0.0,11.7
2022-12-08,11.254166666666668,9.112865234915153,-4.8943318934263536,0.8333333333333334,742.0,66.36363636363636,15.975,73.125,0.0,11.9
2022-12-09,7.979166666666667,6.308938420770896,-1.6935362812074188,0.5416666666666666,548.0,38.18181818181818,16.316666666666666,75.79166666666667,0.0,12.8
2022-12-10,8.6875,6.589273471207925,-5.049670497381876,0.9583333333333334,574.0,41.36363636363637,16.941666666666666,71.16666666666667,0.0,14.5
2022-12-11,9.829166666666667,8.357140370879062,-4.942632607067513,1.0,550.0,70.0,17.3125,68.91666666666667,0.0,13.7
2022-12-12,11.166666666666666,9.840747334161684,-5.1353152859302105,1.0,661.0,98.63636363636364,16.900000000000002,61.5,0.0,13.100000000000001
2022-12-13,15.204166666666666,13.42910494152049,-6.858338371322421,1.0,805.0,177.72727272727272,16.829166666666666,52.791666666666664,0.0,13.099999999999998
2022-12-14,14.691666666666668,13.50840765051777,-5.423522071484779,1.0,957.0,175.45454545454547,15.679166666666667,54.833333333333336,0.0,10.900000000000002
2022-12-15,12.725,12.105729941246523,-2.6823720823149912,0.75,865.0,85.9090909090909,14.637500000000001,56.458333333333336,0.0,12.600000000000001
2022-12-16,10.233333333333333,10.054397069512854,0.22461119773071903,0.5,712.0,60.45454545454545,14.0375,65.66666666666667,0.0,12.6
2022-12-17,8.008333333333333,7.441922776708215,0.3073506385801689,0.25,650.0,33.18181818181818,14.0875,69.33333333333333,0.0,13.399999999999999
2022-12-18,7.029166666666666,5.915213305790192,-2.3233409856697214,0.7083333333333334,697.0,28.636363636363637,14.304166666666667,75.875,0.0,13.2
2022-12-19,7.854166666666667,6.501510525123688,-3.2781219804544306,0.9583333333333334,686.0,27.727272727272727,14.174999999999999,79.375,0.0,12.499999999999998
2022-12-20,7.908333333333334,7.086921364335912,-2.51098972252982,0.9166666666666666,670.0,43.63636363636363,13.637500000000001,76.83333333333333,0.0,12.200000000000001
2022-12-21,8.158333333333333,3.526724165581643,-7.027057721611526,1.0,485.0,53.63636363636363,13.070833333333333,78.79166666666667,0.0,12.9
2022-12-22,8.091666666666667,4.363098674104152,-6.503558697727694,1.0,454.0,68.18181818181819,12.9625,79.33333333333333,0.0,11.8
2022-12-23,7.183333333333334,1.0126043768818838,-6.66799757394999,0.625,473.0,67.27272727272727,12.262500000000001,81.58333333333333,0.0,11.2
2022-12-24,10.929166666666667,7.798784032060724,-7.266856307217978,1.0,741.0,137.72727272727272,12.475,74.70833333333333,0.0,10.399999999999999
2022-12-25,11.325000000000001,10.34263405497398,-4.426565043781189,1.0,626.0,130.0,10.958333333333334,81.125,0.0,10.600000000000001
2022-12-26,8.6,6.99949905253342,-4.628176885560895,1.0,493.0,68.63636363636364,11.125,83.54166666666667,0.0,12.099999999999998
2022-12-27,13.5875,12.597691841208425,-4.831222863892366,1.0,633.0,139.0909090909091,11.908333333333333,78.875,0.0,11.700000000000001
2022-12-28,15.933333333333332,15.495989895865018,-3.397161464780508,1.0,733.0,189.0909090909091,13.104166666666666,72.125,0.0,11.8
2022-12-29,8.387500000000001,3.188575401683434,-0.7707475393525763,0.375,442.0,96.36363636363636,14.129166666666668,73.95833333333333,0.0,10.799999999999999
2022-12-30,8.479166666666666,-4.320589108365797,3.9570182377555327,0.16666666666666666,634.0,102.72727272727273,14.920833333333334,74.45833333333333,0.0,9.6
2022-12-31,12.575000000000001,11.780779720688308,-4.097133341741819,1.0,822.0,115.0,13.095833333333333,81.45833333333333,0.0,9.4
2023-01-01,5.966666666666666,5.144781449675497,-0.49616591494660217,0.5833333333333334,1077.0,50.90909090909091,12.479166666666666,78.54166666666667,0.0,10.4
2023-01-02,4.966666666666667,2.6905681303876787,-2.8633172964940017,0.6666666666666666,1056.0,15.454545454545455,12.270833333333334,77.70833333333333,0.0,11.899999999999999
2023-01-03,6.608333333333333,3.870275573160074,-4.030955184851032,0.75,1045.0,34.54545454545455,10.6625,85.375,0.0,10.600000000000001
2023-01-04,8.4625,5.811373212244217,-5.604108203375598,1.0,738.0,66.81818181818181,9.695833333333333,87.54166666666667,0.0,11.1
2023-01-05,8.104166666666666,6.234452992729437,-3.886975476316001,1.0,443.0,46.36363636363637,8.916666666666666,89.20833333333333,0.0,10.0
2023-01-06,6.7124999999999995,4.74987288638312,-3.9488103096567113,0.9166666666666666,424.0,37.72727272727273,8.325000000000001,87.45833333333333,0.0,9.3
2023-01-07,9.079166666666667,7.820061086463202,-4.034797794909893,0.9583333333333334,416.0,49.09090909090909,8.25,87.41666666666667,0.0,11.5
2023-01-08,9.704166666666667,7.7943100319887115,-3.883659142868902,0.875,428.0,55.0,10.120833333333334,87.70833333333333,0.0,11.400000000000002
2023-01-09,5.375,4.222683055220388,-2.2973641155724107,0.75,391.0,21.363636363636363,11.083333333333334,88.45833333333333,0.0,11.7
2023-01-10,8.933333333333334,8.021267587087474,-3.4216268177609432,0.9583333333333334,531.0,47.72727272727273,11.554166666666667,89.25,0.0,10.899999999999999
2023-01-11,7.354166666666667,0.20314229277371268,-0.5365690814110212,0.4166666666666667,366.0,115.0,12.179166666666667,85.95833333333333,0.0,12.1
2023-01-12,12.766666666666666,-9.560008534184426,6.2812370068890155,0.0,676.0,188.63636363636363,14.470833333333333,80.875,0.1,10.3
2023-01-13,9.558333333333334,-5.747999004182482,0.08883012916526578,0.2916666666666667,569.0,107.27272727272727,13.950000000000001,87.16666666666667,18.2,8.000000000000002
2023-01-14,13.383333333333333,11.740965421010491,-6.2684796884830645,1.0,1019.0,145.9090909090909,12.120833333333332,75.66666666666667,0.0,9.0
2023-01-15,12.65,11.526867728119761,-4.8914606805539655,1.0,1016.0,120.45454545454545,9.416666666666666,65.58333333333333,0.0,9.8
2023-01-16,9.387500000000001,7.500375237576569,-4.722985125206761,0.8333333333333334,990.0,51.81818181818182,9.033333333333333,63.5,0.0,11.8
2023-01-17,10.145833333333334,8.783700544686196,-4.236654146228751,0.9583333333333334,897.0,54.54545454545455,9.0,64.16666666666667,0.0,12.799999999999999
2023-01-18,8.579166666666667,7.5932600736401925,-3.277569068830665,0.9166666666666666,850.0,37.72727272727273,9.2125,65.08333333333333,0.0,13.400000000000002
2023-01-19,7.216666666666666,2.7563006982094946,-4.55403790316969,0.625,723.0,43.18181818181818,12.225,63.75,0.3,11.999999999999998
2023-01-20,10.475,0.8595317068080913,-10.045760380377212,0.625,1144.0,209.0909090909091,14.0625,70.08333333333333,0.0,10.0
2023-01-21,5.554166666666667,2.9529578688181903,-4.09986074327723,0.8333333333333334,929.0,42.27272727272727,13.266666666666666,79.16666666666667,0.0,13.5
2023-01-22,8.4625,-1.8771133589018607,-7.90463871578034,0.20833333333333334,932.0,43.63636363636363,14.15,71.29166666666667,0.0,13.6
2023-01-23,6.520833333333333,-1.7649142597804797,-2.7872393079971505,0.041666666666666664,926.0,36.81818181818182,15.504166666666668,63.833333333333336,0.0,14.4
2023-01-24,11.958333333333334,-7.42044273954149,7.547634792687494,0.0,895.0,96.81818181818181,16.908333333333335,81.79166666666667,11.3,8.1
2023-01-25,6.070833333333333,1.7176176783934585,-1.5657690731302987,0.6666666666666666,716.0,122.27272727272727,16.466666666666665,83.45833333333333,1.0,9.200000000000001
2023-01-26,12.7125,9.845489353565712,-7.885488520597448,1.0,981.0,154.54545454545453,14.354166666666666,76.83333333333333,0.0,9.1
2023-01-27,14.620833333333332,13.031980847334735,-6.4673844762985615,1.0,713.0,164.0909090909091,12.141666666666666,68.20833333333333,0.0,11.100000000000001
2023-01-28,11.491666666666667,10.65894447116173,-3.017521152188039,0.875,541.0,99.54545454545455,12.558333333333332,68.45833333333333,0.0,14.2
2023-01-29,9.275,-6.9712732007744025,3.5375107688397383,0.041666666666666664,305.0,45.45454545454545,12.845833333333333,84.29166666666667,4.2,8.099999999999998
2023-01-30,8.508333333333335,-5.810213146957491,1.3025895980091746,0.125,604.0,52.27272727272727,13.191666666666668,87.04166666666667,10.2,5.799999999999999
2023-01-31,14.433333333333332,12.623050978880002,-6.510098518873449,1.0,929.0,149.54545454545453,14.120833333333332,83.58333333333333,0.0,10.8
2023-02-01,16.337500000000002,15.226770633667833,-5.73700379386533,1.0,707.0,249.0909090909091,13.741666666666667,75.33333333333333,0.0,10.499999999999998
2023-02-02,15.779166666666667,14.47087494519613,-6.193686813736332,1.0,618.0,160.0,14.745833333333332,64.91666666666667,0.0,12.1
2023-02-03,11.924999999999999,11.158631388671234,-3.158813461682657,0.875,696.0,75.0,15.008333333333333,68.75,0.0,12.799999999999999
2023-02-04,13.479166666666666,12.87677038040844,-2.8220295181515884,1.0,774.0,81.36363636363636,15.9125,65.95833333333333,0.0,12.399999999999999
2023-02-05,9.674999999999999,9.15777371602354,-1.2247050710933276,0.5833333333333334,1019.0,71.81818181818181,16.995833333333334,63.416666666666664,0.0,12.3
2023-02-06,7.7625,-2.5000802331803853,6.07091900660443,0.041666666666666664,805.0,29.09090909090909,17.595833333333335,70.25,0.0,14.700000000000001
2023-02-07,12.6875,10.930091334836591,-4.530189335235747,0.8333333333333334,1198.0,57.27272727272727,17.087500000000002,69.83333333333333,0.0,10.299999999999999
2023-02-08,11.174999999999999,10.152409685715336,-3.6829963568051958,0.875,834.0,62.72727272727273,15.679166666666667,55.5,0.0,12.400000000000002
2023-02-09,9.895833333333334,1.9725022344850174,4.12964963625852,0.25,896.0,75.45454545454545,17.370833333333334,62.541666666666664,0.0,15.8
2023-02-10,9.65,-5.914538714901763,7.483655423054191,0.0,906.0,106.36363636363636,18.595833333333335,71.5,0.0,12.6
2023-02-11,8.85,4.832379576688202,-3.9062291365615103,0.75,1557.0,71.36363636363636,18.8875,62.666666666666664,0.0,12.599999999999998
2023-02-12,15.108333333333334,11.466607829163678,-8.455195181443456,0.9583333333333334,2184.0,244.54545454545453,15.791666666666666,47.25,0.0,11.299999999999999
2023-02-13,22.108333333333334,20.361567921613247,-8.359427487589185,1.0,958.0,430.45454545454544,15.016666666666666,35.125,0.0,11.2
2023-02-14,14.479166666666666,12.488184356408615,-6.651818903779396,1.0,742.0,208.1818181818182,16.795833333333334,43.958333333333336,0.0,12.5
2023-02-15,14.987499999999999,13.893827888250662,-5.375707439434543,1.0,802.0,137.72727272727272,18.329166666666666,54.583333333333336,0.0,12.899999999999999
2023-02-16,7.770833333333333,5.642825070913546,-4.861150152599238,1.0,696.0,42.27272727272727,18.304166666666667,70.54166666666667,0.0,14.7
2023-02-17,5.854166666666667,0.42360567718474523,-3.0288740995074597,0.5416666666666666,921.0,35.45454545454545,19.604166666666668,76.54166666666667,0.0,13.399999999999999
2023-02-18,7.3374999999999995,5.791500752051129,-3.128652777486273,0.8333333333333334,797.0,31.818181818181817,19.0625,77.66666666666667,0.0,13.899999999999999
2023-02-19,5.604166666666667,-0.4711127191031603,-0.8365314340031033,0.25,975.0,24.545454545454547,21.004166666666666,70.29166666666667,0.0,13.099999999999998
2023-02-20,7.241666666666667,-3.3046821031858165,5.685218023650246,0.0,862.0,71.81818181818181,22.366666666666664,64.95833333333333,0.0,15.399999999999999
2023-02-21,9.2875,2.5686727692856253,0.24177045752264426,0.4166666666666667,988.0,86.81818181818181,21.954166666666666,57.708333333333336,0.0,14.000000000000002
2023-02-22,8.058333333333334,4.443042233192501,-6.076861105000258,1.0,1710.0,70.9090909090909,20.545833333333334,62.583333333333336,0.0,14.899999999999999
2023-02-23,12.154166666666667,10.71526076668354,-4.724509695126279,1.0,1258.0,73.63636363636364,19.9875,53.041666666666664,0.0,13.399999999999999
2023-02-24,10.625,9.914667620955644,-2.9497790310494714,0.875,1001.0,44.09090909090909,19.833333333333332,51.083333333333336,0.0,14.899999999999999
2023-02-25,7.366666666666667,4.957229054515216,-2.033116663488197,0.5,1256.0,30.454545454545453,20.991666666666667,53.75,0.0,14.999999999999998
2023-02-26,7.308333333333334,1.5486576729751789,-0.4252772331203308,0.16666666666666666,1462.0,26.818181818181817,22.370833333333334,50.708333333333336,0.0,15.1
2023-02-27,8.829166666666667,4.224407285870971,-5.643198574290206,0.75,1746.0,42.72727272727273,22.258333333333336,52.666666666666664,0.0,14.200000000000001
2023-02-28,7.958333333333333,1.9086767383493404,-6.35716841350709,0.6666666666666666,1286.0,51.36363636363637,21.670833333333334,49.541666666666664,0.0,15.0
2023-03-01,10.112499999999999,-3.033206524005157,-9.000291635757007,0.16666666666666666,1093.0,51.81818181818182,21.866666666666664,49.458333333333336,0.0,14.0
2023-03-02,9.841666666666667,6.592754486470363,-5.962304868616248,0.875,1232.0,39.54545454545455,22.083333333333332,54.916666666666664,0.0,14.8
2023-03-03,11.362499999999999,9.493621903855743,-4.956539144262622,0.875,1513.0,82.72727272727273,22.666666666666668,55.833333333333336,0.0,13.8
2023-03-04,11.529166666666667,8.320910829995587,-7.576682841552251,1.0,756.0,129.0909090909091,22.441666666666666,54.291666666666664,0.0,12.3
2023-03-05,12.545833333333334,10.093499338256743,-6.643902467633018,0.9583333333333334,1647.0,63.63636363636363,22.3875,53.208333333333336,0.0,13.3
2023-03-06,11.358333333333334,8.997148166340326,-5.599186066226594,1.0,1875.0,57.72727272727273,21.691666666666666,49.75,0.0,12.799999999999999
2023-03-07,8.695833333333333,7.569253891367764,-1.0586701558057199,0.4583333333333333,1930.0,27.272727272727273,21.808333333333334,48.291666666666664,0.0,12.899999999999999
2023-03-08,8.275,5.327455444104007,-0.7672492624129205,0.3333333333333333,1633.0,40.45454545454545,21.316666666666666,53.875,0.2,13.399999999999999
2023-03-09,8.895833333333334,5.466616132575218,1.4735700671284508,0.5,1885.0,43.63636363636363,21.025000000000002,61.916666666666664,0.5,11.6
2023-03-10,9.266666666666667,8.60508215087153,-2.060053032727878,0.7083333333333334,1968.0,37.72727272727273,22.370833333333334,57.875,0.0,13.7
2023-03-11,8.116666666666667,7.2895302627191,-2.0968361182192745,0.5833333333333334,2117.0,30.454545454545453,23.208333333333332,51.416666666666664,0.0,13.8
2023-03-12,7.716666666666666,3.9494576553292067,-2.963412835097468,0.5416666666666666,1891.0,27.272727272727273,24.333333333333332,49.083333333333336,0.0,14.799999999999997
2023-03-13,8.366666666666667,4.477160294456919,-4.7128588099402124,0.7916666666666666,1661.0,50.45454545454545,24.316666666666666,49.375,0.0,14.600000000000001
2023-03-14,10.0375,8.177220288425579,-3.5359395653088703,0.7083333333333334,2223.0,37.27272727272727,24.270833333333332,48.5,0.0,14.400000000000002
2023-03-15,7.079166666666667,2.3259697264622643,-3.4972040958536454,0.4583333333333333,2595.0,27.727272727272727,24.804166666666664,43.416666666666664,0.0,15.099999999999998
2023-03-16,10.4,-0.8404726844086791,5.500114004936036,0.041666666666666664,1794.0,25.90909090909091,24.554166666666664,42.5,0.1,12.899999999999999
2023-03-17,6.45,-1.604333686096945,0.8550890127973755,0.08333333333333333,1031.0,50.90909090909091,22.8875,54.916666666666664,1.7000000000000002,9.0
2023-03-18,8.045833333333333,-5.443846082661067,-2.9006520492550383,0.041666666666666664,1154.0,119.54545454545455,20.4375,74.70833333333333,0.3,10.100000000000001
2023-03-19,6.645833333333333,-4.683578885083576,1.9453252750814354,0.0,1045.0,67.72727272727273,19.8625,82.5,0.7000000000000001,10.0
2023-03-20,7.208333333333333,-2.835742053083781,-0.35578835973920975,0.25,614.0,85.9090909090909,18.729166666666668,86.91666666666667,24.299999999999997,7.599999999999998
2023-03-21,7.112500000000001,-3.3877393922121204,-2.2847026615437684,0.20833333333333334,980.0,124.54545454545455,18.3,83.54166666666667,3.1999999999999997,8.500000000000002
2023-03-22,5.908333333333334,2.349897843921267,-0.44646700785615084,0.4166666666666667,1346.0,30.0,19.554166666666667,74.58333333333333,0.0,12.3
2023-03-23,9.095833333333333,8.016204046788012,-3.611873654116673,0.9166666666666666,1702.0,39.54545454545455,21.479166666666668,64.79166666666667,0.0,12.5
2023-03-24,9.045833333333333,-3.284906265839421,2.3128730242465623,0.125,808.0,86.36363636363636,21.599999999999998,68.41666666666667,15.8,10.2
2023-03-25,9.5875,-5.915224545879384,0.1597293732192675,0.125,1055.0,139.0909090909091,21.195833333333333,77.875,1.1,8.900000000000002
2023-03-26,9.741666666666665,2.9293874768046524,-8.144548093887446,0.7916666666666666,1909.0,115.0,21.77916666666667,61.583333333333336,0.0,11.100000000000001
2023-03-27,10.620833333333334,8.92851723587009,-4.041178136577581,1.0,1623.0,91.81818181818181,20.8125,61.583333333333336,0.0,11.3
2023-03-28,9.566666666666666,6.117781810981385,-5.047580778564863,0.7916666666666666,1943.0,46.81818181818182,21.787499999999998,60.833333333333336,0.0,13.0
2023-03-29,8.091666666666667,-0.4575460294279184,-0.11061726095218012,0.08333333333333333,2265.0,30.90909090909091,23.329166666666666,54.958333333333336,0.2,14.100000000000001
2023-03-30,9.579166666666667,0.7688405775590513,-3.553210134027845,0.4166666666666667,882.0,79.0909090909091,21.787499999999998,69.91666666666667,5.7,13.3
2023-03-31,5.808333333333334,-1.5315992315733886,0.5434511307482431,0.3333333333333333,1218.0,104.0909090909091,19.608333333333334,82.58333333333333,9.4,7.199999999999999
2023-04-01,5.429166666666667,-0.8529737054647946,-0.4742010430594903,0.20833333333333334,1464.0,56.81818181818182,20.120833333333334,79.375,0.9,10.6
2023-04-02,8.495833333333334,3.4023965644135603,-2.6386139662044092,0.4583333333333333,1466.0,26.363636363636363,22.233333333333334,69.29166666666667,0.0,12.4
2023-04-03,8.174999999999999,-1.193294281500524,-2.9280913603066057,0.041666666666666664,1766.0,61.36363636363637,23.304166666666664,60.666666666666664,0.0,14.900000000000002
2023-04-04,9.8375,4.16478816274356,-6.65444877896379,0.6666666666666666,1461.0,117.27272727272727,22.258333333333336,60.916666666666664,0.2,10.8
2023-04-05,10.245833333333334,7.17866708050203,-6.3036430517076765,1.0,1723.0,69.54545454545455,22.97083333333333,50.333333333333336,0.0,13.899999999999999
2023-04-06,11.958333333333334,6.69374903823741,-8.666842809489507,0.875,2021.0,162.27272727272728,23.90833333333333,40.541666666666664,0.0,14.600000000000001
2023-04-07,11.879166666666668,9.02785409600928,-6.612855820993644,1.0,1563.0,111.36363636363636,24.3,37.041666666666664,0.0,13.900000000000002
2023-04-08,10.875,9.439877379198947,-2.9788616803309687,0.7916666666666666,1645.0,67.72727272727273,24.400000000000002,33.541666666666664,0.0,14.7
2023-04-09,9.458333333333334,6.516514730682437,-4.616045035270484,0.8333333333333334,2782.0,40.0,26.1875,29.625,0.0,15.100000000000001
2023-04-10,8.700000000000001,6.5272682625755145,-3.657695488260751,0.7083333333333334,2404.0,39.09090909090909,26.458333333333332,28.708333333333332,0.0,13.599999999999998
2023-04-11,13.416666666666666,11.48988594289847,-5.8582809694599085,0.9166666666666666,2700.0,81.81818181818181,27.683333333333334,27.625,0.0,16.5
2023-04-12,15.941666666666668,13.928175635998526,-3.2952659298524067,0.6666666666666666,3330.0,65.45454545454545,29.45,26.791666666666668,0.0,13.299999999999997
2023-04-13,12.120833333333332,11.040771068414024,-3.8440829812911,0.9166666666666666,2747.0,44.09090909090909,29.5,27.583333333333332,0.0,15.000000000000004
2023-04-14,9.958333333333334,9.012725062126352,-2.783121972678567,0.8333333333333334,3004.0,29.545454545454547,29.5625,27.083333333333332,0.0,15.499999999999996
2023-04-15,8.25,5.494964168503841,0.9233197086189979,0.375,4143.0,22.272727272727273,30.974999999999998,23.083333333333332,0.0,17.1
2023-04-16,10.233333333333333,7.922882103674465,1.2667814990308415,0.3333333333333333,3497.0,29.545454545454547,31.291666666666668,24.916666666666668,0.0,16.500000000000004
2023-04-17,9.416666666666666,6.387367363961514,-2.030494864865467,0.5833333333333334,3701.0,30.0,32.550000000000004,24.708333333333332,0.0,14.700000000000003
2023-04-18,12.916666666666666,11.476365371278591,-1.0952952860784546,0.5833333333333334,3686.0,50.0,32.608333333333334,23.375,0.0,13.600000000000001
2023-04-19,10.975,3.8718883513487774,-5.551705522847314,0.5833333333333334,3353.0,121.36363636363636,29.787499999999998,35.541666666666664,0.0,12.199999999999996
2023-04-20,8.316666666666666,3.709190473646466,1.2889598234687092,0.4583333333333333,2803.0,97.72727272727273,28.099999999999998,44.208333333333336,0.0,11.400000000000002
2023-04-21,10.200000000000001,-1.610972962403606,-0.9401642294508988,0.3333333333333333,3810.0,153.63636363636363,28.837500000000002,34.25,0.0,12.800000000000004
2023-04-22,9.737499999999999,-1.1841932638049573,-3.879269604018139,0.4166666666666667,3688.0,122.27272727272727,28.620833333333334,25.916666666666668,0.0,14.3
2023-04-23,11.766666666666666,-1.0968382172693152,-3.004650711651174,0.3333333333333333,3433.0,125.9090909090909,26.95,27.0,0.0,13.0
2023-04-24,10.295833333333333,-7.483406472324784,3.579386587942354,0.041666666666666664,2308.0,145.9090909090909,26.087500000000002,34.708333333333336,0.0,11.899999999999999
2023-04-25,10.6625,-7.4365090426051745,2.556293025411651,0.0,2539.0,159.54545454545453,27.087500000000002,36.583333333333336,0.0,12.600000000000001
2023-04-26,8.179166666666667,-1.7473229794825738,0.9888174029719258,0.25,3249.0,76.36363636363636,28.954166666666666,32.291666666666664,0.0,13.5
2023-04-27,9.620833333333334,-0.7030225689365347,1.182714494857861,0.125,3852.0,155.0,29.099999999999998,30.458333333333332,0.0,12.199999999999996
2023-04-28,6.358333333333333,-0.319583436423547,0.753755431481485,0.20833333333333334,1797.0,48.63636363636363,27.958333333333332,36.041666666666664,0.0,11.100000000000001
2023-04-29,7.808333333333334,4.719055007551239,-0.7716391017686842,0.2916666666666667,1317.0,44.09090909090909,26.479166666666668,48.583333333333336,0.6,11.499999999999996
2023-04-30,7.4125000000000005,-1.969798641781276,-4.598891369192632,0.25,1630.0,166.8181818181818,24.625,61.25,1.4,9.2
2023-05-01,8.262500000000001,-6.997026518082817,-0.9056868109543963,0.0,767.0,321.8181818181818,22.125,80.33333333333333,5.4,8.0
2023-05-02,10.608333333333333,-9.381131292511613,1.312275459467654,0.0,936.0,291.8181818181818,22.541666666666668,80.91666666666667,5.3999999999999995,8.7
2023-05-03,6.983333333333333,-4.425931654874614,-0.6224631867812555,0.08333333333333333,1004.0,132.27272727272728,22.46666666666667,80.66666666666667,6.8,8.3
2023-05-04,4.816666666666666,-3.9054279482283083,-0.7311406316434423,0.08333333333333333,1482.0,70.45454545454545,24.245833333333334,73.125,0.0,11.0
2023-05-05,7.970833333333334,2.7299680339104406,0.983873654399052,0.25,2262.0,43.63636363636363,25.95,59.0,5.3999999999999995,10.2
2023-05-06,8.604166666666666,6.114476734989185,-1.9817339690034188,0.6666666666666666,2262.0,77.72727272727273,27.40833333333333,47.875,0.0,14.7
2023-05-07,10.320833333333333,0.516089129865224,2.5066735639093953,0.08333333333333333,3519.0,84.54545454545455,28.96666666666667,38.958333333333336,0.0,14.100000000000001
2023-05-08,12.6625,-8.650286578858074,5.979458758139928,0.08333333333333333,2309.0,153.1818181818182,29.22083333333333,40.208333333333336,0.0,14.700000000000003
2023-05-09,11.829166666666666,5.099611537829937,-8.698616323432535,0.8333333333333334,2377.0,66.36363636363636,29.53333333333333,33.708333333333336,0.0,15.700000000000003
2023-05-10,13.891666666666666,11.422008501453071,-6.1990850835177875,0.8333333333333334,2445.0,91.81818181818181,29.71666666666667,22.25,0.0,14.600000000000001
2023-05-11,8.354166666666666,6.290220757605732,-1.176245692028442,0.5833333333333334,2786.0,27.272727272727273,31.02916666666667,21.583333333333332,0.0,16.799999999999997
2023-05-12,10.129166666666666,2.3924752419781945,0.781474275277362,0.125,3532.0,63.18181818181818,33.300000000000004,22.25,0.0,18.6
2023-05-13,10.154166666666667,-8.49704521481795,2.147976504669089,0.0,2792.0,101.36363636363636,33.291666666666664,24.916666666666668,0.0,16.4
2023-05-14,11.579166666666667,-0.6594065061809793,-1.3851968545854305,0.25,2574.0,47.72727272727273,32.512499999999996,28.5,0.0,14.0
2023-05-15,8.720833333333333,3.991321497137563,-1.408374878875778,0.5416666666666666,3371.0,105.45454545454545,33.44166666666667,24.541666666666668,0.0,15.3
2023-05-16,13.870833333333332,12.203267854121373,-0.5450001979380577,0.5416666666666666,2943.0,162.27272727272728,32.42916666666667,27.708333333333332,0.0,11.8
2023-05-17,13.708333333333334,9.1776730303811,2.4751749263242213,0.5416666666666666,3635.0,76.81818181818181,33.18333333333333,25.75,0.0,14.899999999999999
2023-05-18,12.3375,6.205805465446272,-7.7351226239929565,0.625,1818.0,307.27272727272725,31.02916666666667,37.791666666666664,0.0,14.100000000000001
2023-05-19,14.320833333333333,12.4038056853121,-6.08133964345052,1.0,2518.0,158.63636363636363,31.65833333333333,34.958333333333336,0.0,12.0
2023-05-20,12.612499999999999,11.286744449153415,-3.184436586549415,0.7083333333333334,3340.0,56.81818181818182,32.84166666666666,28.25,0.0,15.2
2023-05-21,10.279166666666667,6.311217088650377,-2.5364030086651757,0.5833333333333334,3092.0,29.545454545454547,34.7875,21.833333333333332,0.0,17.0
2023-05-22,18.329166666666666,16.445006846411285,-1.5558617904066183,0.6666666666666666,2630.0,193.1818181818182,36.079166666666666,20.5,0.0,12.3
2023-05-23,18.695833333333333,16.735715981637874,-0.8874256722428542,0.5416666666666666,3080.0,286.3636363636364,35.295833333333334,27.5,1.0,13.600000000000001
2023-05-24,10.208333333333334,1.9429350014749858,0.6276955216460963,0.2916666666666667,1995.0,308.6363636363636,30.870833333333334,46.5,0.2,11.400000000000002
2023-05-25,7.858333333333333,2.342197506413921,0.1598295541855996,0.25,2058.0,194.54545454545453,28.179166666666664,58.333333333333336,0.2,10.5
2023-05-26,5.1375,-3.343766920055275,2.2300964415515714,0.041666666666666664,1778.0,110.45454545454545,28.5125,54.625,0.0,11.8
2023-05-27,13.0,-4.864848593108061,-0.052953908977357265,0.125,1991.0,103.18181818181819,27.162499999999998,63.666666666666664,19.2,12.799999999999997
2023-05-28,7.25,-2.9449217853484657,1.8458705441415602,0.08333333333333333,1777.0,127.72727272727273,27.462500000000002,65.66666666666667,0.3,9.799999999999997
2023-05-29,7.720833333333334,-3.024854643597939,-0.22871764729702063,0.041666666666666664,803.0,161.36363636363637,27.09583333333333,70.5,1.2,11.600000000000001
2023-05-30,7.9875,0.687856188346868,-2.695934423516764,0.2916666666666667,1935.0,128.1818181818182,27.3,65.375,0.1,11.400000000000002
2023-05-31,10.345833333333333,8.000283552107287,-0.2625941598531872,0.3333333333333333,1469.0,137.72727272727272,24.933333333333334,73.79166666666667,2.9000000000000004,9.299999999999997
2023-06-01,7.566666666666666,3.0892260996437177,-4.762646418014284,0.5416666666666666,1677.0,124.0909090909091,26.40416666666667,65.45833333333333,0.4,13.700000000000003
2023-06-02,9.5875,4.443438889359944,-6.755684578453383,0.7083333333333334,1917.0,146.8181818181818,27.483333333333334,56.791666666666664,1.3,11.0
2023-06-03,7.754166666666666,4.759422047338961,-5.30483088151063,1.0,2007.0,43.63636363636363,29.245833333333334,51.583333333333336,0.0,12.2
2023-06-04,10.0875,8.370684109000033,-1.994487043462233,0.625,1353.0,119.0909090909091,29.287499999999998,57.625,1.6,12.300000000000004
2023-06-05,13.058333333333332,9.817082365607726,-3.7411062632763987,0.7916666666666666,2535.0,128.63636363636363,30.420833333333334,51.666666666666664,0.1,12.0
2023-06-06,8.883333333333333,7.310635902636041,-2.9336941863532466,0.75,2277.0,53.18181818181818,31.412499999999998,42.75,0.0,14.699999999999996
2023-06-07,11.0625,8.855113930899757,-5.233096669231927,0.875,2177.0,66.81818181818181,32.09583333333333,37.041666666666664,0.0,13.399999999999999
2023-06-08,11.066666666666668,7.091241665300033,-7.489889210981008,0.9583333333333334,3150.0,65.9090909090909,32.7375,34.958333333333336,0.0,14.199999999999996
2023-06-09,14.795833333333333,13.753468339746464,-1.5224461446235733,0.5416666666666666,3188.0,86.36363636363636,34.204166666666666,34.416666666666664,0.0,14.799999999999997
2023-06-10,13.545833333333334,10.78145789199859,-0.6572813577593962,0.5,2692.0,197.27272727272728,34.420833333333334,38.541666666666664,0.0,13.899999999999999
2023-06-11,15.15,13.567736117670899,-3.9282177188795173,0.75,2113.0,224.0909090909091,33.829166666666666,45.25,0.0,11.000000000000004
2023-06-12,16.337500000000002,15.031135850313442,-5.469782100443808,0.875,2661.0,284.54545454545456,34.9,44.291666666666664,0.0,12.0
2023-06-13,20.974999999999998,20.054494153463104,-5.138720592480235,0.875,3154.0,303.6363636363636,36.25833333333333,34.833333333333336,0.0,11.7
2023-06-14,21.175,19.780853629966586,-5.158259132346761,0.875,2722.0,408.6363636363636,35.675000000000004,36.083333333333336,0.0,9.8
2023-06-15,17.433333333333334,15.52954556899107,-5.038706973410736,0.7083333333333334,1559.0,286.8181818181818,33.270833333333336,46.958333333333336,0.4,7.099999999999998
2023-06-16,13.895833333333334,13.052605530298111,-1.576653301403913,0.75,1767.0,143.63636363636363,32.25416666666667,51.375,1.2,11.300000000000004
2023-06-17,10.616666666666667,8.58963703223556,4.327567656209168,0.16666666666666666,2007.0,147.27272727272728,32.949999999999996,53.541666666666664,0.30000000000000004,12.999999999999996
2023-06-18,9.0375,-2.432179151497525,5.816599059891568,0.0,1641.0,236.36363636363637,32.07083333333333,59.875,4.0,10.300000000000004
2023-06-19,9.033333333333333,-3.036206093833538,-4.416083824862711,0.2916666666666667,1105.0,319.54545454545456,29.625,71.20833333333333,6.6000000000000005,4.899999999999999
2023-06-20,9.15,-1.0257670536102579,-1.312979476038447,0.25,1260.0,295.90909090909093,30.625,67.04166666666667,16.599999999999998,10.399999999999999
2023-06-21,7.220833333333334,1.2669631549589284,1.5596775271285406,0.125,1281.0,129.54545454545453,29.3625,76.70833333333333,20.3,9.900000000000002
2023-06-22,7.745833333333334,0.7743174478058908,3.5271177911972664,0.2916666666666667,891.0,152.72727272727272,31.40416666666667,71.70833333333333,2.7,9.0
2023-06-23,8.358333333333333,-3.243009084762629,3.760204988959769,0.0,839.0,165.45454545454547,30.837500000000002,76.45833333333333,6.1,9.299999999999997
2023-06-24,7.341666666666666,-5.3021914920437725,0.10824622987521663,0.0,958.0,148.63636363636363,30.912499999999998,74.875,10.7,6.800000000000001
2023-06-25,6.3374999999999995,-4.224440413706116,-0.6810327656837653,0.08333333333333333,289.0,206.8181818181818,28.0125,86.45833333333333,13.6,6.4999999999999964
2023-06-26,4.933333333333334,-4.4033369503705595,-0.1523303587204316,0.0,779.0,84.54545454545455,28.037499999999998,83.625,5.8,7.699999999999996
2023-06-27,7.033333333333332,-3.9267273234278495,0.5126955154077064,0.125,1011.0,124.54545454545455,28.695833333333336,82.04166666666667,8.1,8.400000000000002
2023-06-28,8.366666666666667,-6.8390414800658625,1.2451704737745275,0.0,848.0,185.9090909090909,29.133333333333336,80.875,12.2,8.0
2023-06-29,9.620833333333334,-8.32244422528477,-1.6108378890546617,0.041666666666666664,432.0,82.72727272727273,28.55,82.58333333333333,11.700000000000001,6.599999999999998
2023-06-30,8.408333333333333,-6.081159082536796,-2.068752169803996,0.08333333333333333,789.0,207.27272727272728,28.866666666666664,80.875,12.7,8.599999999999998
2023-07-01,10.091666666666667,-7.256890887056873,-3.5912392528199715,0.0,983.0,165.45454545454547,29.104166666666668,77.83333333333333,1.9000000000000001,9.100000000000001
2023-07-02,7.1499999999999995,-1.8221617393217067,-2.2310008933031926,0.3333333333333333,1282.0,122.27272727272727,30.541666666666668,73.16666666666667,0.9,9.399999999999999
2023-07-03,8.637500000000001,-1.24030308563349,0.48369024386203124,0.2916666666666667,1451.0,127.27272727272727,31.087500000000002,71.66666666666667,4.5,9.5
2023-07-04,9.612499999999999,-7.8391573822715825,3.9738828814443248,0.041666666666666664,1073.0,173.1818181818182,30.754166666666666,73.66666666666667,2.5,10.600000000000001
2023-07-05,10.820833333333333,-9.009422885545275,-1.064208785353295,0.041666666666666664,733.0,355.90909090909093,29.09166666666667,80.54166666666667,13.000000000000002,9.200000000000003
2023-07-06,10.225,-9.746637609240292,1.5724977406152767,0.0,601.0,344.54545454545456,29.066666666666666,76.5,4.8,7.800000000000001
2023-07-07,8.237499999999999,-7.685165077077182,1.1934126867019441,0.0,723.0,186.36363636363637,28.554166666666664,82.70833333333333,10.0,8.399999999999999
2023-07-08,11.25,-10.21255334963291,3.7536720710813363,0.0,524.0,344.54545454545456,27.229166666666668,91.20833333333333,34.4,3.5
2023-07-09,11.4375,-10.03163458875928,4.797018518088881,0.0,442.0,340.0,27.03333333333333,91.33333333333333,29.7,5.699999999999999
2023-07-10,6.370833333333334,-3.3697556474882817,0.1879887842054626,0.041666666666666664,511.0,228.1818181818182,27.620833333333334,90.16666666666667,34.1,5.199999999999999
2023-07-11,6.616666666666667,-3.681150262681745,-3.1534663650833017,0.125,558.0,149.54545454545453,28.52916666666667,84.41666666666667,2.9,8.099999999999998
2023-07-12,8.179166666666667,-7.050212907668498,0.25485445847289445,0.0,822.0,182.27272727272728,28.525000000000002,86.625,9.6,7.800000000000001
2023-07-13,8.916666666666666,-8.207055118393717,1.9382262777212371,0.0,778.0,184.0909090909091,29.15833333333333,82.375,5.2,7.200000000000003
2023-07-14,6.075,-1.4254770332076845,2.6397903112963212,0.16666666666666666,458.0,221.36363636363637,28.537499999999998,82.95833333333333,21.1,8.099999999999998
2023-07-15,5.970833333333332,-0.0578850603918078,3.809284231308627,0.08333333333333333,628.0,150.0,28.579166666666666,86.45833333333333,17.7,7.299999999999997
2023-07-16,5.458333333333333,-2.3623863440243515,0.4657804020972425,0.25,702.0,137.72727272727272,28.59583333333333,85.45833333333333,21.9,7.699999999999999
2023-07-17,4.6875,-0.2947533201022378,2.1453776779475313,0.125,705.0,80.0,29.054166666666664,84.75,11.8,6.9999999999999964
2023-07-18,9.608333333333333,-7.392829963696735,4.0965421684047705,0.0,812.0,206.36363636363637,28.179166666666664,86.375,13.4,6.300000000000001
2023-07-19,8.975,-5.737688482129865,3.4433819654915148,0.125,939.0,240.45454545454547,28.879166666666666,85.75,9.3,6.699999999999999
2023-07-20,6.004166666666666,-1.4590663014281884,-2.5948651439726294,0.20833333333333334,1240.0,104.0909090909091,29.849999999999998,80.75,23.7,8.300000000000004
2023-07-21,8.845833333333333,-7.1590670342520655,3.2191741058658665,0.041666666666666664,1355.0,165.9090909090909,30.920833333333334,76.04166666666667,4.2,9.100000000000001
2023-07-22,13.508333333333333,-12.465080006504422,0.21799743848247932,0.041666666666666664,668.0,498.6363636363636,30.712500000000002,76.0,6.0,7.099999999999998
2023-07-23,14.570833333333333,-14.287786895342007,1.7635393579180987,0.0,1365.0,448.6363636363636,30.962500000000002,73.0,0.6000000000000001,5.900000000000002
2023-07-24,11.325000000000001,-10.673980662575934,0.6690928964930714,0.0,893.0,305.0,29.983333333333334,80.0,7.8,6.700000000000003
2023-07-25,9.058333333333334,-6.8523326478285425,5.2847210292160725,0.0,632.0,256.8181818181818,29.304166666666664,82.04166666666667,11.8,8.5
2023-07-26,7.829166666666667,-5.993238095483355,2.436644083227977,0.041666666666666664,462.0,218.1818181818182,27.016666666666666,90.625,18.3,4.099999999999998
2023-07-27,5.008333333333334,-1.685718097962902,1.3331593231181784,0.25,710.0,77.27272727272727,28.570833333333336,87.54166666666667,11.0,5.399999999999999
2023-07-28,5.7,4.095554465193256,0.880445223129546,0.375,622.0,127.72727272727273,28.195833333333336,87.25,27.0,6.599999999999998
2023-07-29,6.9875,5.712013328757312,3.023604463965386,0.08333333333333333,640.0,169.54545454545453,27.849999999999998,84.41666666666667,11.200000000000001,6.699999999999999
2023-07-30,9.470833333333333,8.620325387448228,-2.216988639543253,0.6666666666666666,1055.0,161.36363636363637,28.974999999999998,80.25,2.3000000000000003,8.100000000000001
2023-07-31,12.033333333333333,11.41211281326166,-2.031946812477252,0.6666666666666666,1190.0,243.1818181818182,29.599999999999998,77.83333333333333,0.8,8.5
2023-08-01,14.745833333333332,14.393685042008633,-0.5074835742233463,0.4583333333333333,1127.0,307.72727272727275,30.370833333333334,74.91666666666667,0.2,7.700000000000003
2023-08-02,12.341666666666667,9.647475752833492,-2.458011703694485,0.7083333333333334,776.0,300.0,30.179166666666664,78.33333333333333,1.4,7.800000000000001
2023-08-03,12.445833333333333,10.920843628023498,-3.1783709091819827,0.75,1017.0,247.27272727272728,29.4375,81.58333333333333,9.6,7.600000000000001
2023-08-04,4.895833333333333,-0.3713511630374788,-1.3579920849821872,0.375,798.0,127.72727272727273,28.441666666666666,87.79166666666667,11.5,5.699999999999999
2023-08-05,6.6625000000000005,4.816640291860803,0.13401169418167722,0.5,871.0,86.81818181818181,29.445833333333336,83.375,4.8,7.400000000000002
2023-08-06,13.054166666666667,11.713424668119723,-0.5010815236384499,0.5416666666666666,1035.0,377.27272727272725,30.0625,74.20833333333333,1.9000000000000001,8.799999999999997
2023-08-07,16.212500000000002,15.924709562350657,1.2240384166314104,0.4166666666666667,1200.0,511.3636363636364,30.054166666666664,68.08333333333333,0.1,7.0000000000000036
2023-08-08,17.8,17.267239366336664,1.7659087282587833,0.3333333333333333,1019.0,558.6363636363636,30.370833333333334,66.875,0.0,7.5
2023-08-09,14.254166666666668,13.895947022388995,0.5049086844712937,0.5,881.0,450.0,30.679166666666664,65.0,0.0,7.100000000000001
2023-08-10,11.779166666666667,8.709662871966389,2.294342506311025,0.375,624.0,310.0,29.97083333333333,69.66666666666667,1.7,6.699999999999999
2023-08-11,10.808333333333332,9.537938123244336,1.2015201105900561,0.4583333333333333,1264.0,199.54545454545453,30.675,66.83333333333333,1.6,7.400000000000002
2023-08-12,16.1375,15.585048789150148,3.186836665647633,0.16666666666666666,1509.0,351.8181818181818,31.362499999999997,56.083333333333336,0.0,7.099999999999998
2023-08-13,14.65,11.542410023482013,5.484838747554974,0.0,958.0,519.0909090909091,31.05,61.083333333333336,0.7000000000000001,8.0
2023-08-14,9.579166666666667,-2.5680165338026026,7.265202554768581,0.0,1051.0,247.27272727272728,29.695833333333336,67.25,0.0,6.699999999999999
2023-08-15,5.5625,-0.15247957986724803,-0.36280011205228524,0.3333333333333333,1174.0,75.0,29.866666666666664,74.08333333333333,0.1,8.900000000000002
2023-08-16,9.395833333333334,7.362401389508392,-2.02621435493398,0.5,1141.0,50.45454545454545,30.912499999999998,67.29166666666667,0.1,10.399999999999999
2023-08-17,12.754166666666668,11.903919797640695,-1.828249424058158,0.5833333333333334,1377.0,125.45454545454545,31.879166666666666,58.25,0.0,8.2
2023-08-18,10.041666666666666,4.082374480944826,-2.3441623808295264,0.4583333333333333,1386.0,152.72727272727272,31.729166666666668,60.541666666666664,0.1,7.800000000000001
2023-08-19,7.941666666666666,-6.77951589896157,1.8292659874408015,0.0,1164.0,84.0909090909091,30.333333333333332,75.08333333333333,7.3999999999999995,7.900000000000002
2023-08-20,10.370833333333334,-9.490502006066166,2.7191373821943046,0.0,1228.0,141.36363636363637,31.837500000000002,68.5,0.1,7.9999999999999964
2023-08-21,7.066666666666666,-4.606725076928046,3.146850158291435,0.125,1308.0,125.45454545454545,31.991666666666664,69.70833333333333,0.8,8.299999999999997
2023-08-22,8.25,-2.2463476690683266,4.378742764332548,0.0,1093.0,170.0,30.45,79.25,12.6,8.0
2023-08-23,7.908333333333334,-0.2613729772504337,3.6732914147565747,0.08333333333333333,459.0,317.27272727272725,27.704166666666666,89.875,15.5,4.299999999999997
2023-08-24,11.424999999999999,9.089064852015033,1.5297761127938747,0.2916666666666667,849.0,199.54545454545453,28.995833333333334,72.79166666666667,0.0,8.499999999999996
2023-08-25,13.354166666666666,12.780806908755478,1.5103169612339966,0.3333333333333333,1342.0,399.09090909090907,30.020833333333332,63.25,0.0,8.2
2023-08-26,13.258333333333333,13.012704820597847,0.5228560136206556,0.5,1195.0,290.90909090909093,30.420833333333334,59.958333333333336,0.0,6.9999999999999964
2023-08-27,16.679166666666667,16.34173348158812,0.9306352810611772,0.2916666666666667,1696.0,340.90909090909093,30.408333333333335,55.833333333333336,0.1,7.699999999999996
2023-08-28,14.320833333333333,13.323352213833822,1.673563363605237,0.2916666666666667,1749.0,295.0,29.433333333333334,63.25,2.2,8.499999999999996
2023-08-29,11.920833333333334,11.077933869875567,-1.8933835906208698,0.5,1556.0,253.1818181818182,30.391666666666666,58.75,0.0,9.2
2023-08-30,11.454166666666666,10.485510321588704,-3.112848727361112,0.75,1527.0,57.72727272727273,30.912499999999998,56.791666666666664,0.0,9.799999999999997
2023-08-31,8.754166666666666,7.1401992216232815,-3.361528680764698,0.6666666666666666,1647.0,35.45454545454545,31.170833333333334,59.041666666666664,0.0,10.7
2023-09-01,10.700000000000001,9.786902905162224,-2.6837950538174646,0.7083333333333334,2051.0,41.81818181818182,31.962500000000002,54.125,0.0,10.599999999999998
2023-09-02,13.804166666666667,12.876144817985415,-3.504778615691817,0.7916666666666666,2040.0,71.36363636363636,31.833333333333332,51.083333333333336,0.0,9.900000000000002
2023-09-03,13.3125,11.931330650279435,-3.4783090448511245,0.7083333333333334,1718.0,68.18181818181819,31.291666666666668,52.708333333333336,0.0,10.400000000000002
2023-09-04,11.958333333333334,7.533722705572804,-5.404885857144805,0.4583333333333333,1597.0,77.72727272727273,31.358333333333334,51.458333333333336,0.0,11.699999999999996
2023-09-05,7.9875,-6.152779053475139,-3.169762694047973,0.08333333333333333,1071.0,105.45454545454545,30.724999999999998,66.83333333333333,6.1,9.700000000000003
2023-09-06,6.629166666666666,-3.283825235325697,1.2919257989761703,0.16666666666666666,955.0,97.27272727272727,30.954166666666666,64.08333333333333,1.7,11.900000000000002
2023-09-07,5.683333333333334,-0.28542293180892336,1.2558074549968081,0.20833333333333334,1333.0,68.63636363636364,31.912499999999998,59.5,0.0,11.399999999999999
2023-09-08,9.616666666666667,-8.410307980258343,3.204144386678149,0.041666666666666664,1108.0,202.27272727272728,30.27916666666667,67.79166666666667,1.3,11.100000000000001
2023-09-09,13.829166666666666,-12.822891711529607,-3.968217965428547,0.0,747.0,463.6363636363636,27.808333333333334,79.91666666666667,2.5,7.0
2023-09-10,12.583333333333334,-11.016752168196199,-5.33547286837419,0.0,450.0,362.27272727272725,26.099999999999998,88.875,35.300000000000004,5.800000000000001
2023-09-11,9.966666666666667,-8.918830876449968,-3.2478032488721076,0.0,767.0,191.8181818181818,27.566666666666666,80.75,1.0,8.200000000000003
2023-09-12,5.420833333333333,-3.2548795642097574,0.8969346633032543,0.0,796.0,44.09090909090909,28.72083333333333,78.58333333333333,0.0,9.0
2023-09-13,5.779166666666666,-1.5681446651863966,1.0345764560117485,0.041666666666666664,1045.0,66.81818181818181,29.704166666666666,79.29166666666667,7.3999999999999995,7.300000000000004
2023-09-14,8.9625,-5.902545248507806,0.908494283523907,0.0,1200.0,84.54545454545455,29.1875,81.625,5.499999999999999,7.400000000000002
2023-09-15,7.379166666666666,-3.8232368310575158,-2.992111691059623,0.20833333333333334,459.0,148.63636363636363,28.162499999999998,87.41666666666667,5.7,6.5
2023-09-16,13.670833333333334,-13.228037941331245,-2.511303613579814,0.0,853.0,314.09090909090907,28.370833333333334,84.125,7.8,5.100000000000001
2023-09-17,16.599999999999998,-16.13505366864865,0.1233112285728345,0.0,890.0,546.3636363636364,27.1375,87.33333333333333,6.5,6.5
2023-09-18,14.8125,-11.863276594080489,8.25545735133752,0.0,1050.0,351.8181818181818,27.900000000000002,78.95833333333333,2.1,7.0
2023-09-19,8.679166666666667,-6.7749212765569204,4.836199513959453,0.0,1053.0,100.9090909090909,28.625,77.0,0.2,8.5
2023-09-20,5.079166666666667,-0.6247369559124135,-0.8162222389210152,0.375,1443.0,50.45454545454545,29.416666666666668,75.875,0.8999999999999999,7.600000000000001
2023-09-21,6.8374999999999995,1.5390328963890347,0.7595615531822127,0.20833333333333334,1109.0,40.45454545454545,28.916666666666668,80.875,2.6,7.5
2023-09-22,6.591666666666666,-1.7282461729432133,-2.4058951953981924,0.25,904.0,60.0,29.441666666666666,77.75,0.30000000000000004,7.9999999999999964
2023-09-23,6.295833333333333,-2.884823871808138,0.7645645335095955,0.20833333333333334,687.0,50.0,28.608333333333334,82.41666666666667,1.4000000000000001,7.199999999999996
2023-09-24,7.570833333333333,2.5431471734572573,-1.8701933587041089,0.4583333333333333,1165.0,26.818181818181817,27.941666666666666,80.16666666666667,0.9,7.4999999999999964
2023-09-25,5.633333333333333,-0.34708979420053027,-1.5902541678148363,0.3333333333333333,1183.0,61.81818181818182,28.59583333333333,76.16666666666667,0.2,8.299999999999997
2023-09-26,6.083333333333333,-0.42337746124384923,-3.3556415995409066,0.4583333333333333,1075.0,83.18181818181819,28.804166666666664,72.58333333333333,0.2,8.0
2023-09-27,8.737499999999999,5.393698729708316,-6.748459817610079,1.0,1438.0,68.18181818181819,27.84166666666667,65.29166666666667,0.0,9.999999999999996
2023-09-28,8.383333333333333,4.800063259771817,-5.792644542997983,0.9166666666666666,1227.0,47.27272727272727,26.662499999999998,61.875,0.0,12.5
2023-09-29,7.070833333333333,4.544017477230781,-4.768438089537917,1.0,1369.0,32.27272727272727,26.804166666666664,61.458333333333336,0.0,12.800000000000004
2023-09-30,10.733333333333334,4.707710010020787,-8.849164807130235,0.875,1416.0,74.54545454545455,27.96666666666667,56.666666666666664,0.0,11.999999999999996
2023-10-01,10.608333333333333,4.772777817307515,-9.070878031253885,0.9583333333333334,1434.0,81.36363636363636,27.40833333333333,53.458333333333336,0.0,13.3
2023-10-02,11.645833333333334,4.814851631895919,-9.922810533099865,0.875,1531.0,70.0,26.733333333333334,42.625,0.0,13.599999999999998
2023-10-03,12.345833333333333,9.453309055834634,-6.690646094488415,0.9166666666666666,1776.0,65.9090909090909,26.375,40.291666666666664,0.0,13.899999999999999
2023-10-04,12.2875,8.42245030790766,-8.058461366615996,1.0,1660.0,63.63636363636363,26.329166666666666,53.375,0.0,15.0
2023-10-05,11.15,8.282836041601104,-5.23245451846804,0.75,1367.0,42.27272727272727,26.420833333333334,51.916666666666664,0.0,14.399999999999999
2023-10-06,8.641666666666667,4.735328896655642,-1.6742019586009942,0.4166666666666667,1281.0,38.18181818181818,27.325,50.958333333333336,0.0,15.399999999999999
2023-10-07,8.758333333333333,4.543152744447016,-2.5775891472963166,0.4166666666666667,1510.0,37.27272727272727,28.287499999999998,60.375,0.0,13.399999999999999
2023-10-08,9.15,8.303136016705082,-1.5746185828047103,0.625,1758.0,43.63636363636363,29.700000000000003,58.458333333333336,0.0,11.199999999999996
2023-10-09,9.775,6.792359530028864,0.9623294355565307,0.25,2244.0,57.72727272727273,29.358333333333334,54.25,0.0,10.600000000000001
2023-10-10,9.808333333333334,6.124187852760101,-2.352980859237335,0.6666666666666666,1832.0,54.09090909090909,28.375,54.625,2.5,9.100000000000001
2023-10-11,10.479166666666666,7.8803832206175075,-5.739581221482861,1.0,1932.0,69.54545454545455,26.516666666666666,57.083333333333336,0.0,12.500000000000004
2023-10-12,8.954166666666667,5.26812570864167,-4.277616764336316,0.5,1618.0,39.09090909090909,25.875,53.916666666666664,0.0,14.300000000000004
2023-10-13,7.816666666666666,3.66219435861472,-3.372142249985959,0.625,2297.0,31.363636363636363,27.55,54.791666666666664,0.0,14.400000000000002
2023-10-14,8.041666666666666,1.9577474506984258,-2.0775149242522324,0.375,2324.0,33.18181818181818,28.224999999999998,52.166666666666664,0.0,13.399999999999999
2023-10-15,6.966666666666666,0.9544231929022673,-1.564874803396128,0.5416666666666666,1945.0,56.81818181818182,27.3125,54.625,0.1,11.400000000000002
2023-10-16,11.779166666666667,-7.531381433070961,-1.2671338576660574,0.08333333333333333,783.0,136.36363636363637,24.329166666666666,65.08333333333333,9.9,9.2
2023-10-17,6.966666666666666,-2.1778174743198027,-1.11391005761108,0.3333333333333333,690.0,112.27272727272727,22.358333333333334,71.95833333333333,3.3000000000000003,10.5
2023-10-18,10.5875,8.099692605620877,-6.5468182070197445,1.0,1342.0,80.9090909090909,22.6125,64.75,0.0,11.899999999999999
2023-10-19,9.158333333333333,7.551514031794945,-4.689542878810534,1.0,1376.0,72.27272727272727,21.958333333333332,63.25,0.0,11.600000000000001
2023-10-20,7.3625,4.757753691796064,-4.869599603005202,0.9583333333333334,1314.0,43.63636363636363,22.400000000000002,64.95833333333333,0.0,12.100000000000001
2023-10-21,6.966666666666666,3.457209769718101,-4.273587423452766,0.7083333333333334,1511.0,32.27272727272727,22.791666666666668,63.25,0.0,13.0
2023-10-22,6.408333333333334,-0.3815606077263849,-4.087567365387001,0.5,1401.0,43.18181818181818,23.333333333333332,61.125,0.0,13.299999999999997
2023-10-23,8.475,5.086759594475095,-5.770181118981902,0.875,1435.0,55.45454545454545,23.254166666666666,64.5,0.0,12.099999999999998
2023-10-24,7.941666666666666,5.946002292607187,-4.538831651947361,1.0,1614.0,55.45454545454545,23.400000000000002,60.208333333333336,0.0,12.8
2023-10-25,8.804166666666667,7.028294129294763,-5.095874538867409,1.0,1540.0,57.27272727272727,23.204166666666666,59.375,0.0,13.5
2023-10-26,9.029166666666667,7.737637283697463,-3.53624496373788,0.875,1391.0,57.72727272727273,22.895833333333332,57.666666666666664,0.0,13.600000000000001
2023-10-27,8.270833333333334,6.481268365252871,-3.1855621668508527,0.8333333333333334,1367.0,42.27272727272727,22.95,51.416666666666664,0.0,13.799999999999997
2023-10-28,5.095833333333333,0.6051425065905444,-0.7981207320345897,0.4583333333333333,1222.0,17.272727272727273,24.420833333333334,47.916666666666664,0.0,11.399999999999999
2023-10-29,5.6625000000000005,-1.6980310341195501,-0.1251626834648445,0.2916666666666667,1246.0,23.636363636363637,24.025000000000002,56.5,0.0,13.599999999999998
2023-10-30,7.125,-3.374839936327571,-1.2721519523218785,0.20833333333333334,1728.0,30.90909090909091,23.879166666666666,66.54166666666667,0.0,14.099999999999998
2023-10-31,6.470833333333334,-3.818129606992898,-0.16594466959668716,0.041666666666666664,1405.0,34.09090909090909,24.099999999999998,68.625,0.0,12.600000000000001
2023-11-01,6.804166666666667,-2.5830380841715344,-3.1493199881406837,0.20833333333333334,1519.0,34.54545454545455,23.995833333333334,66.29166666666667,0.0,11.7
2023-11-02,7.3625,2.2292460199416424,-3.628168708097227,0.7083333333333334,1661.0,22.727272727272727,24.09583333333333,65.41666666666667,0.0,11.3
2023-11-03,8.158333333333333,6.610760701557734,-3.1705450665650208,0.75,1404.0,34.09090909090909,22.537499999999998,70.41666666666667,1.1,10.7
2023-11-04,7.8125,4.180545744944578,-4.290240715125631,0.625,1671.0,30.90909090909091,22.508333333333336,66.25,0.0,13.700000000000001
2023-11-05,7.370833333333334,3.079508173713077,-3.901374305903815,0.5833333333333334,1574.0,29.545454545454547,22.766666666666666,61.75,0.0,12.8
2023-11-06,5.954166666666667,-1.507577993874051,-3.011880369554815,0.3333333333333333,1310.0,17.272727272727273,22.208333333333332,60.083333333333336,0.0,14.3
2023-11-07,7.508333333333333,-0.3102641481673035,-3.007500376455479,0.2916666666666667,1187.0,16.818181818181817,22.479166666666668,63.708333333333336,0.0,13.8
2023-11-08,6.879166666666666,4.407157074946848,-3.5467085891669377,0.7916666666666666,1385.0,31.818181818181817,22.729166666666668,64.79166666666667,0.0,12.7
2023-11-09,7.270833333333333,5.264832320400987,-2.3692292259586165,0.5833333333333334,1771.0,28.181818181818183,22.71666666666667,64.875,0.0,12.3
2023-11-10,9.245833333333334,-6.56671805524523,-2.7521780406948007,0.125,862.0,66.81818181818181,20.491666666666667,75.91666666666667,2.9,10.299999999999997
2023-11-11,8.208333333333334,4.832227962496618,-5.869133000243225,0.9583333333333334,1548.0,86.81818181818181,19.266666666666666,75.875,0.0,10.4
2023-11-12,8.066666666666666,7.2850643367011765,-3.1646825000986154,1.0,1075.0,55.90909090909091,18.820833333333333,73.58333333333333,0.0,11.200000000000001
2023-11-13,6.375,3.8706610525835043,-4.374461480932145,1.0,1046.0,39.54545454545455,18.974999999999998,73.375,0.0,12.400000000000002
2023-11-14,7.691666666666666,5.128340085181285,-5.0858825675110415,1.0,1034.0,44.09090909090909,18.958333333333332,70.625,0.0,11.1
2023-11-15,7.729166666666667,6.884034350473306,-2.4235511958169034,0.8333333333333334,996.0,31.818181818181817,18.479166666666668,71.91666666666667,0.0,12.6
2023-11-16,5.791666666666667,0.6140814857376325,-2.456786741976391,0.5416666666666666,1388.0,20.90909090909091,19.741666666666667,68.54166666666667,0.0,13.2
2023-11-17,6.016666666666667,-3.0699804429780957,-2.1168247541776495,0.2916666666666667,1725.0,14.545454545454545,20.454166666666666,70.70833333333333,0.0,12.5
2023-11-18,5.729166666666667,0.7910545088027446,2.324249200223438,0.125,1578.0,46.36363636363637,19.95,70.25,0.0,11.6
2023-11-19,5.45,-1.1801110448628098,1.5061856163226388,0.0,1423.0,28.636363636363637,20.108333333333334,65.75,0.0,11.799999999999999
2023-11-20,6.683333333333334,4.993127128498158,-3.122384885563724,0.8333333333333334,1348.0,15.909090909090908,19.629166666666666,65.29166666666667,0.0,12.1
2023-11-21,10.283333333333333,9.653058012411643,-2.973368173689156,0.7916666666666666,1290.0,64.54545454545455,18.8125,69.5,0.0,11.7
2023-11-22,11.208333333333334,10.761348717248245,-2.505095112288634,0.9583333333333334,872.0,83.18181818181819,18.116666666666667,64.875,0.0,11.700000000000001
2023-11-23,4.941666666666666,0.24257128054529828,0.8658547200666907,0.3333333333333333,944.0,25.90909090909091,18.075,68.375,0.0,13.5
2023-11-24,5.95,0.927538620203659,-1.2562660351163322,0.5833333333333334,956.0,18.181818181818183,18.520833333333332,69.08333333333333,0.0,11.700000000000001
2023-11-25,6.041666666666667,4.806364016848282,-1.2994432398798066,0.7916666666666666,844.0,26.363636363636363,18.55,68.45833333333333,0.0,12.9
2023-11-26,7.754166666666666,-6.20920286302752,2.0669101862349337,0.0,925.0,35.90909090909091,19.233333333333334,67.95833333333333,0.0,11.3
2023-11-27,10.345833333333333,-5.663737911543298,5.491423616501165,0.0,1002.0,119.0909090909091,18.545833333333334,75.375,4.0,8.3
2023-11-28,5.8625,-2.9709737351543404,-0.6378778563537068,0.125,712.0,57.72727272727273,17.4375,88.0,3.2,5.500000000000002
2023-11-29,6.308333333333334,-4.076561215005331,-0.38039144395836755,0.08333333333333333,969.0,44.54545454545455,18.491666666666667,79.91666666666667,0.39999999999999997,10.999999999999998
2023-11-30,7.625,-3.222448877635077,-4.919513487892128,0.20833333333333334,1024.0,27.272727272727273,17.8125,83.875,1.0,7.6
2023-12-01,6.295833333333333,1.051248907724912,-4.8418375892623535,0.5416666666666666,940.0,42.27272727272727,18.441666666666666,81.54166666666667,0.1,10.399999999999999
2023-12-02,7.070833333333333,2.591139527513467,-6.364444179850477,1.0,1069.0,44.09090909090909,18.0625,78.875,0.0,11.0
2023-12-03,6.825,0.9597938912814604,-6.130453583840906,0.5833333333333334,830.0,39.54545454545455,18.05,74.45833333333333,0.1,12.3
2023-12-04,7.8625,3.1200582274898623,-6.603516586521344,0.875,920.0,45.90909090909091,17.770833333333332,72.5,0.0,9.2
2023-12-05,8.354166666666666,4.646390841451388,-6.274400401469169,0.9583333333333334,1135.0,43.63636363636363,16.575,72.79166666666667,0.0,11.7
2023-12-06,6.983333333333333,6.478409284294105,-2.044329263276273,0.9166666666666666,808.0,48.63636363636363,16.429166666666667,75.83333333333333,0.0,11.900000000000002
2023-12-07,8.033333333333333,7.147059943400758,-3.2540312666862583,1.0,770.0,46.36363636363637,16.7,76.54166666666667,0.0,12.500000000000002
2023-12-08,8.558333333333334,7.605399426698059,-3.1390693339779854,0.9166666666666666,1073.0,45.0,16.474999999999998,74.20833333333333,0.0,12.4
2023-12-09,9.733333333333333,8.83779161443501,-3.290687293491844,0.875,861.0,48.63636363636363,15.904166666666667,70.25,0.0,12.7
2023-12-10,11.741666666666667,11.155029100211182,-2.9691006326247,0.9166666666666666,933.0,66.36363636363636,15.5625,68.29166666666667,0.0,11.7
2023-12-11,6.179166666666667,2.7710893380274704,-1.0949446736068662,0.4583333333333333,966.0,30.90909090909091,15.258333333333333,69.375,0.0,13.200000000000001
2023-12-12,6.329166666666667,-4.499601311347879,0.9381236857192331,0.08333333333333333,1421.0,30.90909090909091,15.608333333333334,70.04166666666667,0.0,13.5
2023-12-13,6.858333333333333,1.6499960598280685,-4.809788612278412,0.75,1168.0,30.0,15.916666666666666,66.58333333333333,0.0,12.4
2023-12-14,10.275,9.651876705574315,-2.3654796433390097,0.9583333333333334,791.0,50.0,14.691666666666668,70.875,0.0,12.400000000000002
2023-12-15,6.883333333333333,5.33150715159993,-3.501683783286141,0.9166666666666666,838.0,31.363636363636363,14.191666666666668,70.875,0.0,14.600000000000001
2023-12-16,7.9375,4.32670319091623,-4.783935929496403,0.875,1123.0,28.636363636363637,14.5,66.70833333333333,0.0,14.600000000000001
2023-12-17,8.341666666666667,2.9653802569394387,-5.1725375195578,0.4583333333333333,1351.0,46.81818181818182,15.383333333333333,63.833333333333336,0.0,13.100000000000001
2023-12-18,12.741666666666667,11.770571932163811,-4.028612840123727,0.875,1113.0,97.72727272727273,14.341666666666667,66.79166666666667,0.0,12.4
2023-12-19,13.254166666666668,12.781533429819513,-2.9693119631577716,0.9166666666666666,831.0,121.81818181818181,14.245833333333332,64.41666666666667,0.0,12.9
2023-12-20,8.820833333333333,8.207344757450985,-2.553079944015714,0.9583333333333334,763.0,70.9090909090909,13.65,70.125,0.0,12.499999999999998
2023-12-21,8.5,7.103312068844833,-4.417237764497135,1.0,672.0,43.18181818181818,13.975,74.16666666666667,0.0,13.500000000000002
2023-12-22,5.591666666666666,3.7624845315290774,-3.0579519288538255,0.9166666666666666,690.0,31.363636363636363,13.883333333333333,75.875,0.0,14.4
2023-12-23,6.266666666666667,-3.236689888139899,1.7899919813825622,0.08333333333333333,810.0,39.09090909090909,16.099999999999998,72.125,0.30000000000000004,11.000000000000002
2023-12-24,5.829166666666667,2.318961090901548,-4.196741637861097,0.7083333333333334,772.0,25.90909090909091,15.854166666666666,76.33333333333333,0.0,13.2
2023-12-25,8.424999999999999,7.796477282093651,-1.5076594158687484,0.7083333333333334,633.0,45.0,15.479166666666666,78.125,0.0,12.2
2023-12-26,6.366666666666667,4.282874563770043,-3.613220616651637,0.875,685.0,35.0,15.370833333333332,75.20833333333333,0.0,13.2
2023-12-27,7.341666666666666,4.844667767401906,-4.621803335186678,1.0,777.0,31.818181818181817,14.333333333333334,79.66666666666667,0.0,13.2
2023-12-28,6.991666666666667,3.9817327569843464,-4.010816272848966,0.7916666666666666,473.0,51.81818181818182,13.987499999999999,84.66666666666667,0.0,11.2
2023-12-29,2.908333333333333,0.0767492224431462,-1.6188916998973273,0.5,558.0,25.0,13.366666666666667,87.25,0.0,11.899999999999999
2023-12-30,5.004166666666666,2.3621665773412155,-3.558869641252525,0.7083333333333334,560.0,24.545454545454547,12.554166666666667,90.29166666666667,0.0,10.0
2023-12-31,4.466666666666667,-0.5263816193979681,-3.326658818997823,0.4166666666666667,661.0,27.727272727272727,12.708333333333334,83.75,0.0,11.1
2024-01-01,5.483333333333333,2.9200839787345996,-4.067913940097924,0.9583333333333334,,21.0,10.466666666666667,85.125,0.0,10.299999999999999
2024-01-02,5.5874999999999995,3.3767567073501623,-4.042970914967979,1.0,,,9.104166666666666,85.91666666666667,0.0,10.700000000000001
2024-01-03,5.508333333333333,1.2954171400928736,-4.2919036887656015,0.75,,,9.512500000000001,88.625,0.0,11.100000000000001
2024-01-04,6.141666666666667,3.7035482699257094,-4.103162261861779,1.0,,,11.541666666666666,82.125,0.0,12.7
2024-01-05,5.641666666666667,1.871745571566253,-4.411132109660072,0.7916666666666666,,,11.762500000000001,85.25,0.1,10.0
2024-01-06,5.770833333333333,1.878190331346152,-3.5997780136588404,0.7916666666666666,,,11.674999999999999,81.54166666666667,0.0,10.599999999999998
2024-01-07,5.008333333333334,2.470597029902116,-0.9555788957423328,0.4583333333333333,,,11.466666666666667,80.58333333333333,0.0,11.4
2024-01-08,6.091666666666666,1.7288614321184987,-3.3123612032591403,0.5833333333333334,,,10.9,86.54166666666667,0.0,12.899999999999999
2024-01-09,8.9125,5.80434014426348,-5.918677933015065,0.9583333333333334,,,10.783333333333333,86.41666666666667,0.0,11.8
2024-01-10,12.929166666666667,11.922866257767495,-4.810652860043094,1.0,,,9.2125,84.5,0.0,11.200000000000001
2024-01-11,9.983333333333333,8.472047038126531,-4.424544788813288,0.9583333333333334,,,9.341666666666667,87.70833333333333,0.0,9.9
2024-01-12,9.645833333333334,7.948524187373408,-2.957096484044744,0.7916666666666666,,,10.083333333333334,85.95833333333333,0.0,11.799999999999999
2024-01-13,4.595833333333333,1.7573468359586324,-2.6670924351850602,0.5833333333333334,,,10.358333333333333,84.5,0.0,12.200000000000001
2024-01-14,6.8,4.803521949055274,-4.440796033360699,1.0,,,9.700000000000001,85.58333333333333,0.0,13.2
2024-01-15,7.641666666666667,5.132915518298801,-4.293754765005059,0.8333333333333334,,,8.970833333333333,85.54166666666667,0.0,11.100000000000001
2024-01-16,5.491666666666667,-3.4203835002502534,-0.7011915358333286,0.2916666666666667,,,8.970833333333333,85.5,0.0,13.6
2024-01-17,8.112499999999999,-5.594954779889776,5.526263714762486,0.0,,,9.9,83.91666666666667,0.0,13.8
2024-01-18,3.283333333333333,-0.7697515819440052,1.992098848858638,0.08333333333333333,,,11.008333333333333,86.04166666666667,0.0,11.5
2024-01-19,5.241666666666666,-0.8903886664411335,2.473514787398667,0.08333333333333333,,,10.208333333333334,88.75,0.0,10.5
2024-01-20,6.2124999999999995,0.24340111307170287,-0.768627989152269,0.4166666666666667,,,9.604166666666666,88.25,0.0,11.000000000000002
2024-01-21,9.870833333333334,8.6505837614134,-3.8833169720671186,0.875,,,9.045833333333333,89.375,0.0,10.900000000000002
2024-01-22,4.470833333333333,-0.7277848832088191,-0.06963431990673448,0.2916666666666667,,,9.266666666666667,86.08333333333333,0.0,11.899999999999999
2024-01-23,5.908333333333334,0.12445548633244331,0.438882957095885,0.4583333333333333,,,10.454166666666667,88.08333333333333,0.0,12.4
2024-01-24,6.5625,3.5712816184659566,-4.863395346334825,0.9583333333333334,,,11.308333333333332,84.16666666666667,0.0,11.799999999999999
2024-01-25,5.6499999999999995,1.8567284785935623,-3.1091988563530495,0.6666666666666666,,,10.208333333333334,87.91666666666667,0.0,11.9
2024-01-26,5.770833333333333,2.9602890139519373,-1.3046868450216869,0.625,,,11.466666666666667,83.875,0.0,12.5
2024-01-27,11.799999999999999,10.489471908090165,-3.5392838100688455,0.7916666666666666,,,12.508333333333333,76.66666666666667,0.0,13.700000000000001
2024-01-28,8.083333333333334,-4.080256015949848,1.7637053312316349,0.25,,,13.816666666666668,79.08333333333333,0.0,13.3
2024-01-29,8.299999999999999,-4.097894585614028,1.0524327552629236,0.25,,,14.566666666666668,85.20833333333333,0.0,11.8
2024-01-30,6.5,2.7709893379044885,-3.3569283317965564,0.7083333333333334,,,13.820833333333333,89.45833333333333,0.0,10.5
2024-01-31,8.233333333333333,-5.72642641812812,3.8829498391925874,0.0,,,14.0625,91.79166666666667,9.0,10.299999999999999
2024-02-01,13.204166666666666,-11.226233117068809,5.21231184515986,0.0,,,15.387500000000001,86.20833333333333,30.0,9.0
2024-02-02,9.845833333333333,5.200982245269622,-5.465526898953933,0.7083333333333334,,,13.0,84.0,0.0,10.8
2024-02-03,7.8875,5.209784365690354,-3.7788653423665575,0.8333333333333334,,,14.104166666666666,69.95833333333333,0.0,12.5
2024-02-04,8.0,-2.7246517184849757,6.0090784788731915,0.0,,,16.0125,84.83333333333333,7.1,7.799999999999999
2024-02-05,8.804166666666665,3.04760821335969,-5.061159144161572,0.7916666666666666,,,15.170833333333334,82.70833333333333,2.1,9.5
2024-02-06,9.820833333333333,7.6169865138947594,-6.014822119909229,1.0,,,12.179166666666667,74.95833333333333,0.0,11.2
2024-02-07,13.941666666666668,11.494492053153737,-7.5486501077087,1.0,,,12.520833333333334,65.625,0.0,10.499999999999998
2024-02-08,19.837500000000002,18.499752588963208,-6.500134693080791,1.0,,,13.083333333333334,63.708333333333336,0.0,10.900000000000002
2024-02-09,10.695833333333333,7.2501795842558145,-4.941044935953145,0.875,,,13.383333333333333,65.95833333333333,0.0,12.4
2024-02-10,7.341666666666666,-0.4641902608654882,-5.58424399716914,0.6666666666666666,,,13.158333333333333,77.83333333333333,0.0,12.5
2024-02-11,7.6625000000000005,4.453801605807603,-5.5644618501238154,1.0,,,14.141666666666666,75.04166666666667,0.0,13.4
2024-02-12,6.7,1.9044605809108228,-3.7145237299992737,0.6666666666666666,,,14.308333333333332,74.875,0.0,13.8
2024-02-13,6.254166666666666,1.857401862311339,-5.057810717052134,0.8333333333333334,,,14.941666666666668,73.04166666666667,0.0,12.7
2024-02-14,8.8375,6.95013828578166,-5.190331346972791,1.0,,,15.833333333333334,74.08333333333333,0.0,13.1
2024-02-15,9.504166666666666,7.643463079976403,-5.195901718860962,1.0,,,15.862499999999999,68.70833333333333,0.0,13.900000000000002
2024-02-16,8.799999999999999,6.3088837204670005,-5.695825531255111,1.0,,,15.683333333333335,64.0,0.0,15.9
2024-02-17,11.354166666666666,10.022722744303758,-3.457115197811598,0.75,,,16.229166666666668,60.958333333333336,0.0,14.900000000000002
2024-02-18,9.804166666666667,-3.346722371028299,6.37798392661984,0.08333333333333333,,,18.650000000000002,58.708333333333336,0.0,17.1
2024-02-19,20.4375,-15.094844256402318,12.978156865204596,0.0,,,20.375,60.958333333333336,0.0,12.100000000000001
2024-02-20,10.15,-4.899992441276235,2.550336405504176,0.041666666666666664,,,20.216666666666665,66.16666666666667,0.2,12.0
2024-02-21,10.012500000000001,2.3997328179292956,-6.478614954452948,0.625,,,18.474999999999998,57.958333333333336,0.0,13.7
2024-02-22,10.75,4.979533201888493,-6.563522783685612,0.6666666666666666,,,17.425,51.375,0.0,13.1
2024-02-23,9.975,6.1313448855885815,-7.108800966448821,1.0,,,15.641666666666667,47.75,0.0,14.3
2024-02-24,7.075,-0.6490768814764285,-0.5609495671313638,0.2916666666666667,,,16.216666666666665,45.291666666666664,0.0,14.099999999999998
2024-02-25,8.483333333333333,-3.700311709594287,-5.3301291722114135,0.125,,,17.337500000000002,38.916666666666664,0.0,14.5
2024-02-26,7.545833333333333,0.3849180578881957,-6.751136375774757,0.5416666666666666,,,17.587500000000002,45.708333333333336,0.0,13.500000000000002
2024-02-27,10.270833333333334,5.289708014395914,-7.441947394752198,0.8333333333333334,,,18.054166666666667,46.041666666666664,0.9,10.4
2024-02-28,13.195833333333333,10.989358959328571,-6.996981961820354,1.0,,,17.316666666666666,57.041666666666664,0.0,12.6
2024-02-29,11.170833333333334,9.72834418217929,-5.001381631672262,1.0,,,18.383333333333333,56.416666666666664,0.0,14.3
2024-03-01,7.375,-4.736410961855876,0.8670997805646007,0.16666666666666666,,,20.066666666666666,59.916666666666664,1.7,12.6
2024-03-02,21.1875,-11.899265433177872,15.867076489928026,0.0,,,19.825,74.08333333333333,6.5,7.399999999999999
2024-03-03,9.404166666666667,4.428867620612827,-2.4935601766700684,0.5833333333333334,,,17.6375,70.20833333333333,10.4,9.299999999999999
2024-03-04,10.233333333333333,3.206036220505828,-9.189234891376922,0.8333333333333334,,,15.808333333333332,62.083333333333336,0.0,10.6
2024-03-05,11.554166666666667,8.823360699001931,-6.97588567795635,1.0,,,14.683333333333332,54.25,0.0,11.999999999999998
2024-03-06,10.25,8.479840835692794,-4.834557177427961,1.0,,,15.120833333333332,56.166666666666664,0.0,11.900000000000002
2024-03-07,9.9625,6.355708721872115,-6.582352737417334,1.0,,,17.1375,56.041666666666664,0.0,14.1
2024-03-08,11.741666666666667,6.570200143149542,-8.810556972727658,1.0,,,17.916666666666668,52.583333333333336,0.0,14.099999999999998
2024-03-09,11.795833333333334,9.78834513279899,-5.830441864910752,1.0,,,17.891666666666666,50.083333333333336,0.0,13.399999999999999
2024-03-10,9.045833333333333,5.624327912498283,-3.233813864808262,0.7083333333333334,,,19.241666666666667,51.041666666666664,0.0,14.600000000000001
2024-03-11,7.8,-0.7149978579062517,-1.8411206019753215,0.125,,,22.291666666666668,46.625,0.0,14.7
2024-03-12,11.758333333333333,4.2249688699127335,-9.568538494034957,0.8333333333333334,,,21.958333333333332,46.541666666666664,0.0,15.200000000000001
2024-03-13,8.366666666666665,2.289525238401137,-2.6319191384863547,0.25,,,21.391666666666666,52.291666666666664,0.2,15.499999999999998
2024-03-14,10.3375,2.3099752703095486,-9.561910382995514,0.75,,,21.583333333333332,52.708333333333336,0.0,15.1
2024-03-15,12.512500000000001,10.602023214219116,-6.097329837906023,1.0,,,20.3125,42.875,0.0,12.899999999999999
2024-03-16,8.558333333333334,6.165855935337365,-5.25288519103706,1.0,,,19.670833333333334,44.541666666666664,0.0,14.900000000000002
2024-03-17,9.137500000000001,7.255653319385896,-4.410174403692573,0.875,,,20.5625,46.041666666666664,0.0,17.0
2024-03-18,8.700000000000001,7.353312687852317,-3.9010259813324146,0.9166666666666666,,,20.662499999999998,48.416666666666664,0.0,15.5
2024-03-19,8.7125,5.506324359653821,-5.036778669372901,0.8333333333333334,,,21.545833333333334,45.208333333333336,0.0,16.200000000000003
2024-03-20,7.983333333333333,3.6948842523257786,-6.000512642758838,0.7916666666666666,,,23.266666666666666,44.125,0.0,17.8
2024-03-21,12.6625,-10.432218974845833,4.939539591198365,0.0,,,22.729166666666668,54.791666666666664,0.0,12.3
2024-03-22,9.375,-5.421266758496011,3.69272428112158,0.08333333333333333,,,24.787499999999998,51.208333333333336,0.0,14.599999999999998
2024-03-23,11.058333333333332,7.176072328457558,-7.263906024645635,0.9583333333333334,,,25.72083333333333,45.541666666666664,0.0,15.699999999999996
2024-03-24,13.204166666666666,2.321148203821522,-8.55521083777849,0.4166666666666667,,,24.433333333333334,44.75,0.1,12.399999999999999
2024-03-25,11.862499999999999,9.17286506404577,-7.005573015986113,1.0,,,25.045833333333334,47.208333333333336,0.0,16.199999999999996
2024-03-26,9.870833333333334,7.000940240935222,-3.1790830571056277,0.625,,,26.037499999999998,42.125,0.0,15.100000000000001
2024-03-27,8.691666666666666,1.4815836953325794,-3.519528119064647,0.5,,,28.458333333333332,40.666666666666664,0.0,14.799999999999997
2024-03-28,8.9125,5.404781848688411,-5.066431547787132,0.8333333333333334,,,29.05,40.958333333333336,0.0,15.100000000000001
2024-03-29,8.570833333333333,-4.225575774192092,-0.8531546204707992,0.2916666666666667,,,28.2,45.625,0.0,15.600000000000001
2024-03-30,12.433333333333332,-0.9505420463086579,-3.788523693437454,0.25,,,28.46666666666667,39.0,0.0,12.400000000000002
2024-03-31,12.095833333333333,5.686641505349353,-6.613005178304237,0.7916666666666666,,,27.40833333333333,36.333333333333336,0.0,14.399999999999999
2024-04-01,13.7875,11.248668099782043,-6.547629399427357,1.0,,,24.875,38.333333333333336,0.0,12.600000000000001
2024-04-02,12.65,8.220663882058316,-7.55485945557317,0.8333333333333334,,,25.379166666666666,33.125,0.0,15.799999999999997
2024-04-03,7.729166666666667,-2.358336603328492,-5.848298311334929,0.125,,,28.362499999999997,24.291666666666668,0.0,14.099999999999998
2024-04-04,10.924999999999999,-0.2997719101347352,-9.833157704714017,0.5,,,29.183333333333334,25.75,0.0,15.899999999999999
2024-04-05,14.995833333333332,10.113477973441713,-7.43476974399008,0.75,,,28.270833333333332,24.375,0.0,14.400000000000002
2024-04-06,12.054166666666667,7.564728352295536,-7.635293884952893,1.0,,,27.308333333333334,21.208333333333332,0.0,15.399999999999999
2024-04-07,11.737499999999999,8.529289372626963,-6.034200055477977,0.75,,,26.895833333333332,20.583333333333332,0.0,17.9
2024-04-08,10.012500000000001,6.48832616894918,-4.891651838792791,0.7083333333333334,,,28.004166666666666,19.75,0.0,17.799999999999997
2024-04-09,8.191666666666666,1.620963841395767,-3.493435759474698,0.2916666666666667,,,28.979166666666668,18.041666666666668,0.0,17.9
2024-04-10,8.004166666666666,-2.521734000451892,-2.3269240715712387,0.25,,,28.929166666666664,21.0,0.0,18.8
2024-04-11,7.791666666666667,-1.513110095487938,-0.16012753716705455,0.2916666666666667,,,29.983333333333334,21.25,0.0,15.8
2024-04-12,7.9624999999999995,-4.877472991781658,-0.32664338363638934,0.125,,,30.53333333333333,20.916666666666668,0.0,16.999999999999996
2024-04-13,11.7125,-3.729599576186432,6.50838491672332,0.08333333333333333,,,30.866666666666664,26.958333333333332,1.2,13.2
2024-04-14,9.950000000000001,-0.6736092816750787,-8.016223416515539,0.2916666666666667,,,27.545833333333334,44.916666666666664,0.5,10.999999999999996
2024-04-15,8.458333333333334,3.0200543160489883,-2.3008614685917466,0.2916666666666667,,,28.816666666666666,47.666666666666664,1.3,13.999999999999996
2024-04-16,15.333333333333334,13.640705607621074,-6.406283267837563,1.0,,,29.86666666666667,35.916666666666664,0.0,12.200000000000003
2024-04-17,19.395833333333332,16.605440022104574,-9.507654244897262,1.0,,,29.291666666666668,26.708333333333332,0.0,13.099999999999998
2024-04-18,11.158333333333333,9.201879279825878,-3.949848698020461,0.7916666666666666,,,30.9375,24.0,0.0,14.099999999999998
2024-04-19,11.770833333333334,9.745129787936955,-1.99391172926376,0.625,,,31.675,29.416666666666668,0.0,13.699999999999996
2024-04-20,14.75,11.251872906671435,-7.715533923907123,0.875,,,30.058333333333334,28.0,0.0,14.400000000000002
2024-04-21,12.0875,8.471618706194821,-7.056887153258713,0.9166666666666666,,,30.170833333333334,26.958333333333332,0.0,13.0
2024-04-22,13.3125,8.192546154312303,-7.029873945404749,0.9166666666666666,,,31.120833333333334,24.541666666666668,0.0,12.5
2024-04-23,9.8125,5.824693012082471,-4.310220775024004,0.625,,,30.016666666666666,25.791666666666668,0.0,15.399999999999999
2024-04-24,11.754166666666668,8.145189989831184,-5.287037163213937,0.7916666666666666,,,29.84583333333333,27.75,0.0,15.899999999999999
2024-04-25,11.579166666666666,7.329761296679627,-7.740192489096693,0.875,,,30.0,24.416666666666668,0.0,16.799999999999997
2024-04-26,10.591666666666667,6.460737757317815,2.640644780441425,0.3333333333333333,,,32.233333333333334,22.625,0.0,15.800000000000004
2024-04-27,15.512500000000001,11.255354127489158,-2.792652262074782,0.4166666666666667,,,32.0375,27.041666666666668,0.0,11.899999999999999
2024-04-28,9.833333333333334,4.150360932361579,-6.801833172771463,0.625,,,30.59166666666667,27.916666666666668,0.0,14.8
2024-04-29,11.725,4.332618369744451,-5.717551397129884,0.4166666666666667,,,30.84583333333333,25.958333333333332,0.0,14.5
2024-04-30,12.829166666666666,9.275641538565747,-6.208487727080538,0.9166666666666666,,,29.758333333333336,25.125,0.0,12.900000000000002
2024-05-01,16.5125,11.290764422757492,-10.91203081275611,0.9583333333333334,,,26.912499999999998,22.333333333333332,0.0,12.200000000000003
2024-05-02,13.320833333333333,10.23957437905588,-7.901681095655307,1.0,,,27.650000000000002,26.125,0.0,15.7
2024-05-03,13.625,11.605298330336822,-6.563283823235312,1.0,,,30.183333333333334,22.166666666666668,0.0,17.400000000000002
2024-05-04,11.266666666666666,8.780097148116491,-5.351564881480847,0.9166666666666666,,,33.0,18.791666666666668,0.0,14.100000000000001
2024-05-05,12.254166666666668,9.179703948523814,-6.553604256153849,0.875,,,33.27916666666667,19.958333333333332,0.0,15.899999999999999
2024-05-06,13.483333333333334,10.59449828248907,-7.778173114367509,1.0,,,33.80416666666667,21.541666666666668,0.0,14.600000000000001
2024-05-07,8.987499999999999,-1.2645943046785821,-2.652589921446058,0.375,,,34.06666666666667,24.666666666666668,0.0,15.2
2024-05-08,13.558333333333332,-11.334126240444476,4.423595631041368,0.0,,,32.729166666666664,39.0,0.0,12.700000000000003
2024-05-09,13.987499999999999,-11.476395724328682,3.3087020610109152,0.0,,,32.52916666666667,36.708333333333336,0.0,13.400000000000002
2024-05-10,11.3375,-8.76469296365168,2.512206413543024,0.125,,,32.12083333333333,43.291666666666664,1.1,13.5
2024-05-11,9.0875,-0.19210521848793957,-3.2571538177211994,0.375,,,31.891666666666666,42.458333333333336,0.1,12.799999999999997
2024-05-12,10.283333333333333,-1.18731613215285,-3.345052922853801,0.2916666666666667,,,32.300000000000004,37.708333333333336,0.1,10.299999999999997
2024-05-13,8.941666666666666,1.3729346748509583,-2.964672169897852,0.4583333333333333,,,33.016666666666666,29.416666666666668,0.0,13.099999999999998
2024-05-14,10.520833333333334,6.7917524719539015,-7.008462586611651,0.9166666666666666,,,32.78333333333334,20.5,0.0,16.1
2024-05-15,10.108333333333333,5.9303293318293955,-6.139666865718852,0.75,,,34.18333333333333,19.458333333333332,0.0,16.9
2024-05-16,9.0375,1.3779748734185837,-3.600546882436159,0.5416666666666666,,,34.56666666666667,18.166666666666668,0.0,16.200000000000003
2024-05-17,10.504166666666666,5.74656303841576,-3.7537225796896863,0.75,,,36.354166666666664,17.625,0.0,15.899999999999999
2024-05-18,12.512500000000001,10.666478580344036,-4.925048785205778,0.8333333333333334,,,36.979166666666664,19.25,0.0,16.9
2024-05-19,12.570833333333333,10.479950613791132,-5.999303310315703,0.9583333333333334,,,36.737500000000004,16.875,0.0,17.2
2024-05-20,11.666666666666666,6.814753436268005,-4.607163527861391,0.5833333333333334,,,36.4125,18.833333333333332,0.0,14.5
2024-05-21,10.029166666666667,-3.6061421710024604,-0.021409346831042803,0.16666666666666666,,,35.199999999999996,27.625,0.0,13.5
2024-05-22,14.7875,-12.170240323054392,3.8614069418213166,0.0,,,35.229166666666664,35.916666666666664,0.3,11.3
2024-05-23,14.120833333333332,-10.875877053742025,7.74537558258488,0.08333333333333333,,,35.71666666666667,35.625,0.0,10.600000000000001
2024-05-24,12.570833333333333,-9.471517368839558,3.7249595891588503,0.0,,,35.641666666666666,35.583333333333336,0.0,10.5
2024-05-25,12.466666666666667,5.835634878799162,-5.002541667894901,0.5833333333333334,,,37.454166666666666,27.375,0.0,13.799999999999997
2024-05-26,12.433333333333332,5.1744573293414,-10.024079270743828,0.8333333333333334,,,38.15,17.375,0.0,16.5
2024-05-27,11.266666666666666,4.807494872403902,-8.504546851614073,0.7083333333333334,,,38.1875,17.5,0.0,15.500000000000004
2024-05-28,8.991666666666667,3.005002186253707,-3.2379184361468383,0.4166666666666667,,,37.30416666666667,13.708333333333334,0.0,16.9
2024-05-29,10.933333333333332,5.631579493995331,-0.21658408397164294,0.4583333333333333,,,38.61666666666667,17.875,0.0,14.600000000000001
2024-05-30,15.804166666666667,11.655036786473154,-1.2446884553086033,0.5416666666666666,,,39.22083333333333,16.041666666666668,0.0,12.799999999999997
2024-05-31,12.945833333333333,9.403483318541944,-4.479057810061668,0.7083333333333334,,,37.59166666666667,11.916666666666666,0.0,17.4
2024-06-01,15.629166666666668,13.256633792110364,-3.096436709817313,0.5833333333333334,,,37.42916666666667,17.0,0.0,12.7
2024-06-02,11.137500000000001,6.118133965426917,-2.5612355548171015,0.4166666666666667,,,36.37916666666667,24.958333333333332,0.0,10.899999999999999
2024-06-03,14.304166666666667,12.593425641613422,-3.1179559672676604,0.7083333333333334,,,36.90416666666667,24.75,0.0,14.799999999999997
2024-06-04,11.829166666666666,10.953631969995897,-1.4932009404082833,0.625,,,36.9,18.875,0.0,12.200000000000003
2024-06-05,16.1125,12.291982377175584,-4.347250469337155,0.7083333333333334,,,36.6625,23.416666666666668,0.0,11.500000000000004
2024-06-06,12.333333333333334,6.694970282302113,-5.314851038363388,0.7083333333333334,,,35.00833333333333,28.375,0.0,12.599999999999998
2024-06-07,15.025,13.401862576998871,-6.5041191118807165,1.0,,,35.204166666666666,30.125,0.0,13.300000000000004
2024-06-08,15.424999999999999,12.382139344010916,-8.291542480902848,1.0,,,34.75,27.416666666666668,0.0,11.900000000000002
2024-06-09,13.379166666666668,9.95198348214088,-8.417502899626188,1.0,,,35.0625,22.666666666666668,0.0,13.900000000000002
2024-06-10,13.470833333333333,12.272834957823266,-4.844583872835958,0.875,,,35.979166666666664,18.166666666666668,0.0,15.100000000000001
2024-06-11,11.283333333333333,10.120711520330481,-3.561132510429036,0.875,,,36.3125,19.0,0.0,14.300000000000004
2024-06-12,11.887500000000001,10.741526200430028,-3.5698085439982528,0.8333333333333334,,,36.949999999999996,17.5,0.0,15.3
2024-06-13,18.108333333333334,16.82619655437472,-3.669829279212607,0.625,,,37.65,20.041666666666668,0.0,15.299999999999997
2024-06-14,22.270833333333332,20.80604344818261,-1.8675391245314177,0.5416666666666666,,,37.5,27.583333333333332,0.0,10.600000000000001
2024-06-15,19.429166666666667,18.12830508686412,-5.128165638407632,0.875,,,37.725,26.833333333333332,0.0,11.099999999999994
2024-06-16,18.020833333333332,17.084287406281653,-4.098343466154303,0.7916666666666666,,,38.37916666666667,25.166666666666668,0.0,11.300000000000004
2024-06-17,19.304166666666667,18.708543921047365,-3.2733182565271,0.7083333333333334,,,38.954166666666666,24.916666666666668,0.0,10.299999999999997
2024-06-18,20.05,19.481486152683697,-3.251234893056109,0.7083333333333334,,,38.920833333333334,24.541666666666668,0.0,9.700000000000003
2024-06-19,18.712500000000002,14.886969292931042,0.23855352330813026,0.3333333333333333,,,37.05833333333333,34.958333333333336,0.8,7.599999999999994
2024-06-20,8.2125,0.20314880694987214,0.25876715688455637,0.08333333333333333,,,34.02916666666667,44.75,4.9,13.799999999999997
2024-06-21,9.637500000000001,1.4140027470650995,-2.514321201694804,0.375,,,32.545833333333334,52.791666666666664,2.1,12.899999999999999
2024-06-22,7.479166666666667,-2.4903928728945375,-4.338486876425601,0.4166666666666667,,,33.6875,50.583333333333336,0.0,8.600000000000001
2024-06-23,10.233333333333333,-9.536422962235074,0.9899244594202576,0.0,,,34.550000000000004,50.958333333333336,0.30000000000000004,9.3
2024-06-24,7.970833333333334,-7.062161920717593,0.7078934564119662,0.0,,,34.1625,53.583333333333336,1.7,8.5
2024-06-25,7.979166666666667,-5.867029910949152,3.6999394112605635,0.0,,,32.895833333333336,62.416666666666664,4.0,6.800000000000001
2024-06-26,10.866666666666667,-9.175707821177777,2.6270713391407012,0.041666666666666664,,,30.983333333333334,73.33333333333333,23.299999999999997,7.4999999999999964
2024-06-27,13.479166666666666,-12.415569782153161,3.9685508516320644,0.0,,,28.34583333333333,83.58333333333333,11.5,5.0
2024-06-28,8.616666666666667,-5.636368252506501,4.290180704356583,0.0,,,27.804166666666664,85.33333333333333,20.900000000000002,5.0
2024-06-29,7.1125,1.0961417816900372,3.936335007147958,0.20833333333333334,,,29.3,80.04166666666667,18.9,6.399999999999999
2024-06-30,6.370833333333334,1.573564702990707,-1.089434452898259,0.375,,,30.766666666666666,74.41666666666667,11.9,7.9999999999999964
2024-07-01,7.091666666666666,2.7521412163817387,-0.2355527345663587,0.375,867.0,97.5,30.125,78.66666666666667,11.5,8.200000000000003
2024-07-02,7.591666666666666,-0.16999736538034235,6.893665671315109,0.0,838.0,167.72727272727272,29.28333333333333,83.625,14.1,7.200000000000003
2024-07-03,8.358333333333333,-3.3562692213071714,5.472687344472791,0.08333333333333333,605.0,260.0,29.34166666666667,83.08333333333333,2.5,6.899999999999999
2024-07-04,7.795833333333333,-6.572012396415477,-0.7211550264642456,0.0,511.0,155.9090909090909,28.05,83.125,7.3,6.100000000000001
2024-07-05,9.579166666666667,-8.292148909076092,-3.0753649032734267,0.0,593.0,322.27272727272725,27.84583333333333,84.54166666666667,0.7,4.199999999999999
2024-07-06,9.041666666666666,-7.030939795278506,-2.9205155003174554,0.041666666666666664,797.0,316.8181818181818,28.579166666666666,80.375,1.0,7.0
2024-07-07,6.75,-4.412292301103267,-1.8577973783496955,0.25,853.0,232.72727272727272,28.6125,76.29166666666667,0.1,7.899999999999999
2024-07-08,7.654166666666666,-2.203740459206514,-3.2809368893789266,0.16666666666666666,798.0,124.54545454545455,28.912499999999998,75.95833333333333,0.0,7.900000000000002
2024-07-09,6.4624999999999995,-4.352277015203572,0.5336153434071828,0.125,937.0,136.36363636363637,29.504166666666666,79.91666666666667,4.9,6.199999999999999
2024-07-10,6.175,-0.918785334924532,2.735002635226097,0.041666666666666664,894.0,110.9090909090909,30.379166666666666,79.08333333333333,11.3,7.600000000000001
2024-07-11,9.204166666666667,1.9780768423357242,1.685906111181256,0.2916666666666667,1301.0,146.8181818181818,31.254166666666666,76.0,3.9000000000000004,9.599999999999998
2024-07-12,9.233333333333333,7.879282880731327,0.5175842220025347,0.5,1140.0,249.54545454545453,30.3125,74.375,0.5,8.299999999999997
2024-07-13,5.483333333333333,0.6707791451927657,-0.9227251474650884,0.3333333333333333,758.0,77.72727272727273,29.962500000000002,77.25,12.4,9.099999999999998
2024-07-14,4.683333333333334,-2.390702515307294,-0.005436364976329748,0.20833333333333334,1110.0,64.0909090909091,31.129166666666666,72.375,0.30000000000000004,7.899999999999999
2024-07-15,11.3125,-10.439007875533418,-0.07565768348822492,0.0,939.0,164.0909090909091,30.241666666666664,75.70833333333333,3.0,7.700000000000003
2024-07-16,10.6625,-9.665638595032169,1.2930673577456189,0.0,991.0,295.90909090909093,30.775000000000002,77.125,17.0,8.699999999999996
2024-07-17,10.604166666666666,-9.71721196537307,2.125738050092331,0.0,901.0,304.54545454545456,31.270833333333332,75.29166666666667,0.2,6.5000000000000036
2024-07-18,7.5874999999999995,-6.209060332290025,3.2021307445249785,0.0,873.0,144.0909090909091,31.233333333333334,75.91666666666667,2.0,7.0000000000000036
2024-07-19,7.741666666666667,-6.15513222809516,2.592124798482424,0.041666666666666664,815.0,220.0,30.575,77.04166666666667,0.9,7.099999999999998
2024-07-20,8.304166666666667,-7.2348486583783105,3.754210662575415,0.0,995.0,188.63636363636363,31.025000000000002,75.08333333333333,0.2,8.0
2024-07-21,9.737499999999999,-8.189175355459685,4.330252986141511,0.0,901.0,225.9090909090909,31.108333333333334,78.04166666666667,1.9,7.599999999999998
2024-07-22,8.345833333333333,-6.997279266829239,3.463713339456843,0.0,869.0,268.1818181818182,30.96666666666667,78.04166666666667,5.0,6.800000000000001
2024-07-23,5.558333333333334,-4.222898495298501,0.8757048838003847,0.041666666666666664,940.0,210.45454545454547,30.395833333333332,80.375,4.3,7.799999999999997
2024-07-24,5.204166666666667,-3.637042909458033,0.08002951081828542,0.041666666666666664,793.0,62.72727272727273,29.566666666666666,82.20833333333333,6.9,7.300000000000004
2024-07-25,4.658333333333333,-0.8008342125942537,-1.1060133863183876,0.375,875.0,88.18181818181819,30.854166666666668,76.16666666666667,0.6,7.5000000000000036
2024-07-26,6.729166666666667,-0.5963509811321939,-0.6786745612625181,0.4166666666666667,846.0,104.0909090909091,29.895833333333332,81.125,10.2,5.600000000000001
2024-07-27,5.833333333333333,-2.6942283239475042,-0.34071582690843866,0.2916666666666667,841.0,82.27272727272727,30.5125,80.79166666666667,4.5,6.0
2024-07-28,9.145833333333334,-8.285561382787082,1.1429080531008469,0.0,1112.0,84.54545454545455,31.458333333333332,76.91666666666667,6.0,6.5
2024-07-29,11.866666666666667,-11.26898674729918,3.361385889065391,0.0,1153.0,218.1818181818182,31.8125,72.54166666666667,0.30000000000000004,7.400000000000002
2024-07-30,10.875,-7.825150004884922,6.474907246323465,0.0,1224.0,219.54545454545453,32.800000000000004,69.79166666666667,0.1,7.399999999999999
2024-07-31,7.195833333333333,0.7790156233859812,2.246460494994461,0.25,577.0,306.3636363636364,31.045833333333334,78.25,116.0,10.600000000000001
2024-08-01,6.520833333333333,-2.127782299578089,5.178664519030947,0.0,539.0,258.1818181818182,28.179166666666664,85.16666666666667,34.7,5.699999999999999
2024-08-02,11.045833333333334,-9.681825618716715,4.576078941137193,0.0,909.0,128.63636363636363,28.429166666666664,83.25,3.0,6.700000000000003
2024-08-03,13.545833333333334,-11.183239722444611,7.327698032694234,0.0,966.0,333.6363636363636,28.916666666666668,82.45833333333333,1.9000000000000001,6.399999999999999
2024-08-04,17.275000000000002,-16.45024803027631,0.14403702959875728,0.0,1370.0,392.72727272727275,29.712500000000002,74.08333333333333,0.1,6.600000000000001
2024-08-05,22.0125,-18.914787618528127,7.500687628584502,0.0,881.0,713.1818181818181,29.037499999999998,76.5,1.2000000000000002,6.200000000000003
2024-08-06,11.304166666666667,-0.3409629597932973,10.510312421211964,0.0,1025.0,545.0,29.004166666666666,76.29166666666667,0.1,5.400000000000002
2024-08-07,7.145833333333333,2.9961858592210606,5.3488598323866405,0.0,442.0,324.09090909090907,27.3125,86.0,16.400000000000002,4.600000000000001
2024-08-08,7.4624999999999995,-2.782410911435236,2.5876597912784596,0.08333333333333333,678.0,137.72727272727272,27.570833333333336,87.08333333333333,10.8,6.0
2024-08-09,5.95,-4.576212431575695,0.8619507008354882,0.041666666666666664,690.0,100.0,27.775000000000002,86.70833333333333,30.799999999999997,6.5
2024-08-10,5.629166666666666,-4.207503795040282,-1.1182226078214133,0.0,587.0,157.72727272727272,27.6375,87.41666666666667,16.7,6.400000000000002
2024-08-11,6.279166666666666,-4.6889702204697645,1.381469072899615,0.0,491.0,165.9090909090909,27.316666666666666,88.625,11.4,5.299999999999997
2024-08-12,7.620833333333334,-7.009373903315706,-1.4159112171131973,0.0,557.0,240.0,26.770833333333332,90.95833333333333,10.9,4.399999999999999
2024-08-13,9.029166666666667,-8.669319141548561,-0.9247575821553164,0.0,643.0,178.1818181818182,27.337500000000002,89.70833333333333,9.1,5.600000000000001
2024-08-14,6.7625,-6.357684827370559,-0.6268672331888868,0.0,658.0,136.8181818181818,28.03333333333333,89.04166666666667,7.800000000000001,4.800000000000001
2024-08-15,9.454166666666667,-8.305427271958868,2.3036283193722613,0.0,613.0,207.72727272727272,28.445833333333336,87.0,10.9,6.300000000000004
2024-08-16,10.9125,-9.532498027339477,4.08989698994481,0.0,828.0,239.0909090909091,27.866666666666664,87.66666666666667,15.0,6.799999999999997
2024-08-17,5.770833333333333,0.18503133372040528,-1.510159029120694,0.375,845.0,127.27272727272727,28.491666666666664,85.83333333333333,7.7,6.199999999999999
2024-08-18,8.6875,7.998815508464445,-1.5816766173274657,0.625,929.0,131.8181818181818,29.099999999999998,82.79166666666667,2.3,6.5000000000000036
2024-08-19,7.574999999999999,5.6574453441290125,-1.3763349628967283,0.5,931.0,109.54545454545455,29.070833333333336,81.66666666666667,1.6,6.5000000000000036
2024-08-20,4.966666666666667,1.4543023290140626,1.1824267551296532,0.20833333333333334,661.0,116.36363636363636,28.204166666666666,85.5,4.3,5.200000000000003
2024-08-21,4.4375,-0.8999425393183169,0.5844004266576327,0.041666666666666664,947.0,108.18181818181819,28.379166666666666,85.66666666666667,5.4,6.899999999999999
2024-08-22,4.916666666666667,1.308130899404566,0.3320122707219529,0.375,909.0,105.45454545454545,28.254166666666666,85.875,7.0,8.099999999999998
2024-08-23,5.333333333333333,-2.1910465177741836,-0.5115555958596305,0.16666666666666666,624.0,53.18181818181818,27.412499999999998,86.33333333333333,0.8999999999999999,5.800000000000001
2024-08-24,5.9750000000000005,-3.6082302948572598,-3.0082373799197235,0.041666666666666664,808.0,65.0,28.3125,84.45833333333333,8.8,6.199999999999999
2024-08-25,16.55,-16.22725820158867,-0.6210060135172143,0.0,1097.0,516.8181818181819,28.77916666666667,79.20833333333333,15.2,7.300000000000004
2024-08-26,15.391666666666666,-14.9955917009272,2.545594868102087,0.0,954.0,627.7272727272727,28.1875,82.54166666666667,3.8,5.600000000000001
2024-08-27,17.3,-15.60294149321606,6.85318049437866,0.0,925.0,540.4545454545455,27.254166666666666,85.33333333333333,11.1,6.899999999999999
2024-08-28,10.179166666666667,-8.44458821346766,4.956922868848236,0.0,715.0,359.09090909090907,26.8625,87.375,7.9,6.100000000000001
2024-08-29,10.429166666666667,-7.915508974433725,5.416222805513258,0.0,773.0,230.0,26.933333333333334,87.29166666666667,19.5,6.5
2024-08-30,5.679166666666667,-2.561323794926443,0.20178577110095644,0.2916666666666667,922.0,83.18181818181819,27.525000000000002,88.20833333333333,7.5,6.300000000000001
2024-08-31,8.420833333333333,6.011773296173057,-5.718827229879047,1.0,946.0,93.63636363636364,29.245833333333334,78.95833333333333,0.0,7.699999999999996
2024-09-01,8.141666666666667,1.9427281151025,-2.9295988406060727,0.7083333333333334,1068.0,124.0909090909091,29.645833333333332,76.375,0.1,7.600000000000001
2024-09-02,10.320833333333333,-9.297238635872686,3.3091408252106906,0.0,938.0,273.1818181818182,28.016666666666666,83.875,11.700000000000001,6.399999999999999
2024-09-03,8.5875,-7.117400989618791,-0.38988143558296207,0.125,777.0,226.36363636363637,27.40833333333333,86.66666666666667,17.8,6.200000000000003
2024-09-04,5.908333333333334,0.8263360633712628,-0.9940305078411779,0.4166666666666667,878.0,148.63636363636363,27.2375,86.625,0.9000000000000001,6.400000000000002
2024-09-05,3.5375,1.9311973097060313,-0.42313510802830123,0.5416666666666666,1043.0,80.9090909090909,27.566666666666666,84.16666666666667,2.9,6.800000000000001
2024-09-06,7.05,-6.155442368428498,2.0194102394203575,0.0,509.0,169.0909090909091,26.512500000000003,89.33333333333333,14.7,6.400000000000002
2024-09-07,5.020833333333333,-2.7068662125275513,0.9663762160441497,0.3333333333333333,760.0,180.45454545454547,26.84583333333333,88.08333333333333,23.6,6.299999999999997
2024-09-08,5.175,2.565068621185556,-2.3639006544037957,0.6666666666666666,810.0,60.45454545454545,27.641666666666666,86.91666666666667,14.1,6.900000000000002
2024-09-09,6.2124999999999995,2.7731927915564625,-3.3837605426797737,0.7916666666666666,1011.0,73.18181818181819,28.445833333333336,81.625,3.4,7.5000000000000036
2024-09-10,3.5875,-1.6925199700290892,-0.6449825062566652,0.20833333333333334,675.0,48.63636363636363,27.25,88.91666666666667,11.8,5.800000000000001
2024-09-11,7.295833333333333,0.36161363613073455,-5.342946514846829,0.5833333333333334,445.0,125.9090909090909,27.504166666666666,89.41666666666667,26.7,6.699999999999999
2024-09-12,16.895833333333332,-2.0849480951711072,-15.988327874447547,0.375,746.0,417.27272727272725,25.40833333333333,91.5,100.8,3.3000000000000007
2024-09-13,13.945833333333333,11.69354241880072,-3.3074063136642273,0.7083333333333334,531.0,308.1818181818182,25.420833333333334,89.375,54.7,6.699999999999999
2024-09-14,10.112499999999999,7.207649922973559,-3.189323585381755,0.5416666666666666,870.0,115.45454545454545,25.991666666666664,83.83333333333333,4.7,7.299999999999997
2024-09-15,11.208333333333334,9.673525338319983,-3.592735632984074,0.7083333333333334,1140.0,105.9090909090909,26.412499999999998,79.29166666666667,0.1,8.7
2024-09-16,11.950000000000001,10.775517019761203,-3.6444399906536833,0.875,1315.0,114.54545454545455,27.22083333333333,72.54166666666667,0.0,8.400000000000002
2024-09-17,7.083333333333333,3.8630218665515694,-2.4745412138250438,0.5,1201.0,55.0,27.629166666666666,74.08333333333333,0.0,7.600000000000001
2024-09-18,10.683333333333332,-5.429797190990153,-7.742703489420837,0.16666666666666666,415.0,163.63636363636363,24.958333333333332,86.08333333333333,62.7,4.899999999999999
2024-09-19,11.3125,-10.105929813422238,-0.3782648049122539,0.0,881.0,246.36363636363637,26.229166666666668,85.5,3.7,7.0
2024-09-20,6.654166666666666,-2.984422202076088,2.9189751399736727,0.08333333333333333,1329.0,40.90909090909091,27.224999999999998,80.41666666666667,0.0,7.100000000000001
2024-09-21,4.716666666666667,0.313831767490081,2.2053129293573637,0.125,1172.0,33.18181818181818,27.891666666666666,79.25,0.2,6.800000000000001
2024-09-22,5.708333333333333,3.690619882612261,-2.588604004932425,0.625,1235.0,46.81818181818182,29.02916666666667,77.125,0.0,7.800000000000001
2024-09-23,6.679166666666666,5.6123738107562176,-2.6604782586937423,0.9166666666666666,1147.0,44.09090909090909,28.95,78.33333333333333,0.0,8.199999999999996
2024-09-24,3.8125,0.714501223522865,0.6184032229924441,0.4166666666666667,1323.0,39.09090909090909,29.354166666666668,77.125,0.0,8.400000000000002
2024-09-25,10.6,-8.941099230534139,5.0355546331350896,0.0,716.0,212.72727272727272,29.008333333333336,81.45833333333333,0.4,6.600000000000001
2024-09-26,10.666666666666666,-9.304627244786063,4.447735250092236,0.0,881.0,310.90909090909093,27.95,81.70833333333333,0.4,6.099999999999998
2024-09-27,10.483333333333333,-9.719819114847056,0.8949409805737821,0.0,858.0,325.45454545454544,27.316666666666666,79.66666666666667,0.8,6.099999999999998
2024-09-28,7.8875,-6.143243833790929,-1.7248719539858,0.0,1075.0,159.54545454545453,26.3125,81.29166666666667,0.0,7.399999999999999
2024-09-29,6.766666666666667,-3.836630480947228,-2.3365841702334946,0.0,1019.0,72.72727272727273,26.383333333333336,83.16666666666667,0.30000000000000004,8.099999999999998
2024-09-30,8.483333333333333,7.147035357346638,-2.2741562441921426,0.4583333333333333,1472.0,43.63636363636363,27.7625,77.45833333333333,0.0,9.200000000000003
2024-10-01,8.558333333333334,7.12585149303881,-1.6769180751328274,0.5416666666666666,1284.0,41.36363636363637,28.337500000000002,76.33333333333333,0.0,9.200000000000003
2024-10-02,9.341666666666667,7.824215713369418,-0.07571716806001344,0.4583333333333333,1225.0,34.54545454545455,28.9375,72.58333333333333,0.0,9.900000000000002
2024-10-03,10.549999999999999,8.021235189288936,-2.0039200917491917,0.5,871.0,68.18181818181819,28.616666666666664,65.95833333333333,0.0,9.399999999999999
2024-10-04,8.8125,4.616265296186907,0.11332593505892508,0.4583333333333333,1166.0,51.81818181818182,28.3625,68.0,0.0,9.7
2024-10-05,9.970833333333333,6.616623857405105,-0.2748448889015114,0.5,1270.0,72.27272727272727,28.395833333333332,66.16666666666667,0.0,9.400000000000002
2024-10-06,9.045833333333333,4.761014679186442,-3.499406001445393,0.5416666666666666,1376.0,73.18181818181819,27.795833333333334,65.41666666666667,0.0,9.900000000000002
2024-10-07,6.816666666666666,3.998995740299014,-4.386515387405754,0.7083333333333334,1176.0,45.45454545454545,26.708333333333332,71.04166666666667,0.0,10.5
2024-10-08,7.1125,2.3305905334383503,-4.7758086522141,0.5833333333333334,1504.0,36.36363636363637,27.004166666666666,69.875,0.0,10.3
2024-10-09,7.345833333333334,5.677409134988536,-3.4053423175023583,0.6666666666666666,1334.0,30.454545454545453,26.525000000000002,65.25,0.0,11.600000000000001
2024-10-10,9.591666666666667,7.795646173956126,-4.356915605742092,0.875,1232.0,60.90909090909091,26.15833333333333,60.291666666666664,0.0,11.299999999999997
2024-10-11,9.233333333333333,8.573178141334777,-1.8809432643991562,0.75,1510.0,45.45454545454545,25.041666666666668,56.375,0.0,12.599999999999998
2024-10-12,8.0,4.752253364468509,-0.7884347272258779,0.4583333333333333,1699.0,43.18181818181818,25.308333333333334,61.166666666666664,0.0,12.899999999999999
2024-10-13,6.391666666666667,0.9833975382657413,-0.6573790183610851,0.4583333333333333,1705.0,40.45454545454545,25.979166666666668,56.625,0.0,12.400000000000002
2024-10-14,6.241666666666667,1.580308934241134,-1.4473146435889452,0.4583333333333333,1791.0,26.363636363636363,25.6875,55.416666666666664,0.0,11.3
2024-10-15,9.083333333333334,7.808302080039922,-1.8964894343765428,0.5416666666666666,1502.0,48.63636363636363,25.183333333333334,56.708333333333336,0.0,12.5
2024-10-16,6.6875,3.617902086506744,0.6249486090411451,0.20833333333333334,1092.0,45.0,25.72083333333333,57.5,0.0,12.799999999999997
2024-10-17,6.066666666666666,-3.265772274368411,0.8202855911568024,0.16666666666666666,1455.0,46.36363636363637,26.291666666666668,62.916666666666664,0.0,12.199999999999996
2024-10-18,6.354166666666667,-1.4661095101738895,1.5360730919384604,0.16666666666666666,1587.0,39.54545454545455,26.141666666666666,65.0,0.0,13.299999999999997
2024-10-19,5.7625,-0.05136192111517298,1.1462920051126548,0.20833333333333334,1327.0,39.54545454545455,26.879166666666666,63.166666666666664,0.0,12.700000000000003
2024-10-20,6.8374999999999995,-4.827165988682881,0.3167355928016071,0.0,1331.0,38.63636363636363,26.4875,67.66666666666667,0.0,12.8
2024-10-21,6.479166666666667,-4.771431365515191,-2.386617120037118,0.125,1509.0,46.36363636363637,25.6375,70.45833333333333,0.0,12.299999999999997
2024-10-22,7.254166666666666,-3.5290702945154133,-4.004814038707671,0.20833333333333334,1160.0,35.90909090909091,25.575,67.54166666666667,0.0,11.399999999999999
2024-10-23,10.033333333333333,7.06341851494503,-6.407496120242452,0.9583333333333334,1488.0,72.27272727272727,26.075,61.291666666666664,0.0,12.0
2024-10-24,10.904166666666667,8.137145778942584,-6.669437637655036,1.0,795.0,110.9090909090909,25.504166666666666,59.458333333333336,0.0,12.400000000000002
2024-10-25,10.404166666666667,8.425847056971472,-5.185815214186928,0.9583333333333334,1154.0,74.0909090909091,25.008333333333336,60.666666666666664,0.0,13.0
2024-10-26,8.775,2.450849365480445,-5.966018396944577,0.7083333333333334,1042.0,46.36363636363637,24.65416666666667,65.95833333333333,0.0,12.600000000000001
2024-10-27,6.558333333333334,-5.62899910218279,2.56923041614249,0.0,1096.0,45.0,25.166666666666668,73.75,0.0,10.700000000000003
2024-10-28,7.483333333333333,-3.1303419879842322,6.521393902688917,0.0,1172.0,45.90909090909091,25.695833333333336,71.0,0.0,10.399999999999999
2024-10-29,6.575,-2.0729393458270984,5.354543903783926,0.0,1235.0,52.72727272727273,26.425,70.08333333333333,0.0,12.299999999999997
2024-10-30,7.579166666666667,1.179220476268437,-2.0429640410000744,0.4166666666666667,1455.0,55.90909090909091,27.037499999999998,64.66666666666667,0.0,12.999999999999996
2024-10-31,10.995833333333332,9.775731084488761,-4.475974559756224,0.9583333333333334,1533.0,79.54545454545455,26.104166666666668,62.916666666666664,0.0,11.999999999999996
2024-11-01,11.904166666666667,10.064877552894549,-4.268461570307848,0.8333333333333334,1589.0,92.27272727272727,24.879166666666666,52.666666666666664,0.0,12.7
2024-11-02,7.083333333333333,2.4404156550629073,-1.0299531956256789,0.25,1705.0,48.18181818181818,24.445833333333336,53.791666666666664,0.0,14.0
2024-11-03,6.558333333333334,-0.8245905195043041,-1.3533416831497245,0.375,1337.0,32.27272727272727,24.400000000000002,54.25,0.0,13.100000000000001
2024-11-04,6.7124999999999995,4.298536390467652,-2.1371890931691495,0.5,1132.0,36.36363636363637,23.758333333333336,61.833333333333336,0.0,12.899999999999999
2024-11-05,6.433333333333334,-5.812407942216031,-0.3695367398035045,0.0,1292.0,47.27272727272727,23.4375,71.0,0.0,11.299999999999997
2024-11-06,5.566666666666666,0.8137759742386269,-0.40304443165367765,0.3333333333333333,1404.0,22.272727272727273,23.97083333333333,67.33333333333333,0.0,12.099999999999998
2024-11-07,5.720833333333334,-1.9520880907645635,3.017020949916052,0.0,1493.0,32.27272727272727,24.22083333333333,66.625,0.0,11.100000000000001
2024-11-08,5.408333333333334,-2.599378019396411,3.8096979943109406,0.0,1650.0,35.0,24.65833333333333,66.29166666666667,0.0,11.3
2024-11-09,7.808333333333334,-4.242976970279319,6.134996610013816,0.0,1657.0,65.9090909090909,24.5625,67.58333333333333,0.0,10.900000000000002
2024-11-10,6.491666666666667,-5.486638695304588,1.9390559795145357,0.0,1111.0,70.45454545454545,24.316666666666666,69.375,0.0,10.899999999999999
2024-11-11,6.0874999999999995,-4.294816030402669,-0.9667275080900412,0.125,1431.0,48.18181818181818,23.8875,74.41666666666667,0.0,11.3
2024-11-12,7.416666666666667,3.9355960030948385,0.7274051369885989,0.5,2056.0,91.81818181818181,24.958333333333332,60.041666666666664,0.0,12.2
2024-11-13,5.5125,4.646397669423599,-2.570676958825798,1.0,1432.0,83.63636363636364,24.083333333333332,56.125,0.0,11.2
2024-11-14,3.2541666666666664,1.7693048380468046,-1.1781027925063794,0.5416666666666666,2154.0,71.81818181818181,24.09583333333333,55.416666666666664,0.0,11.0
2024-11-15,5.9624999999999995,4.846802880016029,-2.7448357884799495,0.9166666666666666,1936.0,112.27272727272727,23.775000000000002,51.166666666666664,0.0,10.3
2024-11-16,5.545833333333333,4.271740466034761,-2.2531531711810726,0.7916666666666666,1898.0,111.81818181818181,23.3,55.541666666666664,0.0,11.2
2024-11-17,4.908333333333333,4.124647350187668,-2.105687804291074,0.9166666666666666,2047.0,100.9090909090909,22.945833333333336,57.916666666666664,0.0,10.5
2024-11-18,5.429166666666667,4.977154722905302,-1.9745065883121022,1.0,1543.0,116.81818181818181,20.837500000000002,59.625,0.0,10.499999999999998
2024-11-19,5.770833333333333,5.267328763860227,-1.8501690794036412,0.8333333333333334,1523.0,80.0,20.104166666666668,51.291666666666664,0.0,11.7
2024-11-20,5.520833333333333,5.025014863780367,-1.668556771275694,0.8333333333333334,1402.0,70.0,19.787499999999998,49.541666666666664,0.0,12.299999999999999
2024-11-21,5.404166666666666,5.007921709122452,-1.6920307818360412,0.9583333333333334,1161.0,70.0,19.779166666666665,50.5,0.0,12.200000000000001
2024-11-22,4.591666666666667,4.006158210401361,-1.6560499799737232,0.875,1304.0,52.72727272727273,20.341666666666665,53.875,0.0,12.3
2024-11-23,4.2375,2.7785886102834305,1.073495175703064,0.25,1666.0,46.36363636363637,20.908333333333335,51.333333333333336,0.0,13.4
2024-11-24,7.3875,6.94451194462415,-0.14205899025220842,0.5833333333333334,1127.0,86.81818181818181,21.474999999999998,48.166666666666664,0.0,12.0
2024-11-25,7.670833333333333,7.113551113103163,-2.0008590508100554,0.875,1326.0,106.36363636363636,20.599999999999998,57.291666666666664,0.0,10.799999999999999
2024-11-26,6.470833333333334,5.909628437458525,-1.7282057606228323,0.7083333333333334,1290.0,88.63636363636364,19.6875,55.75,0.0,11.700000000000001
2024-11-27,4.3374999999999995,3.3842474119825785,-1.9416964019614473,0.75,1420.0,60.90909090909091,19.770833333333332,49.041666666666664,0.0,12.4
2024-11-28,3.3833333333333333,1.3333259087770826,-2.676780599718969,0.7916666666666666,1240.0,56.36363636363637,19.470833333333335,50.25,0.0,12.7
2024-11-29,2.3916666666666666,0.4877863100024182,-2.1726599450928847,0.7916666666666666,1059.0,61.81818181818182,18.945833333333333,58.958333333333336,0.0,12.100000000000001
2024-11-30,4.304166666666666,2.9180740659254014,-2.1557069069688777,0.875,1024.0,57.27272727272727,18.941666666666666,60.0,0.0,12.499999999999998
2024-12-01,4.820833333333334,4.03742093956521,-2.378174014274284,0.9583333333333334,884.0,85.9090909090909,19.370833333333334,61.458333333333336,0.0,10.8
2024-12-02,4.916666666666667,4.034681863941148,-2.334825241781241,1.0,790.0,80.45454545454545,19.5,58.375,0.0,12.5
2024-12-03,6.620833333333334,5.085179553392593,-3.8157262389624296,0.9166666666666666,922.0,123.63636363636364,20.141666666666666,56.25,0.0,13.0
2024-12-04,9.775,8.534779760189886,-4.587853936414168,1.0,1030.0,217.72727272727272,20.095833333333335,49.75,0.0,10.400000000000002
2024-12-05,8.179166666666667,7.764145904124297,-1.7480256642491059,0.8333333333333334,1058.0,121.81818181818181,17.866666666666667,44.541666666666664,0.0,11.600000000000001
2024-12-06,7.166666666666667,6.400166559595547,-1.888981039751186,0.7083333333333334,1165.0,100.9090909090909,17.5625,46.958333333333336,0.0,12.2
2024-12-07,3.3625000000000003,0.9455547252743773,-0.22362715682932544,0.5416666666666666,1556.0,58.18181818181818,16.900000000000002,44.041666666666664,0.0,13.400000000000002
2024-12-08,8.195833333333333,-6.362945663564353,4.3145495474804445,0.08333333333333333,1032.0,122.27272727272727,16.116666666666667,56.166666666666664,1.5,11.3
2024-12-09,4.320833333333334,-0.8812062746898707,-1.2083754611370852,0.4166666666666667,1262.0,176.36363636363637,15.345833333333333,65.375,0.0,9.799999999999999
2024-12-10,8.262500000000001,6.6304105394982855,-4.477685195390669,1.0,1180.0,155.45454545454547,14.529166666666667,52.875,0.0,10.3
2024-12-11,8.029166666666667,7.3810133758036285,-2.926880463056593,0.9583333333333334,635.0,138.1818181818182,13.904166666666667,46.708333333333336,0.0,12.0
2024-12-12,7.454166666666667,6.466408882751225,-3.5779871743002527,1.0,924.0,121.81818181818181,14.266666666666666,52.125,0.0,12.8
2024-12-13,11.920833333333334,10.640937209513512,-5.179899911774405,1.0,868.0,307.27272727272725,14.85,47.708333333333336,0.0,11.400000000000002
2024-12-14,9.558333333333334,8.998431217057052,-2.8346357163233367,0.9583333333333334,620.0,230.9090909090909,14.674999999999999,44.208333333333336,0.0,12.1
2024-12-15,4.391666666666667,3.717985738333273,-2.0087570799363057,1.0,533.0,86.36363636363636,14.283333333333333,51.5,0.0,13.8
2024-12-16,3.3666666666666667,2.1539864944279916,-2.095326056555617,0.9583333333333334,514.0,50.90909090909091,14.183333333333332,67.04166666666667,0.0,14.0
2024-12-17,2.8166666666666664,0.963942657642237,-1.390011415087242,0.5833333333333334,666.0,48.18181818181818,14.204166666666666,74.0,0.0,12.900000000000002
2024-12-18,4.1875,3.9434987608214094,-0.6406528065291108,0.75,684.0,52.27272727272727,14.020833333333334,69.16666666666667,0.0,13.299999999999999
2024-12-19,4.429166666666666,-2.629549597731027,1.7252604095196558,0.125,748.0,42.27272727272727,14.529166666666667,62.541666666666664,0.0,12.8
2024-12-20,4.1375,-0.26524036876577456,-2.8457389166863525,0.4583333333333333,784.0,84.0909090909091,16.25,62.25,0.0,13.0
2024-12-21,4.920833333333333,2.813790444267772,-3.318109282313934,0.7916666666666666,857.0,94.0909090909091,15.491666666666667,64.625,0.0,12.900000000000002
2024-12-22,3.3333333333333335,-1.3050103168922782,1.2530594403223423,0.16666666666666666,1316.0,50.45454545454545,16.304166666666667,59.541666666666664,0.0,12.0
2024-12-23,6.729166666666667,-6.378003877862519,0.8744069808382582,0.0,602.0,133.1818181818182,14.491666666666667,68.45833333333333,1.4,6.000000000000002
2024-12-24,5.354166666666667,-2.496326752121218,-2.4225905735949005,0.16666666666666666,565.0,100.0,14.695833333333333,76.58333333333333,0.5,7.299999999999999
2024-12-25,5.170833333333333,3.033520099784465,-3.502274219906875,0.9583333333333334,810.0,81.81818181818181,15.091666666666667,77.625,0.0,9.8
2024-12-26,3.1125000000000003,0.1816444026068628,-0.9870374221724839,0.4166666666666667,1031.0,45.0,16.108333333333334,67.625,0.0,12.700000000000001
2024-12-27,7.629166666666666,-5.869647023720467,-2.8180308821564686,0.08333333333333333,426.0,139.54545454545453,15.154166666666667,84.33333333333333,29.9,3.3000000000000007
2024-12-28,5.416666666666667,0.8514520073523618,-2.160174478534989,0.5833333333333334,561.0,118.63636363636364,14.954166666666666,89.33333333333333,4.6,5.800000000000001
2024-12-29,8.054166666666667,6.378982152477289,-4.727288102170565,1.0,682.0,199.0909090909091,13.729166666666666,86.04166666666667,0.0,7.700000000000001
2024-12-30,7.6000000000000005,6.966351705311016,-2.5793315471083065,0.8333333333333334,553.0,151.8181818181818,12.691666666666668,87.25,0.0,8.500000000000002
2024-12-31,3.5208333333333335,3.071460401477303,-1.5397882923776909,1.0,524.0,56.81818181818182,11.320833333333333,88.79166666666667,0.0,8.600000000000001
2025-01-01,5.8500000000000005,5.079939464672504,-2.3120814205470714,0.9166666666666666,505.0,78.63636363636364,11.1625,88.875,0.0,9.100000000000001
2025-01-02,6.6625000000000005,5.974536103514357,-1.7910511765642445,0.8333333333333334,481.0,93.63636363636364,12.383333333333333,85.125,0.0,9.7
2025-01-03,4.241666666666666,3.7854119090910996,-1.0753958227732183,0.75,257.0,39.54545454545455,12.845833333333333,86.0,0.0,11.000000000000002
2025-01-04,4.2,-1.6537578864720965,1.2333844186306955,0.16666666666666666,276.0,58.18181818181818,13.495833333333332,88.83333333333333,0.0,12.700000000000001
2025-01-05,6.3625,-5.090051339231288,3.449801363774458,0.0,377.0,113.63636363636364,12.458333333333334,89.70833333333333,0.0,8.900000000000002
2025-01-06,4.941666666666666,1.6309310572288649,-2.3230539586564265,0.5833333333333334,639.0,106.81818181818181,13.025,88.875,4.9,9.2
2025-01-07,9.845833333333333,8.870816497539183,-4.159480581465313,1.0,695.0,230.9090909090909,13.012500000000001,88.125,0.0,7.300000000000001
2025-01-08,8.783333333333333,8.48090153076903,-1.829533187506417,0.875,682.0,141.8181818181818,12.737499999999999,75.08333333333333,0.0,9.7
2025-01-09,2.733333333333333,0.17093821764690967,-0.18253407532821256,0.125,480.0,27.272727272727273,12.799999999999999,76.70833333333333,0.0,10.7
2025-01-10,4.454166666666667,-3.829880273376256,1.1180002055332616,0.0,593.0,45.0,12.15,85.08333333333333,0.0,9.999999999999998
2025-01-11,6.7749999999999995,-6.08049272099781,1.4332582320091969,0.125,643.0,119.54545454545455,12.204166666666666,87.66666666666667,3.9,8.8
2025-01-12,4.341666666666667,-1.0699961700133611,-0.43338633240883356,0.4166666666666667,865.0,100.45454545454545,13.275,87.375,0.1,8.2
2025-01-13,6.8125,6.079595655007053,-2.8914465855380045,1.0,512.0,133.1818181818182,13.395833333333334,85.625,0.0,9.8
2025-01-14,4.691666666666666,3.424045142958319,-2.021614863614521,0.75,580.0,98.63636363636364,13.254166666666668,82.875,0.0,9.5
2025-01-15,3.3791666666666664,-2.470942657660331,1.1521046832514739,0.20833333333333334,844.0,34.54545454545455,13.0625,87.16666666666667,2.9,9.299999999999999
2025-01-16,4.258333333333334,-1.901358615387185,-1.8815432943949117,0.25,933.0,69.54545454545455,13.9125,83.70833333333333,0.7,6.9
2025-01-17,6.833333333333333,5.263690113126329,-4.167547146001713,1.0,650.0,121.36363636363636,13.200000000000001,80.66666666666667,0.0,9.7
2025-01-18,4.175,3.3437867858725627,-1.1479284331585327,0.5833333333333334,449.0,55.90909090909091,12.299999999999999,86.41666666666667,0.0,10.0
2025-01-19,3.1625,1.372480908182978,-1.919761344675338,0.625,273.0,31.363636363636363,14.629166666666668,85.83333333333333,0.0,12.4
2025-01-20,7.458333333333333,6.9986089359192505,-2.194774835710184,0.9166666666666666,603.0,92.72727272727273,16.354166666666668,83.16666666666667,0.0,10.2
2025-01-21,7.425,6.906115800472397,-2.4236293246591916,1.0,512.0,125.45454545454545,15.987499999999999,77.95833333333333,0.0,10.799999999999999
2025-01-22,4.666666666666667,3.7130979865776284,-2.537506408305399,1.0,465.0,80.9090909090909,16.1875,75.25,0.0,12.4
2025-01-23,7.116666666666666,5.441016823108583,-4.002685699964751,0.9583333333333334,1053.0,118.18181818181819,16.308333333333334,70.54166666666667,1.5999999999999999,10.2
2025-01-24,9.0875,8.56488738591076,-2.596527689599744,0.9583333333333334,841.0,145.0,14.945833333333333,67.04166666666667,0.0,10.499999999999998
2025-01-25,9.108333333333333,9.013159207446861,-0.49718166478788706,0.5416666666666666,574.0,130.9090909090909,14.208333333333334,62.666666666666664,0.0,11.8
2025-01-26,7.158333333333334,7.03050532374888,-0.6722904434763973,0.625,635.0,82.72727272727273,14.083333333333334,62.041666666666664,0.0,12.8
2025-01-27,7.058333333333334,6.820506939698209,-0.8197031107429273,0.625,691.0,70.9090909090909,14.391666666666666,62.0,0.0,13.7
2025-01-28,5.4624999999999995,4.669357837717801,0.011585296168873493,0.5416666666666666,623.0,66.36363636363636,15.304166666666667,58.291666666666664,0.0,14.899999999999999
2025-01-29,7.208333333333333,-6.217731181583114,3.228403051659063,0.0,831.0,93.63636363636364,16.666666666666668,63.041666666666664,0.0,13.8
2025-01-30,5.825,-3.419777289389885,3.8661817122245377,0.0,885.0,90.45454545454545,17.745833333333334,66.33333333333333,0.0,13.5
2025-01-31,4.145833333333333,-1.626010691505634,2.449686348402722,0.0,1997.0,58.18181818181818,18.787499999999998,65.33333333333333,0.0,14.200000000000001
2025-02-01,6.541666666666667,-3.1550410201949632,1.0593515365082842,0.20833333333333334,1792.0,146.36363636363637,19.133333333333333,63.041666666666664,0.0,12.8
2025-02-02,7.129166666666666,4.496926875183012,-4.9175655754039385,0.9583333333333334,1289.0,150.9090909090909,17.8875,70.125,0.0,9.900000000000002
2025-02-03,5.05,2.4663408554913713,-3.1356400546792433,0.7916666666666666,791.0,97.72727272727273,16.383333333333333,66.125,1.7,12.0
2025-02-04,3.654166666666667,-2.4879552785134584,0.44497372623258663,0.08333333333333333,865.0,60.45454545454545,17.595833333333335,70.04166666666667,0.7,9.899999999999999
2025-02-05,7.104166666666667,5.619553135911013,-3.708847193925363,0.9583333333333334,1288.0,117.27272727272727,16.2,68.08333333333333,0.30000000000000004,9.499999999999998
2025-02-06,11.895833333333334,7.816170829420215,-8.540047286754447,1.0,1055.0,270.0,15.879166666666668,51.416666666666664,0.0,9.700000000000001
2025-02-07,12.775,11.672149851826468,-5.025959080263586,1.0,975.0,289.54545454545456,15.329166666666666,52.166666666666664,0.0,10.200000000000001
2025-02-08,9.995833333333334,8.961317145832071,-3.55890380837222,0.8333333333333334,656.0,174.0909090909091,16.7,51.666666666666664,0.0,12.200000000000001
2025-02-09,5.1625,4.79648231867254,-1.64376410476547,1.0,700.0,59.09090909090909,17.858333333333334,58.625,0.0,14.399999999999999
2025-02-10,4.445833333333334,3.4049588876763948,-1.2638673015432773,0.7083333333333334,1358.0,52.27272727272727,19.216666666666665,59.291666666666664,0.0,15.5
2025-02-11,4.3500000000000005,1.7345038847133327,-1.774928517919791,0.4583333333333333,1736.0,72.72727272727273,20.279166666666665,60.166666666666664,0.0,15.599999999999998
2025-02-12,10.208333333333334,8.16953350051905,-5.287380744964762,0.9166666666666666,1578.0,238.1818181818182,19.275000000000002,51.375,0.0,11.700000000000001
2025-02-13,12.554166666666667,10.484063916389529,-6.201856777891856,1.0,1145.0,331.3636363636364,18.325,46.791666666666664,0.0,9.900000000000002
2025-02-14,10.066666666666666,9.472099536166672,-2.9164522614255373,0.9583333333333334,820.0,203.1818181818182,18.5125,42.375,0.0,12.3
2025-02-15,5.4624999999999995,-1.2831413743988354,-2.559887778067425,0.3333333333333333,1183.0,96.36363636363636,19.9125,46.041666666666664,0.0,12.600000000000001
2025-02-16,4.041666666666667,-0.05116220792623882,-1.2400875736896237,0.125,1592.0,90.9090909090909,20.379166666666666,52.25,0.0,13.100000000000001
2025-02-17,2.620833333333333,0.9640458105984822,-1.6200184995972402,0.6666666666666666,1694.0,51.81818181818182,21.670833333333334,51.625,0.0,12.600000000000001
2025-02-18,5.458333333333333,3.904746195214544,-2.052222365940326,0.6666666666666666,1003.0,91.36363636363636,20.962500000000002,53.375,0.0,9.599999999999998
2025-02-19,5.591666666666666,4.75796224964195,0.3791475626608489,0.5,1232.0,91.81818181818181,20.641666666666666,51.166666666666664,1.0,12.8
2025-02-20,11.666666666666666,-8.977408804513521,0.2341179612727299,0.08333333333333333,1199.0,217.72727272727272,19.020833333333332,69.41666666666667,7.1,8.6
2025-02-21,5.795833333333333,0.7103620889357432,-3.0321111049769023,0.4583333333333333,1496.0,256.8181818181818,18.983333333333334,71.20833333333333,0.4,11.400000000000002
2025-02-22,8.3125,7.2364433961856065,-3.981284817398888,1.0,1101.0,198.63636363636363,18.337500000000002,66.25,0.0,10.399999999999999
2025-02-23,5.5625,4.635460758816229,-2.518680238848438,0.9166666666666666,1375.0,79.0909090909091,18.95,61.666666666666664,0.0,11.8
2025-02-24,5.245833333333334,3.807838162188631,-3.0720665878089,1.0,1580.0,68.18181818181819,20.099999999999998,56.625,0.0,13.599999999999998
2025-02-25,4.208333333333333,1.8481067526189776,-1.4112878755638303,0.5,1351.0,58.18181818181818,21.375,53.583333333333336,0.0,13.700000000000001
2025-02-26,4.6625000000000005,-0.5942821064294191,3.548988051767479,0.041666666666666664,1649.0,48.18181818181818,23.745833333333334,54.708333333333336,0.0,12.200000000000003
2025-02-27,8.495833333333334,-6.272699352232695,-2.514082899912822,0.08333333333333333,562.0,176.8181818181818,21.116666666666667,69.66666666666667,1.0,4.299999999999997
2025-02-28,9.516666666666667,-8.064883053394945,1.0623503478036207,0.041666666666666664,715.0,312.27272727272725,20.0625,73.41666666666667,3.3,5.199999999999999
2025-03-01,7.429166666666667,-5.687671082889017,-1.8042171022194087,0.041666666666666664,799.0,228.63636363636363,19.525000000000002,81.04166666666667,7.7,8.600000000000001
2025-03-02,7.425,4.5561309870408015,-5.159781999967573,0.875,1137.0,133.1818181818182,19.095833333333335,67.08333333333333,0.0,9.200000000000001
2025-03-03,5.2875000000000005,-1.3385731068732836,0.94200526577711,0.25,927.0,110.45454545454545,19.775000000000002,59.041666666666664,0.0,14.099999999999998
2025-03-04,10.9125,8.951231319753216,-3.9179688030330535,0.75,2069.0,307.27272727272725,19.837500000000002,60.083333333333336,0.0,8.799999999999999
2025-03-05,17.616666666666667,15.096733075120595,-8.956815991402621,1.0,1242.0,677.2727272727273,17.783333333333335,45.166666666666664,0.0,10.200000000000001
2025-03-06,10.041666666666666,9.514233716262762,-2.884140670592289,0.9166666666666666,845.0,243.1818181818182,19.616666666666667,41.375,0.0,13.8
2025-03-07,5.204166666666667,4.424961496018771,-1.6270719757113155,0.7083333333333334,1132.0,63.63636363636363,20.883333333333333,43.958333333333336,0.0,15.899999999999999
2025-03-08,6.8500000000000005,5.909188512956823,-1.993998705012217,0.5416666666666666,1672.0,63.63636363636363,22.383333333333336,43.333333333333336,0.0,15.500000000000002
2025-03-09,6.25,-3.353356376913925,4.431695215197432,0.0,1770.0,91.36363636363636,24.741666666666664,43.208333333333336,0.0,15.0
2025-03-10,8.491666666666667,-6.085808453405709,5.279907011334846,0.0,1295.0,156.8181818181818,25.22083333333333,45.75,0.0,12.7
2025-03-11,3.908333333333333,0.006770585394943722,-0.31845004975881014,0.3333333333333333,2143.0,103.63636363636364,26.90416666666667,45.958333333333336,0.0,14.899999999999999
2025-03-12,7.620833333333334,6.548921441497794,-3.5382964108928108,0.9583333333333334,1432.0,155.0,26.412499999999998,49.791666666666664,0.0,13.099999999999998
2025-03-13,5.554166666666667,1.4028415795103897,-1.5409069880081445,0.3333333333333333,1675.0,99.54545454545455,25.212500000000002,53.208333333333336,5.8999999999999995,11.0
2025-03-14,5.9750000000000005,-0.4221056649581449,0.9420611061605152,0.125,2552.0,134.54545454545453,25.75,50.875,0.0,14.200000000000003
2025-03-15,9.070833333333333,-4.280810014575301,-3.646992993577746,0.125,1527.0,301.3636363636364,24.120833333333334,54.708333333333336,0.5,11.3
2025-03-16,7.3999999999999995,3.852783992205459,-5.058822773604116,0.875,2248.0,237.27272727272728,23.708333333333332,48.291666666666664,0.1,11.899999999999999
2025-03-17,8.095833333333333,6.2320365999237515,-4.531069381891674,0.9583333333333334,2246.0,191.36363636363637,23.145833333333332,44.375,0.0,10.7
2025-03-18,7.9624999999999995,6.889556343821217,-3.2959355651093607,0.9583333333333334,1851.0,134.54545454545453,23.575,43.333333333333336,0.0,12.799999999999997
2025-03-19,6.25,4.1162566684248425,-2.9782053398785155,0.5833333333333334,2268.0,90.9090909090909,25.2,37.375,0.0,14.599999999999998
2025-03-20,6.383333333333333,3.3781166640668587,-4.357169895623744,0.7083333333333334,2917.0,130.9090909090909,26.224999999999998,32.375,0.0,13.899999999999999
2025-03-21,8.862499999999999,6.603039658936038,-5.401143746712422,1.0,2782.0,220.9090909090909,25.462500000000002,32.291666666666664,0.0,12.600000000000001
2025-03-22,8.216666666666667,6.5130090746234055,-3.1795337858239745,0.7083333333333334,3373.0,99.54545454545455,25.233333333333334,32.75,0.0,13.3
2025-03-23,5.1375,1.3682697251012896,1.7436190476922373,0.16666666666666666,2196.0,69.0909090909091,26.008333333333336,33.75,0.0,14.200000000000003
2025-03-24,4.945833333333334,-0.12819995020045027,2.065371988477881,0.08333333333333333,2207.0,97.27272727272727,27.241666666666664,31.666666666666668,0.0,13.899999999999999
2025-03-25,6.095833333333332,-1.3759635879084235,0.6066854508556542,0.125,2779.0,111.36363636363636,28.683333333333334,31.625,0.0,15.5
2025-03-26,5.308333333333334,0.042362821728210674,3.3369024146963766,0.041666666666666664,3360.0,75.45454545454545,30.058333333333334,28.916666666666668,0.0,16.099999999999998
2025-03-27,6.3999999999999995,4.347864951853183,-0.6704447695318461,0.5,2710.0,92.72727272727273,30.104166666666668,27.458333333333332,0.0,12.100000000000001
2025-03-28,12.1,10.857832048447593,-4.552232442273639,0.9166666666666666,1402.0,374.09090909090907,26.133333333333336,24.541666666666668,0.0,9.2
2025-03-29,13.116666666666667,11.476796674402417,-6.174942383054652,1.0,955.0,462.27272727272725,23.05,21.625,0.0,12.7
2025-03-30,9.908333333333333,8.849048507195906,-4.331113780984441,1.0,1150.0,235.45454545454547,24.820833333333336,21.708333333333332,0.0,14.0
2025-03-31,8.533333333333333,7.5832565104096545,-3.4729034773940977,0.9166666666666666,1930.0,167.27272727272728,26.195833333333336,21.166666666666668,0.0,16.299999999999997
2025-04-01,8.075000000000001,7.283121823546434,-2.6690241150619958,0.7916666666666666,2118.0,122.72727272727273,26.508333333333336,20.5,0.0,14.299999999999997
2025-04-02,5.366666666666667,4.05051024567901,-1.8805350463425416,0.75,2887.0,39.09090909090909,27.741666666666664,21.541666666666668,0.0,17.1
2025-04-03,4.6000000000000005,0.07322214435905378,0.0185565106349118,0.125,4757.0,91.81818181818181,29.650000000000002,18.875,0.0,17.0
2025-04-04,7.170833333333333,5.132225117631523,-2.886101633803728,0.625,3649.0,153.63636363636363,30.162499999999998,17.583333333333332,0.0,15.3
2025-04-05,8.483333333333333,7.6704106042461175,-2.863721503565573,0.875,1907.0,141.36363636363637,29.02916666666667,21.541666666666668,0.0,13.200000000000003
2025-04-06,5.8125,4.882321125839464,-1.219754438197809,0.5833333333333334,2243.0,62.27272727272727,30.53333333333333,21.583333333333332,0.0,16.1
2025-04-07,4.875,-3.240414014181377,0.1581849346887836,0.041666666666666664,2993.0,135.9090909090909,32.541666666666664,22.125,0.0,15.5
2025-04-08,6.454166666666667,-5.538704126261936,2.0821473285883596,0.0,2980.0,117.27272727272727,32.8375,22.0,0.0,14.7
2025-04-09,6.870833333333334,-3.613666841288598,0.7976782665651453,0.125,3560.0,122.27272727272727,33.55416666666667,25.25,0.0,14.600000000000001
2025-04-10,7.1000000000000005,-0.9950640741337393,0.8656566056884344,0.20833333333333334,2293.0,112.72727272727273,31.5,32.541666666666664,1.4000000000000001,12.299999999999997
2025-04-11,11.616666666666667,-8.385236018065568,2.465019964981543,0.041666666666666664,678.0,270.45454545454544,26.34583333333333,60.291666666666664,8.1,11.700000000000003
2025-04-12,4.983333333333333,-3.622326478614714,0.5901274468240489,0.0,1871.0,166.8181818181818,26.270833333333332,57.0,1.1,14.299999999999997
2025-04-13,3.4291666666666667,-2.358326112158881,0.033644324137508876,0.125,2846.0,109.54545454545455,28.358333333333334,47.125,0.0,14.199999999999996
2025-04-14,6.3625,-5.267057152998226,2.613561819180169,0.0,2493.0,176.8181818181818,29.379166666666666,41.666666666666664,0.0,13.3
2025-04-15,7.308333333333334,-5.499606874696808,4.2215874204073,0.0,2673.0,207.27272727272728,30.833333333333332,37.041666666666664,0.0,11.900000000000002
2025-04-16,6.3875,-4.4303967952454455,3.01552912284742,0.041666666666666664,2943.0,187.27272727272728,32.25,33.875,0.0,12.600000000000001
2025-04-17,8.137500000000001,-0.8820551422549895,0.4552904548880275,0.20833333333333334,3147.0,149.0909090909091,33.30833333333333,31.791666666666668,0.0,14.3
2025-04-18,7.883333333333333,-5.664408456417025,0.9056590358213564,0.041666666666666664,2455.0,237.27272727272728,32.9125,39.708333333333336,0.0,15.099999999999998
2025-04-19,11.883333333333333,-8.418779223511871,6.564358400506591,0.0,3215.0,439.09090909090907,32.61666666666667,41.166666666666664,0.0,12.5
2025-04-20,9.491666666666667,-7.002289766504446,3.1790831022960835,0.0,2964.0,401.8181818181818,33.13333333333333,37.208333333333336,0.0,13.0
2025-04-21,6.820833333333333,4.327166509270975,0.4003329619444896,0.25,3340.0,171.36363636363637,33.862500000000004,23.291666666666668,0.0,14.099999999999998
2025-04-22,8.816666666666666,8.473618993928334,-1.0669051623316588,0.75,2599.0,148.63636363636363,32.579166666666666,10.25,0.0,14.899999999999999
2025-04-23,8.458333333333334,8.066913860149514,-1.7612166574360126,0.7083333333333334,2656.0,115.9090909090909,32.25416666666667,11.541666666666666,0.0,15.400000000000002
2025-04-24,6.9750000000000005,5.398898209432011,-0.6626169611574277,0.5416666666666666,4129.0,60.0,32.84166666666667,10.958333333333334,0.0,16.0
2025-04-25,6.679166666666667,1.88027538821911,-2.019157985921647,0.4166666666666667,4905.0,43.63636363636363,33.858333333333334,13.041666666666666,0.0,16.3
2025-04-26,8.133333333333335,3.1333997806559797,0.5704299604329096,0.16666666666666666,4147.0,104.0909090909091,34.34583333333333,12.666666666666666,0.0,15.5
2025-04-27,5.029166666666667,0.8424620212778975,-1.2585706675021848,0.3333333333333333,4966.0,114.54545454545455,34.541666666666664,13.75,0.0,12.499999999999996
2025-04-28,7.770833333333333,-5.896344761463504,0.7650282180551787,0.0,3886.0,166.36363636363637,33.050000000000004,19.625,0.0,14.600000000000001
2025-04-29,10.470833333333333,-9.419106562094855,3.0585734626124954,0.0,1954.0,380.0,31.349999999999998,34.666666666666664,0.0,12.5
2025-04-30,9.079166666666667,-7.03526352295393,2.1401426999672153,0.08333333333333333,2431.0,285.45454545454544,31.537499999999998,36.666666666666664,0.0,10.499999999999996
2025-05-01,10.083333333333334,-9.213080600355639,2.643546628153194,0.0,2402.0,395.45454545454544,31.77916666666667,36.416666666666664,0.0,11.700000000000003
2025-05-02,8.4,-7.33170107651669,-0.11667219527329535,0.041666666666666664,751.0,458.1818181818182,26.241666666666664,65.45833333333333,12.4,6.900000000000002
2025-05-03,5.266666666666667,-3.009874560074325,1.6375093439214117,0.041666666666666664,820.0,129.54545454545453,28.3125,53.916666666666664,3.4,11.399999999999999
2025-05-04,5.016666666666667,-3.9716547606489594,1.1688728499869174,0.041666666666666664,737.0,192.72727272727272,29.929166666666664,48.916666666666664,2.0,10.399999999999999
2025-05-05,8.2875,-6.89891576534879,-0.23431989664971473,0.0,1899.0,275.90909090909093,28.504166666666666,57.875,0.1,11.400000000000002
2025-05-06,7.5,-7.2230466956037125,-0.24654738301235665,0.0,1614.0,161.8181818181818,27.370833333333334,62.083333333333336,0.4,12.2
2025-05-07,7.4125000000000005,-6.809647359480517,-0.2571702024189568,0.0,1894.0,208.1818181818182,27.8625,62.208333333333336,0.5,9.599999999999998
2025-05-08,5.925,-4.999689513831933,-1.1727937329331548,0.0,1056.0,89.0909090909091,28.295833333333334,61.208333333333336,2.7,8.5
2025-05-09,5.545833333333333,-3.153090564343691,1.4187784923757993,0.08333333333333333,2206.0,181.36363636363637,30.766666666666666,49.208333333333336,1.1,12.0
2025-05-10,4.470833333333333,-2.3051496833753577,-1.185881723133139,0.041666666666666664,1374.0,81.36363636363636,30.900000000000002,51.541666666666664,1.5,10.5
2025-05-11,5.604166666666667,3.6642793190324277,-3.0737031620054798,0.75,2566.0,171.8181818181818,31.712500000000002,49.375,0.0,13.100000000000001
2025-05-12,6.533333333333334,4.914782907277803,-2.204952027910936,0.75,3179.0,76.81818181818181,32.99166666666667,34.583333333333336,0.0,14.100000000000001
2025-05-13,10.025,8.448899177291281,-1.5085161461309191,0.625,3612.0,153.63636363636363,34.71666666666667,24.583333333333332,0.0,13.199999999999996
2025-05-14,9.008333333333333,7.76666849006902,-2.318756858969156,0.6666666666666666,3378.0,142.72727272727272,35.358333333333334,21.208333333333332,0.0,12.700000000000003
2025-05-15,6.741666666666667,6.31979315421941,-1.6833989772766944,0.6666666666666666,3316.0,93.63636363636364,36.266666666666666,20.583333333333332,0.0,12.2
2025-05-16,10.033333333333333,3.685118401688898,-2.0169633420975583,0.4166666666666667,3744.0,130.45454545454547,35.8125,23.958333333333332,0.0,13.900000000000002
2025-05-17,9.924999999999999,4.5779570682575,0.36617072619785357,0.4166666666666667,3568.0,226.8181818181818,35.6875,28.291666666666668,0.0,13.599999999999998
2025-05-18,9.641666666666667,1.477636864768118,-1.0914630061346413,0.4166666666666667,2811.0,241.36363636363637,35.25,31.208333333333332,0.0,12.600000000000001
2025-05-19,8.65,-4.512194063691974,1.2498601386590869,0.125,2448.0,307.27272727272725,34.53333333333333,45.375,0.0,13.8
2025-05-20,9.566666666666666,-2.9057134475323916,0.45197761330333736,0.20833333333333334,2556.0,260.45454545454544,34.9375,45.375,0.0,14.600000000000001
2025-05-21,9.954166666666667,-5.989369847018053,2.728975966835812,0.041666666666666664,2573.0,341.8181818181818,34.8125,45.083333333333336,0.0,13.2
2025-05-22,10.941666666666668,-9.53294749997589,4.89472160716135,0.0,1466.0,435.0,31.420833333333334,55.208333333333336,0.0,12.0
2025-05-23,11.725,-11.06368051378081,3.490315906774866,0.0,1807.0,459.54545454545456,32.35,51.666666666666664,1.5,11.800000000000004
2025-05-24,12.825000000000001,-12.191507513530278,3.7920283988397845,0.0,1650.0,625.0,33.449999999999996,48.0,0.4,9.200000000000003
2025-05-25,8.512500000000001,-7.285760870027854,-0.3202689237982662,0.0,662.0,475.0,28.425,65.91666666666667,0.4,8.2
2025-05-26,7.470833333333334,-6.547056761144309,0.4293507716285918,0.0,1516.0,165.0,29.829166666666666,65.08333333333333,1.8,11.600000000000001
2025-05-27,5.341666666666666,-5.220193180819684,-0.27895668340290186,0.0,1546.0,129.54545454545453,31.183333333333334,61.791666666666664,0.0,9.900000000000002
2025-05-28,5.354166666666667,-3.5667869779017196,0.8680533958216766,0.041666666666666664,2194.0,135.9090909090909,33.18333333333333,54.541666666666664,0.0,12.100000000000001
2025-05-29,5.829166666666667,-0.5771367876665056,4.975257252986919,0.0,2681.0,150.9090909090909,33.645833333333336,52.208333333333336,0.3,12.5
2025-05-30,5.4875,0.01455025131126129,0.41764216664535175,0.125,959.0,78.18181818181819,31.6125,49.083333333333336,0.0,9.0
2025-05-31,6.345833333333334,1.6472158651933748,3.6624215575724626,0.041666666666666664,3103.0,75.0,31.90833333333333,47.625,1.0,13.600000000000001
2025-06-01,9.658333333333333,4.832055937735858,4.809201762939917,0.125,1588.0,147.27272727272728,30.995833333333334,48.125,4.2,10.899999999999999
2025-06-02,5.6625000000000005,3.006877180725207,1.1166658956936266,0.20833333333333334,2429.0,150.9090909090909,30.933333333333334,47.75,0.3,13.0
2025-06-03,5.945833333333333,1.734445204753822,0.32144111089784694,0.2916666666666667,1641.0,200.9090909090909,30.195833333333336,46.375,0.0,8.8
2025-06-04,5.6000000000000005,-2.1595525678628937,-0.3841727249194388,0.125,1193.0,161.36363636363637,28.858333333333334,54.916666666666664,0.3,11.899999999999999
2025-06-05,3.954166666666667,0.6120353412347851,1.5254741707870243,0.20833333333333334,2607.0,87.27272727272727,30.945833333333336,46.041666666666664,0.0,12.800000000000004
2025-06-06,5.566666666666666,0.8798429764848272,2.2365587611156985,0.08333333333333333,2628.0,115.9090909090909,32.75,40.25,0.0,11.899999999999999
2025-06-07,6.8875,-0.5953470857758237,2.5795342102183954,0.0,2998.0,146.8181818181818,34.75833333333333,37.375,0.0,13.200000000000003
2025-06-08,7.295833333333333,4.459768176823423,1.1073988274514002,0.3333333333333333,2884.0,136.36363636363637,36.666666666666664,35.458333333333336,0.0,13.199999999999996
2025-06-09,9.620833333333334,8.608067259156996,-3.0020671365543805,0.7083333333333334,2578.0,167.27272727272728,37.483333333333334,28.541666666666668,0.0,13.700000000000003
2025-06-10,9.066666666666666,7.3971946957957115,-3.5584179072038853,0.6666666666666666,2362.0,136.36363636363637,37.40833333333333,21.958333333333332,0.0,13.0
2025-06-11,7.9375,1.1600049842784854,-2.4742882960867503,0.5416666666666666,2239.0,204.54545454545453,37.1,32.25,0.0,13.5
2025-06-12,7.745833333333334,-6.761226491007975,2.859895926831063,0.0,2726.0,315.0,36.87916666666667,45.083333333333336,0.5,12.0
2025-06-13,9.358333333333333,-8.094074974866531,3.9199672383198467,0.0,2084.0,371.3636363636364,35.987500000000004,48.416666666666664,0.0,9.8
2025-06-14,7.1000000000000005,-5.092216999395444,1.8185414118030347,0.041666666666666664,2792.0,285.90909090909093,36.233333333333334,46.416666666666664,0.3,12.299999999999997
2025-06-15,8.137500000000001,-5.601844690153562,3.940581062376833,0.0,1214.0,193.63636363636363,33.8125,53.25,1.2999999999999998,8.299999999999997
2025-06-16,6.070833333333334,-4.847050743342203,-0.8135562990414374,0.0,737.0,215.0,29.416666666666668,80.625,25.599999999999998,7.199999999999999
2025-06-17,6.05,-2.540819327651722,-0.1714318712912657,0.0,1062.0,224.0909090909091,29.116666666666664,81.83333333333333,16.9,8.500000000000004
2025-06-18,4.554166666666666,-2.834863091949081,2.141128364506304,0.0,1195.0,129.0909090909091,28.883333333333336,78.45833333333333,5.3,9.200000000000003
2025-06-19,6.145833333333333,-5.218066099714277,3.004034734388077,0.0,1097.0,160.0,29.758333333333336,77.0,0.1,5.700000000000003
2025-06-20,7.825,-7.208396443657712,2.312118547171888,0.0,788.0,284.09090909090907,28.766666666666666,83.54166666666667,1.2000000000000002,6.199999999999999
2025-06-21,4.941666666666666,-3.827559605739182,2.7786127203468105,0.0,1157.0,191.36363636363637,30.429166666666664,77.25,1.6,8.500000000000004
2025-06-22,5.133333333333334,-3.1483558393029476,2.614254714290599,0.0,775.0,149.0909090909091,30.983333333333334,74.5,0.7999999999999999,6.0
2025-06-23,5.0625,-3.787395284406595,1.6348285343825513,0.0,1467.0,182.72727272727272,31.504166666666666,73.45833333333333,0.1,7.900000000000002
2025-06-24,4.733333333333333,-3.6433063550927556,2.3208789954025275,0.0,1461.0,243.1818181818182,31.254166666666666,75.45833333333333,1.1,8.8
2025-06-25,9.141666666666667,-7.97533991885738,0.43214421168465633,0.0,801.0,310.0,29.15416666666667,84.0,12.9,5.600000000000001
2025-06-26,8.620833333333334,-8.27483263188561,1.4046857170692133,0.0,1246.0,379.54545454545456,30.620833333333334,76.375,11.5,8.5
2025-06-27,6.916666666666667,-6.37849330004535,1.2915397475213908,0.0,1046.0,269.09090909090907,30.729166666666668,75.20833333333333,0.5,6.0000000000000036
2025-06-28,4.625,-1.9460783990230535,2.818836780053621,0.0,1328.0,192.72727272727272,30.84166666666667,74.04166666666667,8.3,10.199999999999996
2025-06-29,5.879166666666666,-1.509043957656531,3.600968296242156,0.0,658.0,242.27272727272728,29.554166666666664,78.875,16.2,7.299999999999997
2025-06-30,5.1375,-2.4905334927778013,1.4535845237654523,0.16666666666666666,524.0,154.54545454545453,27.795833333333334,87.08333333333333,17.3,6.300000000000001
2025-07-01,4.920833333333333,-4.480487898979633,-0.5104503417182472,0.041666666666666664,1261.0,145.45454545454547,28.724999999999998,84.0,9.100000000000001,8.200000000000003
2025-07-02,6.2124999999999995,-5.9125170464975865,1.0872689276924188,0.0,1140.0,165.9090909090909,29.912499999999998,80.75,1.1,6.300000000000004
2025-07-03,7.204166666666667,-6.8536711574025935,1.6404157486349151,0.0,1017.0,309.09090909090907,30.083333333333332,78.25,0.9,6.899999999999999
2025-07-04,5.116666666666666,-4.321334125750791,1.0645984438222624,0.0,1192.0,260.0,30.295833333333334,78.16666666666667,0.30000000000000004,7.5000000000000036
2025-07-05,4.004166666666666,-1.2687864715863773,1.5132044792157533,0.16666666666666666,1251.0,164.54545454545453,30.891666666666666,76.54166666666667,3.4,8.700000000000003
2025-07-06,4.254166666666666,0.2267464356263084,0.9737102993146317,0.25,1206.0,179.0909090909091,31.008333333333336,74.5,7.4,9.000000000000004
2025-07-07,3.345833333333333,0.8497053651600655,0.02961752240488814,0.25,925.0,102.72727272727273,28.983333333333334,83.33333333333333,13.5,7.300000000000004
2025-07-08,4.779166666666667,2.819648726494613,-0.37310211168542473,0.4583333333333333,1186.0,42.27272727272727,30.895833333333332,76.04166666666667,0.0,6.899999999999999
2025-07-09,3.704166666666666,0.09311804933691133,0.0881573241811305,0.25,322.0,144.0909090909091,29.191666666666666,81.66666666666667,14.9,4.699999999999999
2025-07-10,3.983333333333334,-1.7773967740090997,2.9906696467866016,0.0,602.0,137.72727272727272,27.483333333333334,85.375,3.6,4.0
2025-07-11,2.2125,0.0243439812568003,0.989284035896793,0.125,905.0,45.90909090909091,28.383333333333336,82.5,0.4,6.0
2025-07-12,2.591666666666667,-0.9350370186812538,0.06320822009829154,0.08333333333333333,1165.0,72.72727272727273,29.329166666666666,79.5,2.7,7.0
2025-07-13,4.983333333333333,-3.683323250378065,-1.0070750223802214,0.08333333333333333,902.0,117.72727272727273,28.233333333333334,86.79166666666667,18.6,6.199999999999999
2025-07-14,12.7875,-12.363892614077656,2.433548176519166,0.0,884.0,525.9090909090909,28.045833333333334,85.45833333333333,17.6,4.699999999999999
2025-07-15,13.424999999999999,-10.0153568354669,8.519937707526863,0.0,1000.0,500.90909090909093,28.066666666666666,83.79166666666667,7.3,6.600000000000001
2025-07-16,8.079166666666667,-5.70936381006977,4.999652492297584,0.0,822.0,223.63636363636363,28.754166666666666,83.29166666666667,8.200000000000001,6.9999999999999964
2025-07-17,7.825,-6.559728063729082,3.546193027878237,0.0,808.0,233.63636363636363,28.504166666666666,82.04166666666667,1.4,4.300000000000001
2025-07-18,12.795833333333334,-11.846327461748091,-3.5475400821073393,0.0,1058.0,547.7272727272727,28.520833333333332,80.29166666666667,4.1,5.200000000000003
2025-07-19,10.808333333333332,-7.431710065442156,6.55641551981924,0.0,1291.0,464.09090909090907,29.016666666666666,76.45833333333333,0.0,6.400000000000002
2025-07-20,5.720833333333334,2.9744349787850655,4.412627863845507,0.0,1495.0,90.0,30.166666666666668,72.75,0.0,8.199999999999996
2025-07-21,4.195833333333334,-0.7708713191485815,2.35898535936174,0.0,758.0,97.27272727272727,28.945833333333336,78.125,0.4,4.899999999999999
2025-07-22,3.9333333333333336,2.019291145432545,1.2557789991520576,0.3333333333333333,1301.0,74.0909090909091,30.129166666666666,73.95833333333333,0.2,8.799999999999997
2025-07-23,5.925,3.693963965086075,1.399091203259421,0.4166666666666667,1090.0,109.0909090909091,29.8125,77.83333333333333,1.2,6.200000000000003
2025-07-24,7.083333333333333,5.888046371938514,-0.9748973227299214,0.7083333333333334,1437.0,150.0,30.745833333333334,72.20833333333333,1.5,10.100000000000001
2025-07-25,6.3500000000000005,5.272165178104611,-2.4632258588108584,0.8333333333333334,1540.0,88.18181818181819,31.804166666666664,68.125,0.5,9.699999999999996
2025-07-26,4.8125,-1.738127099706421,3.109261430928086,0.0,1147.0,175.45454545454547,31.03333333333333,73.375,2.3,8.5
2025-07-27,6.720833333333334,-6.446901976991722,1.1642888773112219,0.0,1406.0,192.72727272727272,32.1625,67.58333333333333,0.9,7.4999999999999964
2025-07-28,4.683333333333334,-3.0644435931425917,2.312532816128945,0.041666666666666664,1622.0,224.0909090909091,32.170833333333334,67.29166666666667,1.6,8.5
2025-07-29,5.020833333333333,-3.973204637588131,1.4713000463604793,0.0,691.0,299.54545454545456,29.208333333333332,82.25,3.8,5.699999999999999
2025-07-30,7.7625,-7.443421310042395,1.5749379911529653,0.0,588.0,322.72727272727275,27.954166666666666,88.0,15.299999999999999,5.400000000000002
2025-07-31,5.8999999999999995,-3.071652408777626,4.231510785125676,0.041666666666666664,772.0,214.54545454545453,27.691666666666666,88.0,29.2,6.199999999999999
2025-08-01,4.3875,2.108699245744377,2.3304726797062254,0.125,788.0,124.0909090909091,28.291666666666668,85.375,7.5,6.5
2025-08-02,6.6499999999999995,6.19451153912064,1.7461727612914955,0.08333333333333333,1013.0,181.8181818181818,29.145833333333332,78.58333333333333,0.9,6.399999999999999
2025-08-03,7.716666666666666,6.4496502225297645,1.7514991455429374,0.4166666666666667,1096.0,163.63636363636363,29.708333333333332,77.20833333333333,0.7,6.300000000000001
2025-08-04,7.4750000000000005,4.564573156635417,3.1170267637843447,0.041666666666666664,562.0,153.63636363636363,28.629166666666666,81.95833333333333,0.1,4.800000000000001
2025-08-05,6.8999999999999995,1.8990576627683116,3.152228037859684,0.08333333333333333,200.0,214.54545454545453,27.9375,84.41666666666667,8.299999999999999,3.200000000000003
2025-08-06,5.641666666666667,3.843557939186292,2.0858114908684624,0.20833333333333334,755.0,157.72727272727272,28.7375,79.95833333333333,0.5,5.800000000000001
2025-08-07,8.508333333333333,8.101530144968779,-0.6036426894230051,0.7083333333333334,1378.0,151.36363636363637,29.96666666666667,71.95833333333333,0.0,7.899999999999999
2025-08-08,7.3500000000000005,5.481597645592238,-0.07417057536037268,0.4583333333333333,828.0,206.8181818181818,29.958333333333332,70.45833333333333,0.0,6.700000000000003
2025-08-09,4.279166666666667,1.2047143177247956,-0.6570665931995344,0.6666666666666666,635.0,112.72727272727273,27.833333333333332,84.16666666666667,8.9,4.399999999999999
2025-08-10,3.1625,1.530700923016389,-1.2392691380402832,0.625,1019.0,48.63636363636363,28.962500000000002,82.54166666666667,1.7000000000000002,6.200000000000003
2025-08-11,7.291666666666667,4.774441327292167,0.822320432320211,0.4166666666666667,1105.0,135.9090909090909,29.791666666666668,77.625,1.6,7.299999999999997
2025-08-12,5.895833333333333,4.3152269102103835,1.385940883738155,0.4166666666666667,1001.0,102.72727272727273,29.195833333333336,79.70833333333333,3.9000000000000004,6.9999999999999964
2025-08-13,5.916666666666667,4.594899680760352,-0.030375367903348383,0.4166666666666667,1079.0,84.54545454545455,30.3,74.08333333333333,0.0,6.5
2025-08-14,4.945833333333334,-3.7914247543896002,1.3825268633534433,0.0,419.0,136.8181818181818,27.795833333333334,87.54166666666667,8.200000000000001,3.3000000000000007
2025-08-15,3.7875,-2.962441498070366,0.7041204885034231,0.041666666666666664,932.0,135.0,28.46666666666667,85.91666666666667,4.6,6.399999999999999
2025-08-16,4.779166666666667,-4.044796687746966,0.5539920960031861,0.0,599.0,150.0,28.645833333333332,86.875,4.1000000000000005,4.800000000000001
2025-08-17,6.070833333333333,-5.78096694147447,-0.7128174802389461,0.0,512.0,172.72727272727272,29.03333333333333,86.125,3.6,4.699999999999999
2025-08-18,8.2125,-8.047814149601118,0.05862086939562248,0.0,930.0,304.54545454545456,29.204166666666666,83.25,9.0,4.600000000000001
2025-08-19,7.3374999999999995,-6.752482088555648,-0.09862591940017468,0.0,722.0,281.3636363636364,29.191666666666666,82.0,5.4,5.299999999999997
2025-08-20,9.604166666666666,-9.387285004181086,1.1614748796240257,0.0,916.0,403.6363636363636,29.333333333333332,78.83333333333333,5.6,5.900000000000002
2025-08-21,6.533333333333334,-5.728906789315001,0.5166671103179915,0.0,1007.0,198.1818181818182,29.6875,78.04166666666667,13.799999999999999,8.0
2025-08-22,4.083333333333333,-2.0838333432808125,1.3732365334946717,0.08333333333333333,1379.0,192.72727272727272,30.325,75.45833333333333,3.3000000000000003,8.900000000000002
2025-08-23,5.2124999999999995,-4.662332784238553,-0.8309935516160563,0.041666666666666664,665.0,210.45454545454547,28.34166666666667,84.0,13.2,7.0
2025-08-24,8.204166666666667,-7.381360992961387,0.9904426478741373,0.0,564.0,300.45454545454544,27.629166666666666,86.83333333333333,11.8,5.400000000000002
2025-08-25,11.829166666666666,-10.90435040752943,4.113110614808307,0.0,758.0,510.0,26.579166666666666,89.33333333333333,19.7,4.600000000000001
2025-08-26,11.545833333333334,-9.623174585697045,6.242157877388244,0.0,689.0,411.3636363636364,27.208333333333332,88.58333333333333,6.7,4.799999999999997
2025-08-27,5.616666666666667,-4.795161853212179,2.519893801148111,0.0,929.0,177.27272727272728,28.47083333333333,86.04166666666667,1.4,7.400000000000002
2025-08-28,5.329166666666667,-3.769869246694867,2.2223917891233698,0.041666666666666664,883.0,207.72727272727272,28.6375,86.04166666666667,15.5,7.099999999999998
2025-08-29,8.041666666666666,-6.978965374886097,2.710830838033346,0.0,729.0,265.90909090909093,27.875,87.83333333333333,12.6,6.300000000000001
2025-08-30,7.941666666666666,-7.641657664189791,1.879606475300788,0.0,833.0,335.45454545454544,28.412499999999998,83.95833333333333,3.8000000000000003,5.800000000000001
2025-08-31,8.450000000000001,-7.2443286034022,3.5987392949669985,0.0,550.0,346.3636363636364,26.741666666666664,90.58333333333333,13.1,5.5
2025-09-01,10.975,-9.103538194783338,5.488390719998628,0.0,578.0,415.90909090909093,25.46666666666667,92.33333333333333,31.5,5.199999999999999
2025-09-02,12.858333333333334,-10.653355007184048,6.551320148004609,0.0,531.0,455.45454545454544,25.0625,92.75,21.7,3.1999999999999993
2025-09-03,7.441666666666666,-6.266788850559354,0.484794670172865,0.0,622.0,274.54545454545456,26.2,88.875,14.700000000000001,5.299999999999997
2025-09-04,5.829166666666667,-3.6909735690339027,-4.113463450837677,0.0,789.0,172.27272727272728,27.133333333333336,87.375,17.7,7.199999999999999
2025-09-05,9.904166666666667,-9.37267992841704,-1.5346475401327122,0.0,848.0,311.3636363636364,27.583333333333332,84.75,4.8,5.800000000000001
2025-09-06,10.158333333333333,-9.728440733802438,1.8600232099404985,0.0,917.0,392.72727272727275,27.6875,85.33333333333333,13.3,6.699999999999999
2025-09-07,7.6875,-6.28514559141779,3.9192367486308943,0.0,1094.0,257.27272727272725,28.004166666666666,85.16666666666667,2.3,7.099999999999998
2025-09-08,3.766666666666667,-1.4927171644077546,2.8693650026497153,0.0,1143.0,81.36363636363636,28.59166666666667,81.20833333333333,0.7000000000000001,6.800000000000001
2025-09-09,7.487500000000001,6.702713289079285,-1.6751241610117862,0.8333333333333334,1104.0,166.36363636363637,29.070833333333336,75.875,0.4,6.599999999999998
2025-09-10,10.970833333333333,10.363345867509961,-3.3857182605405196,1.0,1274.0,285.90909090909093,29.208333333333332,72.75,0.0,7.600000000000001
2025-09-11,10.133333333333333,9.774600183549728,-2.1048931976462844,0.9166666666666666,1614.0,239.54545454545453,28.895833333333332,69.125,0.0,8.099999999999998
2025-09-12,7.554166666666667,7.062634321470192,-0.9773861759410939,0.6666666666666666,1377.0,150.0,29.375,66.83333333333333,0.2,8.899999999999999
2025-09-13,6.091666666666666,5.639574839802641,-0.28564122444693735,0.5833333333333334,1549.0,155.45454545454547,30.858333333333334,60.125,0.8999999999999999,8.999999999999996
2025-09-14,6.3875,5.131530947329426,0.045769302374627875,0.5,1842.0,130.45454545454547,31.9375,56.75,0.2,9.5
2025-09-15,7.433333333333334,6.549965462669005,0.571514531251978,0.5,1950.0,172.27272727272728,32.28333333333333,53.833333333333336,0.0,9.099999999999998
2025-09-16,6.5874999999999995,0.7276176304250055,1.2570237305258287,0.2916666666666667,2025.0,260.90909090909093,31.72083333333333,56.333333333333336,0.1,9.499999999999996
2025-09-17,5.095833333333333,-0.3414883177128594,-0.5076136445956316,0.375,1823.0,210.45454545454547,31.179166666666664,61.375,0.2,9.7
2025-09-18,5.304166666666666,-2.0127298328426924,-0.7318797788970818,0.3333333333333333,922.0,138.29545454545453,30.22083333333333,66.58333333333333,1.5999999999999999,9.799999999999997
2025-09-19,6.3374999999999995,2.271576050044804,-2.8410959479722115,0.625,1305.0,39.54545454545455,31.133333333333336,61.916666666666664,0.7000000000000001,8.7
2025-09-20,8.304166666666667,6.599553002553326,-4.263505071075518,0.8333333333333334,1437.0,57.72727272727273,31.52916666666667,56.125,0.0,9.400000000000002
2025-09-21,9.266666666666667,8.209119393853156,-3.3045036631212548,0.75,1406.0,67.27272727272727,31.224999999999998,53.25,0.0,11.0
2025-09-22,10.058333333333334,9.110222335319493,-2.8324734575173522,0.625,1587.0,89.0909090909091,31.650000000000002,50.541666666666664,0.0,10.799999999999997
2025-09-23,10.595833333333333,9.067552212353332,-4.297563540622929,0.75,1616.0,84.0909090909091,31.55416666666667,47.416666666666664,0.0,10.600000000000001
2025-09-24,9.866666666666665,8.883715813780672,-3.3142743256975273,0.75,1276.0,78.18181818181819,31.008333333333336,49.625,0.0,10.3
2025-09-25,8.783333333333333,7.693967029875458,-3.6965151597512276,0.9166666666666666,1364.0,71.81818181818181,31.133333333333336,51.791666666666664,0.0,10.300000000000004
2025-09-26,8.516666666666667,5.908767192055226,-5.825240251974313,1.0,1319.0,57.72727272727273,31.629166666666666,52.291666666666664,0.0,11.2
2025-09-27,3.8541666666666665,-1.7254013189926856,-1.4800006541798523,0.20833333333333334,1152.0,58.63636363636363,32.59166666666667,53.75,0.1,11.500000000000004
2025-09-28,8.691666666666666,-8.273046806525157,2.1958642596117826,0.0,1266.0,108.63636363636364,32.358333333333334,59.708333333333336,0.0,8.2
2025-09-29,6.529166666666666,-5.19773876416578,3.4940848076663116,0.0,1117.0,109.0909090909091,32.0375,58.291666666666664,0.2,8.499999999999996
2025-09-30,4.308333333333334,0.35281880599633775,1.8407513444749373,0.16666666666666666,844.0,91.36363636363636,30.645833333333332,63.791666666666664,8.0,10.399999999999999
2025-10-01,4.25,0.5893396469769007,1.2476269721692257,0.20833333333333334,1025.0,61.36363636363637,28.304166666666664,74.29166666666667,2.8000000000000003,9.0
2025-10-02,5.720833333333334,-3.620289508622277,1.902065960060648,0.041666666666666664,836.0,131.8181818181818,28.45,71.45833333333333,1.0,8.0
2025-10-03,5.191666666666666,-4.745798710848123,-1.209762566046494,0.0,883.0,157.27272727272728,29.150000000000002,70.66666666666667,0.0,8.600000000000001
2025-10-04,6.929166666666667,4.980923697904433,-2.37991142683265,0.7916666666666666,1265.0,34.54545454545455,30.333333333333332,60.333333333333336,0.1,8.3
2025-10-05,7.3,6.586226077712534,-0.17732637246642602,0.5833333333333334,1070.0,63.63636363636363,29.22083333333333,60.208333333333336,0.7,10.2
2025-10-06,5.895833333333333,-0.7138952604895353,-0.17681956643107558,0.2916666666666667,400.0,100.9090909090909,24.054166666666664,84.83333333333333,14.6,6.899999999999999
2025-10-07,6.195833333333333,-3.123919100481853,3.367367817788485,0.041666666666666664,684.0,141.36363636363637,23.458333333333332,86.625,5.2,7.800000000000001
2025-10-08,4.554166666666666,2.788615955831986,-2.326365366451203,0.75,901.0,82.27272727272727,22.679166666666664,85.66666666666667,0.2,5.300000000000001
2025-10-09,6.783333333333334,5.147372772242431,-3.802481865595238,1.0,1475.0,145.0,23.8,74.83333333333333,0.4,7.599999999999998
2025-10-10,4.708333333333333,4.066008571876666,-1.9564306253440822,0.9166666666666666,1633.0,80.9090909090909,23.558333333333334,68.33333333333333,0.0,9.100000000000001
2025-10-11,5.816666666666666,5.173387311160446,-1.2174415308549376,0.5833333333333334,1636.0,84.54545454545455,23.90833333333333,67.625,0.0,9.8
2025-10-12,6.1625000000000005,4.888365304477161,-3.370449922995553,1.0,1810.0,120.0,25.2,63.416666666666664,0.0,10.2
2025-10-13,3.3708333333333336,2.2971474043800444,-1.4983207219684431,0.8333333333333334,2053.0,57.27272727272727,25.820833333333336,59.375,0.0,11.3
2025-10-14,3.225,2.3788628161092498,-1.004241784866345,0.625,1916.0,60.0,26.47083333333333,52.083333333333336,0.0,10.899999999999999
2025-10-15,2.720833333333333,1.8411139055888028,-0.17663957388462612,0.5,2205.0,37.72727272727273,26.745833333333334,48.583333333333336,0.0,10.7
2025-10-16,4.125,3.4240995930290197,-1.2655479236310991,0.7916666666666666,1710.0,52.27272727272727,26.166666666666668,51.458333333333336,0.0,11.5
2025-10-17,4.2124999999999995,3.1467582492817385,-1.5056691510367626,0.6666666666666666,1905.0,57.72727272727273,26.52916666666667,53.958333333333336,0.0,11.899999999999999
2025-10-18,2.975,2.0964199295751587,0.3489742943249294,0.5833333333333334,2368.0,52.27272727272727,27.266666666666666,52.916666666666664,0.0,11.600000000000001
2025-10-19,2.3208333333333333,-0.0831192870189761,0.6765908559852196,0.25,2317.0,49.09090909090909,27.933333333333334,51.875,0.0,10.600000000000001
2025-10-20,3.904166666666667,-2.773636207968216,0.4437008019986212,0.041666666666666664,2402.0,86.36363636363636,28.09166666666667,48.958333333333336,0.0,10.3
2025-10-21,4.395833333333333,-1.6652499592043968,1.7507628219171358,0.125,1504.0,94.54545454545455,26.979166666666668,57.125,0.4,7.699999999999999
2025-10-22,4.5375,3.6970845545544866,-2.184430761909747,0.7916666666666666,1814.0,89.54545454545455,27.645833333333332,53.291666666666664,0.0,8.600000000000001
2025-10-23,5.875,4.571572408945365,-3.2423974788066805,1.0,2314.0,86.36363636363636,26.587500000000002,42.25,0.0,10.600000000000001
2025-10-24,3.766666666666667,2.478223300746094,-0.29467965322318673,0.4166666666666667,2405.0,45.90909090909091,25.945833333333336,45.75,0.0,12.000000000000004
2025-10-25,3.3208333333333333,1.5265730010766558,0.6242160615947213,0.2916666666666667,2284.0,53.18181818181818,25.71666666666667,44.916666666666664,0.0,12.0
2025-10-26,3.65,-2.634383829211576,2.1315651493430168,0.0,1991.0,59.09090909090909,25.504166666666666,45.791666666666664,0.0,12.700000000000003
2025-10-27,6.2124999999999995,-3.8153936970243705,3.5317707958433897,0.0,1205.0,124.54545454545455,24.254166666666666,55.5,0.0,10.0
2025-10-28,4.233333333333333,-3.015071410229781,1.5271561918516063,0.041666666666666664,991.0,125.9090909090909,23.358333333333334,71.54166666666667,0.0,5.300000000000001
2025-10-29,4.0125,0.3218090872383776,-3.541089873259051,0.625,1234.0,118.63636363636364,24.84166666666667,65.91666666666667,0.0,9.0
2025-10-30,3.7125,-1.993657194427459,1.2860728988369234,0.041666666666666664,569.0,134.54545454545453,24.554166666666664,73.95833333333333,0.1,4.699999999999999
2025-10-31,4.591666666666667,3.1056293975827622,0.6461955028960849,0.4583333333333333,1392.0,141.36363636363637,25.354166666666668,74.54166666666667,0.1,8.900000000000002
2025-11-01,6.408333333333334,5.801968035397574,-1.3701008516723905,0.5833333333333334,2137.0,75.9090909090909,25.09166666666667,61.791666666666664,0.0,10.099999999999998
2025-11-02,7.8,7.322787651634559,-2.1714368951549265,0.9583333333333334,1450.0,97.27272727272727,23.7,58.5,0.0,10.099999999999998
2025-11-03,7.516666666666667,7.08321588482177,-0.8420445508114685,0.4583333333333333,1413.0,81.81818181818181,23.525000000000002,52.958333333333336,0.0,12.600000000000001
2025-11-04,5.5,-1.8532215203422904,4.916447582901095,0.0,937.0,52.72727272727273,23.40416666666667,60.416666666666664,0.0,9.8
2025-11-05,6.783333333333334,3.131329666388351,-3.023279363334266,0.5833333333333334,1924.0,176.8181818181818,23.958333333333332,62.25,0.0,10.600000000000001
2025-11-06,8.8375,7.773700096270759,-4.0300217239227605,1.0,1084.0,254.0909090909091,20.683333333333334,48.625,0.0,10.3
2025-11-07,8.2125,7.847594696230124,-2.3025099133546734,1.0,962.0,167.27272727272728,20.3,47.333333333333336,0.0,12.5
2025-11-08,7.120833333333334,6.571412157610528,-2.4856282171152095,0.9583333333333334,1027.0,119.54545454545455,20.05,44.625,0.0,12.9
2025-11-09,6.979166666666667,6.577348288022606,-1.9570417988044098,0.9166666666666666,1026.0,107.27272727272727,20.104166666666668,45.916666666666664,0.0,12.700000000000001
2025-11-10,5.5874999999999995,5.036925172872203,-1.7942460154223854,0.9166666666666666,1113.0,75.9090909090909,20.162499999999998,46.5,0.0,13.1
2025-11-11,6.791666666666667,6.368735519237128,-1.879117567318863,0.875,1119.0,83.63636363636364,20.083333333333332,46.833333333333336,0.0,13.7
2025-11-12,7.558333333333334,6.791777582970482,-2.571130706553787,0.8333333333333334,1234.0,97.72727272727273,20.420833333333334,47.583333333333336,0.0,13.5
2025-11-13,6.7375,6.432287001862542,-1.6935786530261134,0.9583333333333334,1113.0,78.18181818181819,19.329166666666666,52.25,0.0,13.100000000000001
2025-11-14,6.483333333333333,6.178861905236119,-1.4805725423001566,0.875,1166.0,88.18181818181819,19.2375,49.958333333333336,0.0,12.7
2025-11-15,6.533333333333334,5.895631295155937,-2.0735975491178413,0.875,1087.0,92.72727272727273,19.3625,49.916666666666664,0.0,13.8
2025-11-16,6.729166666666667,5.744490231425957,-2.6909161121276974,0.8333333333333334,1093.0,74.0909090909091,19.170833333333334,49.833333333333336,0.0,14.5
2025-11-17,4.470833333333333,3.6144528047638436,-1.157788997367785,0.5833333333333334,1062.0,61.81818181818182,18.9875,50.291666666666664,0.0,13.7
2025-11-18,4.070833333333334,3.2652096476048147,-1.0534349845978939,0.5,1001.0,40.90909090909091,19.404166666666665,58.25,0.0,12.3
2025-11-19,3.1875,0.0045176728305111975,1.2088369227668905,0.08333333333333333,1095.0,33.18181818181818,19.7,62.625,0.0,12.7
2025-11-20,3.4499999999999997,1.6486303292645974,2.1219437126967553,0.0,1204.0,34.09090909090909,20.045833333333334,63.708333333333336,0.0,12.000000000000002
2025-11-21,3.0124999999999997,0.47088023129206397,1.8565324187023606,0.041666666666666664,1461.0,35.0,20.366666666666667,60.75,0.0,11.7
2025-11-22,3.6750000000000003,3.2051458191006046,-0.3892584749652817,0.5416666666666666,1772.0,35.90909090909091,20.3125,56.75,0.0,12.1
2025-11-23,4.0625,3.6239191209035817,-0.7824556186726325,0.6666666666666666,1436.0,49.54545454545455,19.349999999999998,55.541666666666664,0.0,12.7
2025-11-24,4.0874999999999995,3.6340172852332757,-1.5794142899025303,0.9166666666666666,1262.0,50.90909090909091,18.445833333333333,57.958333333333336,0.0,12.8
2025-11-25,5.729166666666667,5.375316579752012,-1.6403511499161176,0.9583333333333334,1080.0,65.9090909090909,17.420833333333334,57.75,0.0,12.6
2025-11-26,3.6458333333333335,2.4830979357039635,-1.591384396377178,0.5833333333333334,959.0,68.18181818181819,17.366666666666667,57.25,0.0,12.7
2025-11-27,2.0625,-0.8290614028640823,-1.358018385399591,0.4166666666666667,986.0,54.09090909090909,18.145833333333332,54.791666666666664,0.0,11.799999999999999
2025-11-28,5.079166666666667,4.225482749868713,-2.366294299772402,0.9583333333333334,699.0,77.27272727272727,18.045833333333334,60.541666666666664,0.0,13.7
2025-11-29,7.245833333333334,5.811611098718271,-4.040240412396957,1.0,1240.0,117.27272727272727,19.004166666666666,54.291666666666664,0.0,12.2
2025-11-30,7.370833333333334,6.929070028261006,-2.1451227833971944,0.9166666666666666,962.0,114.54545454545455,17.283333333333335,49.541666666666664,0.0,11.900000000000002
2025-12-01,3.5749999999999997,1.6283193890058942,-1.0460063393527077,0.625,870.0,60.45454545454545,16.945833333333333,49.291666666666664,0.0,14.3
2025-12-02,4.166666666666667,0.3065837427462946,-0.36254650051054654,0.3333333333333333,1374.0,75.45454545454545,18.308333333333334,56.958333333333336,0.0,12.5
2025-12-03,6.075,5.170565532018519,-3.003102071561235,1.0,967.0,95.45454545454545,16.25,54.666666666666664,0.0,12.599999999999998
2025-12-04,7.120833333333334,6.623275826636409,-2.416615969892374,0.9583333333333334,798.0,97.72727272727273,15.233333333333334,55.833333333333336,0.0,12.099999999999998
2025-12-05,5.216666666666667,5.000023278676031,-1.1453543443692715,0.875,756.0,66.36363636363636,15.049999999999999,56.208333333333336,0.0,13.200000000000001
2025-12-06,9.395833333333334,9.090539313578029,-2.143350024095717,1.0,589.0,146.8181818181818,16.2375,53.041666666666664,0.0,13.400000000000002
2025-12-07,8.645833333333334,8.398984039378561,-1.9145223573902765,1.0,515.0,153.1818181818182,17.041666666666668,56.25,0.0,13.400000000000002
2025-12-08,9.4625,8.921004199925362,-2.9842779093351823,1.0,652.0,158.1818181818182,18.0125,52.666666666666664,0.0,13.1
2025-12-09,9.945833333333333,9.58785539288082,-2.097720601936514,0.9583333333333334,762.0,176.36363636363637,17.554166666666667,53.75,0.0,12.9
2025-12-10,7.6125,7.203920293670953,-2.1589548272548273,1.0,695.0,134.54545454545453,17.541666666666668,57.0,0.0,12.3
2025-12-11,5.6625000000000005,5.347551396643393,-0.9081893360650608,0.7083333333333334,773.0,60.0,17.375,60.416666666666664,0.0,13.899999999999999
2025-12-12,3.6125000000000003,2.898643704739898,-0.8390782366178878,0.75,702.0,60.90909090909091,17.279166666666665,62.791666666666664,0.0,13.999999999999998
2025-12-13,2.4166666666666665,-2.0815422586412384,0.5234132548867071,0.08333333333333333,829.0,46.36363636363637,17.829166666666666,65.79166666666667,0.0,11.8
2025-12-14,2.0416666666666665,-0.598163129639862,0.4585216721800909,0.20833333333333334,791.0,52.72727272727273,17.73333333333333,69.58333333333333,0.0,13.0
2025-12-15,5.6375,5.545228990968085,-0.4482986845472509,0.6666666666666666,619.0,71.36363636363636,16.625,72.41666666666667,0.0,12.8
2025-12-16,9.4625,8.885343088079196,-3.1282919984406874,1.0,644.0,168.63636363636363,16.995833333333334,69.08333333333333,0.0,11.700000000000001
2025-12-17,8.083333333333334,7.746239729238188,-1.958238149731681,1.0,639.0,136.36363636363637,17.029166666666665,70.16666666666667,0.0,12.4
2025-12-18,5.433333333333334,4.202354473627341,-3.0256848961973843,1.0,609.0,100.0,16.404166666666665,74.41666666666667,0.0,10.9
2025-12-19,5.841666666666666,5.506205594560195,-1.7789592344483767,1.0,510.0,80.45454545454545,15.704166666666666,77.66666666666667,0.0,10.7
2025-12-20,3.9875000000000003,-0.6518135061504108,0.7323068278002446,0.16666666666666666,675.0,85.9090909090909,14.995833333333332,78.41666666666667,0.0,12.3
2025-12-21,4.266666666666667,-3.3992095482645532,2.230554050082485,0.0,492.0,91.36363636363636,14.475,84.375,0.0,9.7
2025-12-22,3.2125,-0.1552501745964361,0.6844501980742175,0.3333333333333333,433.0,74.54545454545455,15.370833333333332,83.33333333333333,0.0,9.9
2025-12-23,7.870833333333334,7.424262135849809,-2.0141388464576853,0.7916666666666666,570.0,145.9090909090909,16.504166666666666,80.54166666666667,0.0,11.500000000000002
2025-12-24,8.825000000000001,8.403634599752776,-1.9980619345343118,0.75,1091.0,194.54545454545453,15.85,69.25,0.0,9.500000000000002
2025-12-25,5.425,5.288682416509879,-0.17699513053928106,0.4583333333333333,961.0,63.63636363636363,14.733333333333334,64.16666666666667,0.0,11.7
2025-12-26,4.658333333333333,3.5243951919754317,-2.3425180716291867,0.7916666666666666,949.0,72.72727272727273,15.183333333333332,66.83333333333333,0.0,11.200000000000001
2025-12-27,4.8374999999999995,4.104684081943806,-1.9985735612673183,0.875,725.0,62.72727272727273,14.870833333333332,76.79166666666667,0.0,10.8
2025-12-28,4.2875000000000005,3.334125005822447,-0.9116652609613577,0.5416666666666666,654.0,52.72727272727273,14.612499999999999,78.25,0.0,11.1
2025-12-29,3.329166666666667,3.0396948582467846,-0.39254788109058536,0.4166666666666667,517.0,37.27272727272727,14.0875,80.75,0.0,9.299999999999999
2025-12-30,4.604166666666667,4.216946627919303,-0.8945958290972665,0.9166666666666666,511.0,51.36363636363637,14.183333333333332,78.54166666666667,0.0,10.7
2025-12-31,6.6375,-5.691832044388012,3.02127717430191,0.0,592.0,111.36363636363636,13.204166666666666,83.54166666666667,0.0,10.299999999999999
