{"type": "FeatureCollection", "features": [{"type": "Feature", "properties": {"name": "Uttarakhand"}, "geometry": {"type": "Polygon", "coordinates": [[[80.21622, 30.566818], [80.252806, 30.565009], [80.325877, 30.546509], [80.424992, 30.497829], [80.475429, 30.480466], [80.508295, 30.462328], [80.525141, 30.458607], [80.545088, 30.461036], [80.559971, 30.465118], [80.575267, 30.466255], [80.596351, 30.459796], [80.694743, 30.411737], [80.723062, 30.392048], [80.735361, 30.378199], [80.754998, 30.345797], [80.767194, 30.331431], [80.781663, 30.320993], [80.866981, 30.288488], [80.943772, 30.270143], [80.976018, 30.255209], [80.996275, 30.22689], [81.003303, 30.212731], [80.996017, 30.196969], [80.988162, 30.196556], [80.920827, 30.17666], [80.903309, 30.180433], [80.893647, 30.198104], [80.883879, 30.210405], [80.883684, 30.21028], [80.867911, 30.200173], [80.850393, 30.181931], [80.83644, 30.170046], [80.849669, 30.143381], [80.829825, 30.117129], [80.769674, 30.077287], [80.755721, 30.064574], [80.725749, 30.022768], [80.715827, 30.013311], [80.680171, 29.992072], [80.654126, 29.970575], [80.641413, 29.963444], [80.622293, 29.958173], [80.586223, 29.954142], [80.57134, 29.946855], [80.562865, 29.929699], [80.549533, 29.89368], [80.527312, 29.862416], [80.476152, 29.80614], [80.454861, 29.790586], [80.395227, 29.776582], [80.368975, 29.757926], [80.354299, 29.730279], [80.354402, 29.70488], [80.363911, 29.679714], [80.377553, 29.652946], [80.386752, 29.626823], [80.385201, 29.604835], [80.373316, 29.58419], [80.350785, 29.562073], [80.345101, 29.558352], [80.332698, 29.552461], [80.327221, 29.548585], [80.323603, 29.54166], [80.32505, 29.535511], [80.327634, 29.52993], [80.327221, 29.52484], [80.320089, 29.515822], [80.311511, 29.508122], [80.29146, 29.494738], [80.29115, 29.494609], [80.282055, 29.4843], [80.273064, 29.478667], [80.266242, 29.47213], [80.263452, 29.459237], [80.257457, 29.450064], [80.228312, 29.441718], [80.217666, 29.434639], [80.213739, 29.416888], [80.220974, 29.400119], [80.242161, 29.367408], [80.249499, 29.326997], [80.254977, 29.316635], [80.263555, 29.315318], [80.272754, 29.315705], [80.280092, 29.31015], [80.282779, 29.291314], [80.278748, 29.268085], [80.258181, 29.202456], [80.248672, 29.204394], [80.236063, 29.213076], [80.218803, 29.211086], [80.213739, 29.196565], [80.230482, 29.154733], [80.233066, 29.139308], [80.220664, 29.126079], [80.20144, 29.121169], [80.180563, 29.121324], [80.16351, 29.123366], [80.132607, 29.110214], [80.113073, 29.072206], [80.104702, 29.027609], [80.107906, 28.994769], [80.107906, 28.994588], [80.099431, 28.977276], [80.085168, 28.967484], [80.068425, 28.959939], [80.052922, 28.949113], [80.04052, 28.932809], [80.033905, 28.915936], [80.031115, 28.897798], [80.030288, 28.87767], [80.036386, 28.837026], [80.054782, 28.824185], [80.073054, 28.820925], [80.069666, 28.805167], [80.064705, 28.793798], [80.055507, 28.779096], [80.028015, 28.75225], [80.014269, 28.743569], [80.000626, 28.737316], [79.98719, 28.733569], [79.971998, 28.732872], [79.953601, 28.736282], [79.93479, 28.7476], [79.928899, 28.757702], [79.929933, 28.768554], [79.934067, 28.776616], [79.931483, 28.782197], [79.918771, 28.780156], [79.906575, 28.776151], [79.895723, 28.775195], [79.890142, 28.782507], [79.891176, 28.79323], [79.895103, 28.80509], [79.893553, 28.814185], [79.887041, 28.818009], [79.873192, 28.815812], [79.84446, 28.804857], [79.834125, 28.805787], [79.827924, 28.814495], [79.828647, 28.82452], [79.837949, 28.844751], [79.841049, 28.855293], [79.832058, 28.86599], [79.812627, 28.876868], [79.763638, 28.884387], [79.743278, 28.88524], [79.729945, 28.879607], [79.730255, 28.873458], [79.729222, 28.866378], [79.725604, 28.858911], [79.699353, 28.850436], [79.632793, 28.863329], [79.61233, 28.853278], [79.600237, 28.84904], [79.588248, 28.849118], [79.580394, 28.859479], [79.574812, 28.87108], [79.566544, 28.879349], [79.526237, 28.878418], [79.443658, 28.849583], [79.430532, 28.876326], [79.416683, 28.921775], [79.409965, 28.931258], [79.401283, 28.940792], [79.38578, 28.954615], [79.378959, 28.963142], [79.371207, 28.969886], [79.361285, 28.970325], [79.351984, 28.965726], [79.340615, 28.962987], [79.320048, 28.964537], [79.29638, 28.971565], [79.170599, 29.051121], [79.15489, 29.065125], [79.145278, 29.077812], [79.143211, 29.08732], [79.142797, 29.097707], [79.13918, 29.106906], [79.130395, 29.115252], [79.055878, 29.151761], [79.043165, 29.154784], [79.036654, 29.15388], [79.0134, 29.14202], [78.950354, 29.127008], [78.913768, 29.105588], [78.905086, 29.158789], [78.898265, 29.177367], [78.885656, 29.197365], [78.867672, 29.215168], [78.721531, 29.284027], [78.71409, 29.29059], [78.716054, 29.292889], [78.726285, 29.297876], [78.726595, 29.304439], [78.724942, 29.310304], [78.726182, 29.316273], [78.730936, 29.320071], [78.74923, 29.323843], [78.755948, 29.328675], [78.761115, 29.330303], [78.767317, 29.327564], [78.776618, 29.321983], [78.78778, 29.318986], [78.796772, 29.320769], [78.809484, 29.342137], [78.816306, 29.349992], [78.824987, 29.352627], [78.831395, 29.350328], [78.838217, 29.346039], [78.847518, 29.345263], [78.860024, 29.35025], [78.906946, 29.388362], [78.915111, 29.400092], [78.919039, 29.41252], [78.919969, 29.422184], [78.906429, 29.430452], [78.833049, 29.443862], [78.806384, 29.453086], [78.643086, 29.537577], [78.589033, 29.580107], [78.554203, 29.620905], [78.536116, 29.647803], [78.514825, 29.689144], [78.478652, 29.721959], [78.38057, 29.761569], [78.361657, 29.775496], [78.352665, 29.787769], [78.32538, 29.843088], [78.286519, 29.89231], [78.228331, 29.947423], [78.217686, 29.953676], [78.208694, 29.955536], [78.193605, 29.956208], [78.177275, 29.952591], [78.167663, 29.946932], [78.159808, 29.93856], [78.154951, 29.925435], [78.156398, 29.899907], [78.160739, 29.877143], [78.190504, 29.7926], [78.197842, 29.748159], [78.189057, 29.706688], [78.154951, 29.674985], [78.107202, 29.654521], [78.084361, 29.660722], [78.076093, 29.664055], [78.040022, 29.688188], [77.982765, 29.718755], [77.966539, 29.724413], [77.953723, 29.723199], [77.923027, 29.700952], [77.831456, 29.659895], [77.783811, 29.741751], [77.776369, 29.767486], [77.767688, 29.819369], [77.750944, 29.860193], [77.747017, 29.877996], [77.748154, 29.919854], [77.74309, 29.959955], [77.746397, 29.977344], [77.790632, 30.039485], [77.83497, 30.131391], [77.86918, 30.165756], [77.920547, 30.198725], [77.939873, 30.215081], [77.946075, 30.228336], [77.928918, 30.24433], [77.811613, 30.29226], [77.750634, 30.325617], [77.661544, 30.394915], [77.636533, 30.401426], [77.618963, 30.402021], [77.585063, 30.382926], [77.581446, 30.388921], [77.567493, 30.406361], [77.565323, 30.414862], [77.575865, 30.428737], [77.597776, 30.437031], [77.623304, 30.441114], [77.644491, 30.442173], [77.664955, 30.445971], [77.688623, 30.455196], [77.768514, 30.49819], [77.791665, 30.507285], [77.801794, 30.508371], [77.812956, 30.521057], [77.815333, 30.531418], [77.815023, 30.540229], [77.813783, 30.546663], [77.808925, 30.55196], [77.798487, 30.553691], [77.784741, 30.554673], [77.773579, 30.557644], [77.765827, 30.566171], [77.743296, 30.600561], [77.74526, 30.605858], [77.763347, 30.616452], [77.769031, 30.625573], [77.770788, 30.635055], [77.76469, 30.660842], [77.76035, 30.668568], [77.74433, 30.685388], [77.740196, 30.697687], [77.739266, 30.719469], [77.734925, 30.735902], [77.707019, 30.759415], [77.703402, 30.7736], [77.705779, 30.791454], [77.729137, 30.836387], [77.741746, 30.869744], [77.751875, 30.883051], [77.76035, 30.883903], [77.769341, 30.876875], [77.773992, 30.874007], [77.787221, 30.873775], [77.793422, 30.895737], [77.792906, 30.919793], [77.789082, 30.930645], [77.781434, 30.93713], [77.771512, 30.941652], [77.76221, 30.949972], [77.750118, 30.96904], [77.749704, 30.979918], [77.756526, 30.985422], [77.765207, 30.983897], [77.775542, 30.980151], [77.784121, 30.980151], [77.793216, 30.984052], [77.802104, 30.992165], [77.808202, 31.003999], [77.806962, 31.013069], [77.796006, 31.031362], [77.798487, 31.041361], [77.806032, 31.050508], [77.865873, 31.102779], [77.897809, 31.137996], [77.928918, 31.165256], [77.941114, 31.172904], [77.952793, 31.176289], [77.963748, 31.176134], [78.008913, 31.16908], [78.027723, 31.169855], [78.039712, 31.17218], [78.070822, 31.185203], [78.117227, 31.214193], [78.186163, 31.248093], [78.234533, 31.261193], [78.284245, 31.290338], [78.297371, 31.294266], [78.312977, 31.294498], [78.348427, 31.289873], [78.368685, 31.290028], [78.37871, 31.287703], [78.386048, 31.282613], [78.391112, 31.274345], [78.401654, 31.268143], [78.411163, 31.267678], [78.425012, 31.270236], [78.433693, 31.268066], [78.442685, 31.261968], [78.473691, 31.231918], [78.490951, 31.222177], [78.500976, 31.219568], [78.518856, 31.221557], [78.53994, 31.226518], [78.581695, 31.231066], [78.605156, 31.230032], [78.621899, 31.22626], [78.633371, 31.220808], [78.651561, 31.215382], [78.666547, 31.214297], [78.687218, 31.215847], [78.722565, 31.213806], [78.753467, 31.209181], [78.778479, 31.209697], [78.792741, 31.20701], [78.800596, 31.199879], [78.819716, 31.164325], [78.833566, 31.146833], [78.846278, 31.135154], [78.869533, 31.121977], [78.933198, 31.118514], [78.946955, 31.120134], [78.947039, 31.120143], [78.961517, 31.121847], [78.993246, 31.130787], [78.99707, 31.147272], [78.993349, 31.163395], [78.963584, 31.203134], [78.936298, 31.240367], [78.905189, 31.267678], [78.897748, 31.27512], [78.89261, 31.281772], [78.921008, 31.269685], [78.940282, 31.301576], [78.959552, 31.325117], [78.988801, 31.343256], [79.015529, 31.383397], [79.049937, 31.422953], [79.07021, 31.461381], [79.07799, 31.461664], [79.131397, 31.438433], [79.157693, 31.414926], [79.179218, 31.393796], [79.192442, 31.369789], [79.207628, 31.351373], [79.238319, 31.329656], [79.239239, 31.311724], [79.25411, 31.299006], [79.262024, 31.278513], [79.24843, 31.256704], [79.25286, 31.245437], [79.278316, 31.240044], [79.288321, 31.225474], [79.298078, 31.203242], [79.303209, 31.183104], [79.302162, 31.16345], [79.319417, 31.14228], [79.367048, 31.111559], [79.372343, 31.094072], [79.382593, 31.078335], [79.388363, 31.069474], [79.394978, 31.036711], [79.401592, 31.023637], [79.414408, 31.020382], [79.430738, 31.023172], [79.446344, 31.023792], [79.46164, 31.021105], [79.47642, 31.014025], [79.480761, 31.010046], [79.484275, 31.005447], [79.486858, 31.000228], [79.488202, 30.994492], [79.497607, 30.981211], [79.512697, 30.966173], [79.529646, 30.953564], [79.544219, 30.947414], [79.565923, 30.942454], [79.577809, 30.938371], [79.589488, 30.940231], [79.630312, 30.962504], [79.648192, 30.96576], [79.6885, 30.967413], [79.739039, 30.979247], [79.76064, 30.977232], [79.833504, 30.961522], [79.85035, 30.954494], [79.862856, 30.941523], [79.880426, 30.912843], [79.903164, 30.890209], [79.914635, 30.883819], [79.91937, 30.881182], [79.934893, 30.872535], [80.005586, 30.847266], [80.028634, 30.830781], [80.044447, 30.8067], [80.062534, 30.784789], [80.092196, 30.774505], [80.109249, 30.778122], [80.140669, 30.793212], [80.157102, 30.79316], [80.169297, 30.785254], [80.196066, 30.748098], [80.224591, 30.734094], [80.231412, 30.724947], [80.207021, 30.686138], [80.19989, 30.680712], [80.191725, 30.679679], [80.18201, 30.680041], [80.172915, 30.679162], [80.16661, 30.674408], [80.16692, 30.661902], [80.177255, 30.649862], [80.190588, 30.637976], [80.19989, 30.625884], [80.2033, 30.60635], [80.197823, 30.591364], [80.188418, 30.576998], [80.179839, 30.559479], [80.21622, 30.566818]]]}}, {"type": "Feature", "properties": {"name": "Punjab"}, "geometry": {"type": "Polygon", "coordinates": [[[75.294659, 32.148892], [75.29807, 32.159795], [75.308405, 32.193902], [75.31657, 32.210748], [75.34861, 32.242012], [75.359048, 32.261675], [75.35295, 32.284387], [75.326906, 32.312473], [75.298403, 32.332427], [75.327113, 32.339964], [75.390365, 32.335494], [75.414136, 32.34601], [75.422714, 32.353994], [75.43677, 32.360221], [75.441938, 32.359756], [75.444419, 32.353193], [75.442041, 32.336192], [75.444729, 32.330301], [75.451447, 32.324022], [75.464779, 32.317743], [75.474184, 32.312137], [75.480695, 32.30746], [75.5024, 32.300587], [75.537953, 32.345184], [75.5733, 32.374639], [75.611954, 32.395465], [75.682647, 32.399806], [75.698253, 32.406033], [75.705695, 32.412802], [75.723161, 32.424223], [75.729362, 32.429623], [75.732566, 32.437168], [75.736804, 32.4559], [75.743005, 32.464375], [75.797679, 32.481118], [75.818039, 32.494787], [75.828581, 32.497887], [75.839123, 32.506569], [75.847391, 32.516749], [75.85659, 32.514579], [75.866305, 32.504864], [75.870646, 32.499722], [75.911677, 32.431354], [75.913847, 32.425411], [75.912607, 32.419055], [75.905786, 32.413319], [75.85752, 32.389961], [75.779282, 32.336579], [75.742695, 32.299347], [75.727605, 32.287926], [75.711792, 32.279089], [75.692672, 32.272268], [75.622909, 32.258522], [75.618878, 32.256042], [75.613401, 32.250926], [75.60844, 32.239919], [75.606269, 32.225863], [75.608543, 32.209998], [75.614641, 32.196769], [75.625183, 32.190904], [75.632314, 32.191033], [75.637895, 32.193358], [75.642133, 32.19558], [75.647714, 32.197622], [75.654018, 32.198009], [75.659806, 32.195348], [75.661046, 32.188785], [75.656189, 32.174651], [75.649264, 32.161474], [75.639445, 32.146849], [75.582188, 32.092253], [75.577847, 32.083701], [75.580948, 32.076699], [75.5918, 32.0721], [75.601618, 32.068947], [75.66239, 32.060446], [75.684301, 32.053083], [75.699804, 32.056106], [75.706521, 32.049827], [75.752927, 32.03236], [75.801813, 32.005644], [75.861241, 31.98257], [75.879741, 31.97239], [75.89142, 31.953941], [75.92749, 31.907923], [75.964283, 31.848754], [75.968108, 31.841054], [75.968314, 31.835215], [75.961906, 31.831572], [75.955395, 31.831313], [75.942476, 31.833122], [75.934931, 31.832889], [75.927593, 31.829944], [75.922632, 31.824699], [75.921599, 31.814286], [75.923252, 31.806276], [75.943096, 31.771756], [76.07053, 31.564172], [76.125927, 31.430537], [76.141017, 31.369584], [76.147011, 31.354417], [76.158484, 31.338553], [76.179464, 31.318476], [76.201065, 31.307004], [76.223079, 31.315634], [76.231141, 31.317494], [76.242819, 31.31814], [76.261113, 31.310932], [76.268348, 31.309226], [76.275376, 31.310441], [76.28199, 31.31566], [76.287778, 31.324471], [76.290879, 31.33925], [76.294496, 31.347518], [76.30111, 31.351782], [76.31434, 31.349921], [76.319611, 31.353797], [76.322815, 31.364158], [76.316923, 31.401701], [76.322091, 31.412812], [76.345035, 31.418186], [76.349583, 31.419865], [76.352994, 31.422113], [76.356094, 31.426299], [76.359918, 31.430304], [76.373561, 31.419245], [76.412835, 31.355115], [76.433505, 31.317804], [76.439397, 31.299692], [76.447458, 31.297056], [76.452832, 31.298219], [76.459757, 31.302896], [76.463788, 31.307133], [76.469369, 31.307986], [76.475363, 31.303361], [76.483425, 31.290674], [76.491693, 31.284525], [76.496344, 31.283078], [76.499238, 31.286282], [76.500995, 31.288866], [76.503269, 31.290881], [76.506886, 31.291114], [76.520529, 31.289176], [76.526316, 31.285765], [76.531587, 31.278737], [76.533758, 31.2668], [76.536652, 31.259875], [76.542233, 31.255689], [76.54647, 31.256671], [76.550604, 31.259824], [76.554842, 31.26543], [76.561146, 31.276722], [76.564247, 31.280029], [76.567244, 31.28052], [76.571895, 31.277574], [76.576753, 31.272303], [76.584194, 31.259927], [76.586984, 31.249798], [76.581403, 31.231091], [76.582334, 31.227422], [76.590085, 31.226596], [76.61427, 31.228999], [76.623571, 31.226492], [76.628429, 31.220084], [76.621814, 31.208276], [76.606518, 31.192799], [76.602797, 31.185668], [76.601351, 31.177529], [76.5998, 31.134896], [76.602487, 31.127248], [76.621711, 31.116525], [76.623055, 31.107275], [76.611582, 31.08893], [76.607862, 31.08123], [76.605898, 31.0726], [76.605691, 31.062265], [76.607552, 31.052058], [76.610859, 31.041206], [76.615303, 31.030148], [76.625638, 31.016608], [76.645172, 30.999271], [76.700259, 30.961883], [76.721757, 30.941161], [76.768162, 30.907597], [76.777774, 30.897288], [76.785525, 30.885169], [76.796894, 30.861992], [76.801855, 30.856153], [76.808573, 30.852432], [76.822319, 30.849073], [76.828727, 30.846205], [76.832758, 30.842278], [76.835238, 30.83587], [76.835858, 30.82923], [76.834721, 30.82246], [76.829657, 30.808766], [76.814567, 30.789129], [76.77395, 30.799025], [76.75793, 30.79856], [76.741497, 30.796493], [76.703773, 30.781403], [76.696952, 30.776339], [76.694368, 30.771507], [76.693748, 30.763523], [76.695402, 30.755875], [76.698089, 30.74926], [76.70181, 30.744558], [76.730748, 30.723164], [76.760101, 30.692003], [76.769609, 30.684665], [76.775603, 30.677404], [76.780564, 30.673451], [76.785215, 30.672288], [76.794724, 30.67973], [76.800305, 30.682675], [76.806816, 30.683295], [76.811674, 30.683218], [76.82728, 30.680712], [76.838132, 30.6788], [76.841853, 30.679678], [76.8464, 30.682029], [76.848881, 30.682288], [76.851258, 30.681564], [76.852808, 30.679032], [76.854358, 30.675337], [76.860663, 30.645236], [76.865934, 30.640869], [76.871722, 30.638544], [76.879266, 30.637536], [76.886604, 30.633789], [76.891049, 30.62733], [76.896216, 30.610535], [76.89942, 30.604825], [76.901487, 30.598804], [76.901487, 30.592629], [76.894459, 30.561132], [76.893116, 30.543795], [76.89787, 30.535191], [76.905518, 30.526845], [76.909755, 30.520437], [76.910376, 30.514158], [76.906035, 30.506278], [76.90004, 30.498216], [76.898077, 30.494056], [76.89601, 30.486615], [76.895699, 30.455635], [76.897146, 30.442096], [76.906345, 30.405612], [76.906965, 30.395768], [76.904898, 30.384089], [76.90035, 30.372022], [76.891049, 30.361248], [76.880507, 30.358302], [76.869241, 30.362359], [76.860043, 30.376828], [76.851051, 30.404734], [76.845263, 30.417524], [76.838752, 30.424241], [76.82945, 30.427084], [76.798444, 30.422846], [76.786456, 30.422924], [76.767129, 30.430598], [76.752866, 30.43052], [76.727648, 30.420056], [76.724237, 30.41649], [76.721447, 30.410599], [76.716382, 30.381247], [76.717106, 30.376751], [76.718966, 30.373418], [76.722273, 30.371635], [76.734056, 30.369206], [76.739017, 30.366596], [76.740153, 30.362902], [76.736846, 30.357088], [76.729715, 30.349595], [76.714315, 30.337115], [76.649926, 30.296807], [76.636904, 30.29102], [76.61675, 30.27947], [76.605588, 30.274431], [76.564557, 30.2619], [76.550191, 30.25451], [76.539132, 30.245131], [76.533138, 30.234615], [76.535411, 30.225029], [76.539339, 30.219887], [76.545333, 30.217794], [76.549881, 30.218337], [76.556082, 30.220895], [76.561146, 30.22477], [76.577476, 30.243658], [76.582437, 30.247275], [76.586364, 30.248128], [76.590809, 30.246681], [76.594736, 30.243865], [76.59763, 30.240196], [76.59918, 30.236475], [76.60042, 30.231359], [76.602487, 30.226166], [76.605278, 30.221515], [76.609309, 30.217639], [76.6152, 30.214228], [76.628222, 30.210714], [76.63339, 30.208441], [76.637421, 30.205443], [76.639694, 30.202188], [76.641451, 30.197976], [76.640831, 30.190561], [76.638661, 30.18206], [76.630083, 30.166893], [76.628532, 30.158676], [76.629359, 30.147566], [76.624812, 30.142837], [76.589775, 30.124027], [76.531381, 30.083978], [76.497067, 30.085218], [76.486526, 30.090773], [76.462031, 30.097026], [76.454589, 30.101625], [76.448698, 30.108111], [76.437536, 30.12426], [76.429578, 30.140357], [76.419346, 30.177125], [76.415315, 30.182602], [76.409321, 30.185884], [76.401983, 30.186452], [76.394541, 30.184566], [76.387824, 30.180044], [76.38617, 30.171699], [76.388444, 30.165756], [76.392061, 30.159529], [76.393921, 30.154542], [76.394025, 30.149426], [76.392474, 30.144698], [76.383173, 30.125681], [76.379349, 30.119945], [76.373457, 30.116973], [76.36829, 30.116534], [76.363639, 30.118446], [76.357748, 30.123717], [76.345966, 30.136585], [76.338938, 30.141235], [76.333357, 30.141623], [76.328086, 30.138833], [76.327776, 30.130358], [76.329636, 30.123355], [76.329946, 30.116844], [76.326845, 30.111883], [76.317234, 30.106561], [76.308138, 30.105915], [76.29956, 30.106922], [76.286538, 30.110514], [76.274239, 30.111728], [76.266694, 30.113692], [76.257702, 30.118601], [76.228763, 30.138652], [76.220702, 30.139814], [76.213881, 30.137489], [76.205819, 30.130978], [76.201375, 30.125603], [76.202408, 30.118162], [76.205819, 30.113046], [76.211607, 30.108318], [76.217188, 30.105217], [76.244783, 30.096354], [76.251294, 30.092479], [76.252741, 30.088577], [76.246333, 30.084882], [76.224629, 30.081704], [76.219668, 30.079224], [76.216568, 30.075193], [76.216258, 30.068708], [76.216981, 30.063695], [76.218738, 30.059587], [76.221322, 30.054781], [76.223079, 30.050673], [76.221942, 30.046409], [76.219048, 30.042508], [76.21047, 30.03349], [76.203339, 30.021682], [76.183702, 29.973571], [76.178121, 29.954684], [76.176984, 29.945537], [76.178431, 29.935873], [76.181014, 29.92807], [76.185355, 29.918381], [76.188146, 29.909467], [76.193313, 29.901069], [76.200135, 29.895411], [76.219048, 29.885489], [76.226283, 29.878202], [76.22556, 29.869082], [76.213881, 29.858746], [76.184115, 29.845414], [76.161274, 29.830092], [76.147321, 29.82327], [76.125824, 29.81849], [76.08438, 29.802109], [76.05203, 29.764411], [76.043865, 29.758158], [76.031773, 29.754825], [76.003971, 29.75653], [75.991569, 29.752732], [75.970588, 29.742965], [75.956945, 29.738624], [75.939892, 29.738547], [75.90806, 29.748159], [75.886665, 29.749244], [75.875503, 29.760561], [75.873126, 29.764101], [75.85814, 29.796502], [75.851939, 29.805029], [75.829821, 29.821074], [75.821036, 29.824769], [75.806257, 29.828645], [75.796955, 29.830195], [75.786, 29.83097], [75.759231, 29.823735], [75.727502, 29.810351], [75.720164, 29.802626], [75.717477, 29.794332], [75.718924, 29.786063], [75.717684, 29.778028], [75.710862, 29.771232], [75.698563, 29.768984], [75.663217, 29.775315], [75.641926, 29.773067], [75.623632, 29.767124], [75.604409, 29.764669], [75.575367, 29.769527], [75.548081, 29.784539], [75.539503, 29.787484], [75.530201, 29.786373], [75.511185, 29.787846], [75.477905, 29.800533], [75.461162, 29.807897], [75.45248, 29.809214], [75.445762, 29.806191], [75.431499, 29.785831], [75.408762, 29.761414], [75.384784, 29.722269], [75.376722, 29.712941], [75.353675, 29.695449], [75.345303, 29.686974], [75.344166, 29.679248], [75.344786, 29.670954], [75.342823, 29.662841], [75.335795, 29.660903], [75.329904, 29.662763], [75.321532, 29.662583], [75.31161, 29.656175], [75.296727, 29.633954], [75.29063, 29.621526], [75.289906, 29.611526], [75.293627, 29.60517], [75.299518, 29.597677], [75.303549, 29.589176], [75.301792, 29.580494], [75.29528, 29.574862], [75.267995, 29.569642], [75.248565, 29.559824], [75.234612, 29.561788], [75.228618, 29.58468], [75.226447, 29.590701], [75.220763, 29.601243], [75.219523, 29.605041], [75.219109, 29.609924], [75.217869, 29.614678], [75.213632, 29.621345], [75.20681, 29.628373], [75.194305, 29.63863], [75.190274, 29.64447], [75.189344, 29.648346], [75.192858, 29.653307], [75.193995, 29.655994], [75.193995, 29.659508], [75.192548, 29.663254], [75.174461, 29.679868], [75.17229, 29.684933], [75.172084, 29.688214], [75.174254, 29.690126], [75.179835, 29.692477], [75.184073, 29.693718], [75.199576, 29.70134], [75.20557, 29.705319], [75.20712, 29.707644], [75.207327, 29.710926], [75.20712, 29.718212], [75.204847, 29.734077], [75.205157, 29.74095], [75.206087, 29.744619], [75.207947, 29.746841], [75.210531, 29.747384], [75.214252, 29.747073], [75.218283, 29.746298], [75.221693, 29.745962], [75.227171, 29.745962], [75.232442, 29.746479], [75.236059, 29.747487], [75.23823, 29.748779], [75.238333, 29.751879], [75.236163, 29.756995], [75.230892, 29.765806], [75.212598, 29.787407], [75.203606, 29.8003], [75.200196, 29.807018], [75.197819, 29.814408], [75.196268, 29.827637], [75.193168, 29.832675], [75.187897, 29.834743], [75.179732, 29.833192], [75.165262, 29.827404], [75.160095, 29.824278], [75.156994, 29.820687], [75.155134, 29.817121], [75.15131, 29.796373], [75.149863, 29.793866], [75.147692, 29.792833], [75.144799, 29.793866], [75.140251, 29.798078], [75.13405, 29.80583], [75.128676, 29.810687], [75.105214, 29.821384], [75.100254, 29.826914], [75.098186, 29.833967], [75.101184, 29.850659], [75.100667, 29.85562], [75.099013, 29.859418], [75.093432, 29.867221], [75.092605, 29.869314], [75.093226, 29.872105], [75.095396, 29.874146], [75.098807, 29.8766], [75.101804, 29.879598], [75.104388, 29.885282], [75.106145, 29.89293], [75.106765, 29.902077], [75.106558, 29.910423], [75.105628, 29.918071], [75.102114, 29.923807], [75.095293, 29.92776], [75.085784, 29.924324], [75.081753, 29.919931], [75.079893, 29.91311], [75.07979, 29.907606], [75.078239, 29.900992], [75.076379, 29.896082], [75.072762, 29.891147], [75.067801, 29.888357], [75.059739, 29.885876], [75.04744, 29.883887], [75.019535, 29.875619], [75.004549, 29.872751], [74.99566, 29.872983], [74.984602, 29.878745], [74.979847, 29.882776], [74.974576, 29.888124], [74.969099, 29.892543], [74.945741, 29.905643], [74.941297, 29.909725], [74.937473, 29.915384], [74.935302, 29.921481], [74.932822, 29.93285], [74.931272, 29.936623], [74.927551, 29.941351], [74.918663, 29.948379], [74.913392, 29.951273], [74.90347, 29.954839], [74.852413, 29.962693], [74.841458, 29.965587], [74.83691, 29.968585], [74.832776, 29.972925], [74.826782, 29.981297], [74.823371, 29.984992], [74.81624, 29.98631], [74.806215, 29.98525], [74.767251, 29.974708], [74.745236, 29.972383], [74.726013, 29.972693], [74.719295, 29.971453], [74.710717, 29.968378], [74.678057, 29.948379], [74.672166, 29.943444], [74.667205, 29.937656], [74.65935, 29.923859], [74.654389, 29.917089], [74.650669, 29.914066], [74.632685, 29.914815], [74.577805, 29.933832], [74.516517, 29.94719], [74.385568, 29.963081], [74.290587, 29.962461], [73.915933, 29.979902], [73.887098, 29.984242], [73.884617, 29.999539], [73.884617, 30.000004], [73.886684, 30.007135], [73.898466, 30.034911], [73.969677, 30.137437], [73.97133, 30.141856], [73.975981, 30.161157], [73.977118, 30.178055], [73.9704, 30.196323], [73.946831, 30.204077], [73.948902, 30.217278], [73.934639, 30.261048], [73.911901, 30.303784], [73.891644, 30.329778], [73.842345, 30.35298], [73.845239, 30.35696], [73.85175, 30.372669], [73.867666, 30.387449], [73.887614, 30.396544], [73.906114, 30.394838], [73.904253, 30.401453], [73.902083, 30.415612], [73.899913, 30.422124], [73.916656, 30.417163], [73.929265, 30.419075], [73.939083, 30.426051], [73.98983, 30.487804], [73.996031, 30.500982], [74.004402, 30.50894], [74.04409, 30.518655], [74.057526, 30.531367], [74.061453, 30.555604], [74.058249, 30.574466], [74.057112, 30.591571], [74.067448, 30.610536], [74.082227, 30.625884], [74.09587, 30.637149], [74.111476, 30.646244], [74.132663, 30.655494], [74.155711, 30.659577], [74.163669, 30.664899], [74.16677, 30.67911], [74.170077, 30.687172], [74.18465, 30.696835], [74.191161, 30.717041], [74.198809, 30.724999], [74.215139, 30.737453], [74.235706, 30.764118], [74.244078, 30.771249], [74.259167, 30.781016], [74.266712, 30.788354], [74.265782, 30.795434], [74.256687, 30.815278], [74.260201, 30.819412], [74.279941, 30.824683], [74.300198, 30.83817], [74.31136, 30.855947], [74.304022, 30.874034], [74.31074, 30.884473], [74.319215, 30.893413], [74.329757, 30.899614], [74.34247, 30.901939], [74.353632, 30.901112], [74.379677, 30.894498], [74.401277, 30.893103], [74.409132, 30.901009], [74.41337, 30.915065], [74.424325, 30.932325], [74.441585, 30.946174], [74.458535, 30.953409], [74.477242, 30.956096], [74.499463, 30.95651], [74.519306, 30.962452], [74.534809, 30.97625], [74.548762, 30.992166], [74.564058, 31.004362], [74.564265, 31.025032], [74.579458, 31.042706], [74.600955, 31.056607], [74.658833, 31.083789], [74.650254, 31.093142], [74.631961, 31.107508], [74.616975, 31.11526], [74.596924, 31.115776], [74.553103, 31.108955], [74.536773, 31.115156], [74.523544, 31.129315], [74.514862, 31.141821], [74.509591, 31.156084], [74.506387, 31.175411], [74.509074, 31.195668], [74.525094, 31.235407], [74.525301, 31.280211], [74.532225, 31.303207], [74.571603, 31.389248], [74.583695, 31.40656], [74.600025, 31.42413], [74.61191, 31.440201], [74.617181, 31.458908], [74.614598, 31.477821], [74.584522, 31.517509], [74.555583, 31.612232], [74.499463, 31.699875], [74.489437, 31.711192], [74.492641, 31.714551], [74.503287, 31.730571], [74.505457, 31.732018], [74.513312, 31.735118], [74.516206, 31.737392], [74.518273, 31.741836], [74.521167, 31.753773], [74.523027, 31.758476], [74.530778, 31.767829], [74.535119, 31.771137], [74.53698, 31.775736], [74.537393, 31.788913], [74.540804, 31.810876], [74.550415, 31.826999], [74.565608, 31.840538], [74.641056, 31.890561], [74.657179, 31.895677], [74.669995, 31.904152], [74.698417, 31.950247], [74.763012, 31.938982], [74.783683, 31.942858], [74.802493, 31.968851], [74.811278, 32.003732], [74.828641, 32.025437], [74.873186, 32.011691], [74.889103, 32.028899], [74.908843, 32.031896], [74.931374, 32.029829], [74.955662, 32.032206], [74.967858, 32.037891], [74.974059, 32.04497], [74.978503, 32.053393], [74.986151, 32.063212], [74.995556, 32.067398], [75.020154, 32.065847], [75.030179, 32.066416], [75.022635, 32.094683], [75.040825, 32.09799], [75.102113, 32.078095], [75.110278, 32.07763], [75.11896, 32.08104], [75.129812, 32.090239], [75.13839, 32.093494], [75.161334, 32.087965], [75.17415, 32.086828], [75.173116, 32.109721], [75.195751, 32.128634], [75.226447, 32.14207], [75.249908, 32.148892], [75.263344, 32.150907], [75.294659, 32.148892]]]}}, {"type": "Feature", "properties": {"name": "Rajasthan"}, "geometry": {"type": "Polygon", "coordinates": [[[71.477115, 27.862435], [71.560727, 27.868533], [71.70139, 27.906773], [71.860864, 27.950207], [71.874403, 27.95969], [71.879984, 27.974909], [71.89156, 28.097097], [71.896934, 28.115546], [71.908303, 28.135571], [71.988195, 28.228097], [72.110978, 28.317627], [72.149942, 28.353774], [72.17764, 28.397053], [72.197794, 28.44488], [72.256499, 28.645591], [72.28027, 28.687165], [72.354581, 28.767186], [72.382176, 28.784006], [72.52563, 28.84992], [72.658541, 28.911001], [72.77254, 28.96335], [72.901524, 29.022622], [72.918164, 29.032854], [72.930359, 29.047685], [72.962915, 29.116829], [72.98865, 29.15463], [73.050869, 29.228217], [73.1289, 29.360302], [73.177993, 29.443449], [73.232873, 29.536596], [73.284756, 29.683745], [73.327441, 29.80521], [73.370332, 29.927322], [73.385215, 29.942308], [73.557815, 30.012536], [73.739716, 30.048451], [73.778266, 30.067313], [73.944354, 30.188288], [73.946831, 30.204077], [73.9704, 30.196323], [73.977118, 30.178055], [73.975981, 30.161157], [73.97133, 30.141856], [73.969677, 30.137437], [73.898466, 30.034911], [73.886684, 30.007135], [73.884617, 30.000004], [73.884617, 29.999539], [73.887098, 29.984242], [73.915933, 29.979902], [74.290587, 29.962461], [74.385568, 29.963081], [74.516517, 29.94719], [74.514346, 29.915384], [74.518377, 29.909777], [74.526232, 29.901767], [74.53512, 29.896496], [74.544835, 29.887969], [74.548866, 29.878926], [74.549693, 29.869495], [74.547006, 29.860813], [74.541735, 29.85301], [74.5345, 29.846499], [74.524681, 29.840789], [74.494296, 29.8288], [74.485717, 29.826681], [74.481893, 29.823503], [74.476002, 29.81663], [74.466494, 29.798931], [74.461429, 29.782265], [74.459362, 29.763093], [74.46174, 29.751802], [74.468044, 29.744386], [74.477966, 29.739865], [74.488508, 29.737048], [74.498326, 29.736247], [74.506285, 29.73679], [74.515276, 29.739089], [74.523028, 29.742629], [74.53388, 29.75051], [74.540701, 29.754282], [74.547832, 29.755678], [74.560235, 29.7556], [74.565092, 29.756298], [74.568813, 29.7579], [74.575428, 29.764979], [74.579355, 29.768338], [74.584316, 29.770121], [74.591861, 29.769036], [74.597752, 29.765264], [74.60478, 29.755032], [74.606227, 29.742268], [74.602713, 29.726351], [74.58814, 29.691211], [74.583386, 29.674339], [74.574808, 29.589693], [74.578528, 29.573001], [74.58535, 29.561168], [74.602713, 29.543727], [74.611911, 29.53073], [74.613772, 29.520214], [74.610051, 29.487787], [74.606847, 29.477529], [74.602093, 29.470424], [74.594858, 29.467607], [74.586797, 29.46629], [74.557651, 29.467452], [74.55052, 29.465385], [74.542561, 29.460269], [74.537394, 29.449107], [74.537084, 29.441382], [74.539254, 29.435723], [74.544112, 29.431072], [74.555584, 29.416293], [74.561785, 29.403089], [74.566436, 29.395131], [74.581629, 29.378104], [74.589587, 29.366812], [74.598889, 29.346814], [74.605193, 29.33839], [74.612841, 29.332809], [74.622453, 29.331207], [74.631445, 29.331414], [74.636303, 29.33392], [74.639713, 29.338933], [74.642607, 29.351697], [74.644984, 29.358673], [74.649118, 29.363531], [74.65594, 29.36596], [74.662244, 29.366787], [74.67537, 29.366735], [74.704102, 29.370998], [74.709373, 29.371076], [74.743169, 29.364771], [74.758569, 29.364254], [74.767251, 29.366192], [74.776759, 29.372161], [74.786164, 29.381566], [74.798463, 29.391565], [74.808798, 29.398128], [74.821408, 29.402934], [74.831226, 29.403761], [74.841251, 29.402521], [74.856754, 29.39402], [74.865332, 29.391075], [74.884659, 29.386915], [74.897785, 29.382729], [74.90719, 29.378465], [74.925484, 29.366011], [74.930962, 29.359113], [74.933752, 29.352886], [74.935612, 29.344462], [74.944501, 29.321931], [74.956076, 29.30015], [74.962794, 29.290822], [74.969616, 29.284337], [74.97561, 29.282011], [74.985739, 29.279919], [74.993283, 29.279608], [74.997624, 29.280151], [75.017675, 29.290099], [75.029353, 29.29059], [75.042066, 29.285706], [75.049197, 29.278265], [75.055295, 29.268446], [75.064907, 29.246716], [75.071521, 29.240128], [75.079583, 29.236329], [75.088885, 29.235477], [75.098393, 29.236433], [75.106558, 29.238216], [75.121338, 29.246484], [75.130019, 29.249481], [75.150173, 29.252608], [75.159371, 29.258576], [75.174151, 29.272245], [75.181592, 29.273252], [75.189964, 29.270229], [75.197509, 29.264157], [75.214148, 29.253693], [75.228308, 29.253047], [75.249702, 29.256406], [75.261794, 29.260592], [75.267789, 29.264416], [75.269856, 29.268911], [75.270889, 29.273976], [75.27306, 29.278497], [75.276987, 29.282166], [75.313781, 29.298935], [75.322566, 29.299168], [75.328353, 29.296222], [75.331144, 29.289815], [75.330627, 29.282916], [75.323806, 29.260643], [75.323082, 29.253848], [75.324633, 29.246484], [75.329283, 29.239843], [75.338172, 29.234547], [75.343443, 29.23496], [75.349024, 29.239197], [75.355535, 29.245657], [75.36432, 29.252039], [75.381063, 29.258473], [75.388091, 29.257646], [75.391502, 29.252685], [75.394499, 29.233875], [75.407005, 29.213514], [75.409175, 29.207494], [75.410002, 29.201293], [75.409692, 29.195505], [75.408245, 29.190492], [75.405661, 29.187599], [75.40163, 29.185893], [75.386954, 29.18349], [75.380753, 29.180467], [75.377653, 29.176307], [75.376309, 29.170132], [75.377859, 29.162665], [75.381373, 29.15357], [75.390262, 29.142976], [75.393569, 29.13631], [75.394602, 29.130806], [75.392432, 29.123675], [75.392019, 29.115097], [75.392949, 29.105976], [75.39822, 29.095046], [75.406591, 29.083057], [75.423955, 29.063653], [75.452067, 29.023862], [75.460748, 29.017764], [75.503226, 29.003837], [75.510358, 29.000452], [75.515009, 28.996473], [75.518729, 28.988825], [75.52152, 28.977792], [75.5209, 28.966475], [75.516249, 28.957509], [75.507774, 28.951256], [75.494855, 28.943815], [75.489377, 28.939448], [75.487207, 28.932963], [75.485966, 28.926839], [75.492788, 28.907125], [75.501366, 28.877953], [75.507154, 28.860874], [75.525241, 28.834468], [75.528031, 28.820231], [75.526377, 28.804444], [75.530098, 28.792455], [75.550045, 28.754111], [75.580018, 28.668302], [75.593557, 28.642671], [75.6103, 28.621225], [75.624149, 28.607608], [75.649264, 28.57513], [75.656499, 28.567301], [75.661356, 28.564277], [75.672518, 28.555182], [75.698563, 28.520559], [75.743625, 28.487615], [75.763262, 28.478624], [75.773081, 28.469761], [75.774424, 28.463095], [75.771014, 28.455499], [75.76874, 28.445396], [75.772874, 28.432528], [75.781866, 28.428265], [75.791374, 28.429144], [75.799642, 28.432916], [75.806464, 28.432916], [75.818246, 28.430823], [75.834059, 28.419403], [75.858864, 28.410928], [75.873643, 28.408008], [75.887079, 28.403848], [75.91178, 28.384702], [75.957772, 28.343464], [76.026192, 28.262229], [76.039318, 28.241894], [76.047896, 28.221404], [76.052857, 28.215642], [76.063606, 28.205643], [76.07084, 28.195669], [76.081382, 28.174585], [76.080659, 28.163604], [76.073941, 28.158566], [76.063709, 28.162054], [76.054407, 28.169134], [76.039318, 28.185412], [76.032496, 28.187815], [76.025882, 28.185102], [76.019474, 28.178048], [76.008622, 28.161046], [76.000974, 28.154613], [75.994669, 28.150969], [75.973068, 28.144148], [75.961906, 28.139497], [75.952501, 28.133787], [75.946093, 28.128051], [75.941442, 28.117716], [75.942993, 28.110145], [75.948574, 28.103091], [75.973585, 28.086529], [75.97927, 28.084953], [75.985471, 28.086916], [75.990122, 28.091025], [75.998803, 28.101928], [76.002214, 28.105158], [76.007898, 28.108362], [76.01503, 28.110378], [76.022574, 28.108569], [76.030016, 28.102135], [76.030843, 28.092239], [76.026605, 28.083015], [76.011619, 28.065781], [75.992809, 28.050691], [75.988881, 28.042423], [75.986091, 28.027308], [75.982887, 28.02015], [75.976686, 28.014156], [75.971828, 28.010384], [75.967487, 28.003872], [75.966247, 28.001314], [75.966144, 27.999764], [75.975756, 27.99346], [75.981957, 27.988034], [75.987331, 27.977724], [75.986091, 27.970619], [75.976479, 27.962893], [75.973068, 27.957855], [75.968004, 27.954599], [75.958702, 27.952377], [75.935655, 27.95571], [75.931934, 27.953462], [75.926353, 27.937597], [75.931521, 27.91809], [75.963353, 27.900623], [75.969038, 27.894628], [75.973275, 27.888582], [75.973895, 27.880185], [75.975446, 27.870573], [75.9802, 27.856052], [75.987538, 27.847887], [75.99994, 27.842745], [76.092234, 27.854269], [76.120346, 27.851866], [76.143187, 27.831015], [76.179051, 27.807657], [76.209126, 27.827397], [76.213157, 27.834606], [76.215018, 27.841505], [76.211297, 27.847215], [76.20799, 27.854476], [76.205406, 27.864372], [76.203959, 27.878092], [76.201375, 27.885611], [76.198274, 27.890158], [76.185872, 27.898349], [76.180084, 27.909563], [76.179671, 27.92287], [76.181014, 27.943463], [76.179051, 27.957622], [76.165822, 27.991522], [76.15776, 28.01966], [76.157553, 28.033431], [76.15962, 28.044283], [76.163341, 28.0579], [76.166545, 28.065083], [76.169852, 28.070018], [76.175227, 28.072835], [76.181014, 28.074126], [76.186802, 28.074462], [76.208196, 28.069088], [76.216051, 28.06821], [76.224939, 28.069036], [76.231967, 28.071103], [76.241889, 28.077485], [76.24716, 28.079811], [76.253775, 28.080198], [76.266694, 28.077485], [76.304728, 28.048779], [76.31806, 28.048779], [76.332943, 28.051802], [76.343175, 28.063533], [76.346482, 28.075832], [76.343795, 28.085883], [76.336664, 28.093479], [76.327982, 28.097794], [76.312789, 28.103246], [76.306692, 28.108414], [76.304418, 28.117638], [76.309172, 28.122728], [76.315683, 28.125286], [76.333977, 28.128774], [76.338628, 28.13265], [76.340695, 28.13973], [76.337594, 28.146499], [76.331393, 28.151383], [76.31403, 28.159884], [76.305761, 28.166912], [76.299457, 28.176446], [76.297286, 28.192414], [76.302557, 28.199235], [76.308759, 28.200966], [76.320231, 28.196135], [76.332323, 28.192595], [76.338628, 28.189055], [76.343485, 28.184146], [76.347206, 28.178048], [76.349996, 28.171382], [76.353304, 28.165826], [76.357438, 28.161279], [76.362709, 28.157765], [76.36798, 28.15637], [76.414385, 28.163294], [76.432369, 28.168152], [76.444771, 28.167738], [76.453453, 28.162829], [76.478774, 28.128852], [76.482495, 28.122108], [76.483012, 28.11738], [76.479704, 28.115829], [76.471953, 28.116372], [76.463478, 28.118542], [76.451902, 28.122573], [76.445598, 28.123426], [76.441567, 28.122108], [76.440017, 28.11707], [76.44167, 28.110455], [76.446528, 28.104099], [76.469679, 28.091412], [76.4734, 28.088208], [76.4765, 28.084746], [76.475984, 28.082059], [76.471849, 28.079656], [76.452729, 28.074282], [76.446838, 28.070328], [76.445598, 28.064696], [76.449939, 28.05927], [76.486836, 28.04356], [76.496757, 28.042475], [76.51009, 28.043121], [76.516498, 28.042113], [76.521769, 28.038315], [76.5258, 28.029788], [76.535411, 27.99315], [76.539029, 27.985321], [76.54368, 27.978835], [76.553085, 27.971239], [76.559493, 27.97129], [76.567244, 27.976432], [76.583264, 27.995139], [76.587295, 27.998937], [76.590498, 28.001004], [76.603521, 28.006043], [76.614683, 28.009092], [76.636491, 28.011081], [76.649513, 28.013562], [76.657988, 28.016972], [76.659435, 28.021287], [76.657988, 28.029116], [76.647653, 28.050381], [76.644035, 28.059735], [76.642382, 28.067796], [76.642795, 28.073816], [76.644242, 28.079888], [76.646826, 28.085521], [76.651993, 28.090301], [76.659745, 28.096347], [76.674938, 28.103866], [76.683206, 28.110145], [76.693541, 28.120351], [76.700053, 28.124304], [76.710801, 28.128929], [76.729508, 28.1419], [76.736536, 28.147817], [76.758137, 28.159729], [76.783045, 28.186652], [76.789556, 28.202568], [76.796274, 28.211612], [76.803922, 28.219053], [76.825109, 28.230887], [76.833378, 28.233393], [76.842679, 28.233936], [76.849707, 28.232282], [76.856632, 28.228975], [76.86397, 28.222722], [76.868001, 28.217994], [76.878026, 28.202878], [76.886915, 28.194016], [76.925258, 28.166369], [76.93456, 28.15699], [76.939624, 28.146318], [76.941485, 28.135337], [76.940555, 28.122987], [76.923501, 28.067899], [76.920401, 28.05157], [76.920918, 28.033535], [76.925052, 28.01612], [76.933113, 27.998498], [76.93611, 27.98886], [76.937351, 27.98067], [76.936214, 27.974417], [76.934353, 27.967931], [76.933733, 27.959612], [76.93456, 27.949095], [76.940555, 27.933308], [76.942725, 27.92349], [76.942932, 27.915351], [76.939831, 27.900545], [76.943552, 27.865225], [76.942312, 27.857757], [76.940555, 27.852099], [76.937351, 27.846569], [76.919161, 27.822824], [76.91544, 27.815253], [76.900867, 27.744095], [76.900867, 27.73438], [76.904588, 27.727972], [76.908929, 27.722572], [76.91389, 27.718076], [76.918851, 27.711746], [76.919367, 27.70756], [76.917197, 27.705079], [76.898077, 27.699498], [76.893736, 27.69632], [76.890118, 27.68968], [76.891359, 27.683814], [76.895699, 27.678595], [76.89973, 27.67552], [76.910479, 27.670404], [76.940555, 27.680326], [76.973007, 27.679293], [76.981276, 27.689137], [76.993678, 27.716861], [77.005874, 27.730065], [77.020033, 27.736188], [77.071709, 27.741124], [77.077807, 27.746162], [77.07605, 27.754043], [77.068299, 27.760709], [77.037913, 27.773576], [77.032022, 27.781354], [77.031815, 27.791818], [77.040807, 27.807295], [77.052486, 27.811326], [77.065922, 27.810137], [77.098995, 27.797451], [77.117185, 27.793136], [77.133824, 27.794195], [77.14292, 27.79988], [77.158009, 27.816959], [77.164624, 27.817424], [77.169171, 27.813005], [77.172892, 27.805254], [77.177543, 27.799182], [77.188085, 27.798252], [77.193356, 27.802774], [77.199247, 27.816184], [77.205655, 27.817501], [77.211649, 27.812618], [77.218057, 27.802877], [77.223431, 27.796004], [77.229943, 27.792722], [77.233663, 27.793291], [77.238004, 27.796521], [77.252784, 27.814117], [77.280689, 27.80944], [77.293401, 27.76877], [77.295468, 27.744172], [77.294228, 27.722003], [77.296812, 27.715776], [77.300429, 27.711823], [77.30446, 27.710428], [77.309421, 27.70911], [77.314899, 27.706371], [77.319653, 27.701617], [77.327404, 27.690016], [77.332882, 27.671024], [77.334742, 27.653248], [77.334122, 27.647357], [77.331332, 27.642499], [77.323374, 27.634825], [77.31955, 27.629735], [77.317483, 27.621984], [77.318309, 27.616868], [77.32203, 27.612914], [77.334432, 27.604879], [77.340324, 27.598445], [77.341977, 27.592502], [77.340944, 27.585784], [77.338153, 27.576172], [77.336706, 27.560411], [77.340117, 27.550463], [77.345595, 27.541885], [77.387762, 27.496849], [77.403265, 27.473104], [77.415254, 27.45928], [77.427657, 27.417552], [77.434065, 27.406131], [77.44254, 27.396183], [77.450601, 27.390189], [77.459799, 27.385073], [77.467448, 27.382644], [77.484914, 27.380345], [77.494733, 27.3782], [77.501967, 27.374867], [77.556434, 27.338512], [77.562325, 27.335851], [77.570697, 27.333061], [77.593538, 27.332001], [77.602116, 27.329495], [77.606147, 27.32363], [77.607181, 27.317894], [77.607181, 27.308773], [77.605527, 27.298334], [77.610488, 27.279291], [77.615862, 27.268413], [77.624854, 27.256941], [77.629195, 27.246477], [77.635499, 27.225444], [77.64046, 27.220819], [77.645214, 27.217305], [77.652242, 27.214541], [77.657307, 27.202707], [77.640254, 27.177256], [77.617309, 27.165706], [77.60408, 27.160668], [77.600359, 27.152193], [77.598809, 27.143356], [77.591368, 27.130747], [77.574728, 27.123719], [77.51344, 27.109224], [77.505068, 27.104883], [77.500727, 27.099483], [77.499487, 27.095091], [77.499797, 27.089174], [77.500934, 27.085582], [77.503414, 27.080466], [77.507135, 27.075789], [77.511786, 27.07256], [77.517987, 27.070958], [77.528426, 27.071164], [77.532767, 27.07026], [77.536591, 27.066539], [77.540208, 27.05238], [77.543412, 27.045171], [77.55075, 27.040081], [77.559742, 27.0368], [77.594158, 27.031115], [77.618963, 27.029953], [77.623614, 27.031322], [77.627851, 27.035482], [77.630332, 27.039771], [77.633949, 27.044086], [77.638393, 27.046463], [77.643044, 27.046618], [77.647902, 27.044344], [77.652553, 27.039125], [77.668159, 27.011969], [77.67405, 27.006259], [77.678597, 27.00507], [77.683352, 27.007163], [77.69193, 27.018093], [77.695961, 27.02202], [77.701438, 27.025276], [77.707433, 27.026309], [77.713841, 27.023364], [77.719215, 27.015793], [77.719112, 27.002926], [77.71229, 26.994735], [77.699991, 26.988715], [77.649555, 26.97918], [77.628471, 26.97316], [77.460833, 26.904224], [77.423316, 26.88438], [77.408743, 26.872649], [77.402232, 26.8642], [77.399545, 26.855519], [77.399131, 26.848129], [77.400475, 26.832394], [77.399235, 26.810431], [77.394894, 26.788546], [77.395824, 26.782422], [77.397891, 26.778883], [77.406986, 26.775136], [77.431894, 26.781234], [77.44626, 26.795341], [77.454528, 26.807408], [77.466311, 26.833401], [77.472098, 26.836553], [77.4783, 26.835856], [77.492252, 26.830998], [77.500624, 26.831179], [77.510546, 26.833324], [77.64139, 26.883243], [77.665058, 26.896782], [77.69224, 26.92231], [77.704642, 26.929752], [77.720455, 26.933964], [77.733788, 26.933498], [77.76066, 26.926729], [77.821845, 26.919365], [77.832076, 26.916187], [77.838898, 26.912957], [77.843652, 26.909288], [77.847063, 26.905671], [77.852644, 26.90288], [77.857295, 26.904896], [77.8698, 26.913086], [77.879102, 26.915024], [77.888817, 26.915024], [77.917446, 26.907738], [77.976564, 26.904379], [77.989069, 26.901278], [77.997441, 26.895077], [78.000748, 26.890659], [78.003849, 26.880608], [78.006433, 26.874742], [78.009843, 26.870066], [78.016251, 26.866655], [78.019145, 26.86836], [78.021316, 26.874872], [78.020902, 26.892803], [78.021316, 26.899935], [78.023176, 26.905412], [78.029274, 26.910012], [78.037025, 26.911252], [78.058109, 26.910063], [78.066067, 26.912311], [78.071028, 26.917039], [78.074749, 26.923447], [78.078883, 26.928667], [78.088392, 26.934687], [78.094283, 26.940036], [78.106892, 26.947296], [78.122085, 26.949544], [78.15185, 26.950939], [78.1688, 26.948924], [78.181202, 26.945901], [78.190918, 26.941663], [78.200736, 26.939183], [78.22306, 26.937064], [78.231019, 26.934661], [78.23691, 26.931354], [78.242594, 26.927271], [78.246005, 26.922905], [78.246521, 26.91784], [78.241354, 26.911484], [78.208074, 26.88221], [78.197532, 26.876138], [78.188437, 26.87482], [78.179755, 26.875027], [78.175311, 26.873476], [78.172624, 26.868619], [78.173451, 26.863503], [78.177585, 26.856991], [78.187197, 26.847741], [78.193605, 26.839835], [78.197842, 26.831153], [78.200116, 26.823583], [78.182236, 26.81733], [78.169007, 26.822162], [78.164976, 26.791931], [78.15154, 26.783198], [78.120018, 26.794644], [78.101207, 26.795109], [78.092939, 26.779787], [78.094283, 26.770253], [78.099864, 26.753458], [78.10038, 26.742864], [78.09852, 26.741004], [78.090149, 26.728007], [78.087358, 26.721134], [78.084981, 26.701575], [78.085188, 26.689431], [78.0794, 26.682919], [78.059349, 26.680155], [78.048807, 26.680232], [78.038472, 26.681808], [78.029067, 26.685245], [78.021522, 26.691033], [78.012841, 26.69558], [78.003642, 26.693823], [77.978424, 26.684289], [77.950002, 26.669819], [77.932122, 26.666512], [77.913622, 26.66597], [77.90277, 26.664032], [77.894295, 26.659691], [77.889024, 26.651655], [77.885923, 26.634163], [77.880652, 26.625559], [77.869904, 26.619332], [77.819157, 26.605069], [77.831456, 26.575768], [77.808925, 26.559284], [77.772752, 26.548457], [77.74402, 26.536158], [77.726657, 26.515488], [77.715081, 26.506031], [77.699371, 26.502026], [77.680768, 26.499907], [77.645731, 26.490502], [77.631055, 26.488383], [77.616792, 26.482983], [77.565323, 26.447404], [77.526049, 26.426268], [77.51437, 26.416372], [77.4999, 26.411644], [77.459593, 26.41676], [77.441816, 26.413272], [77.431481, 26.400146], [77.432308, 26.386193], [77.431274, 26.373662], [77.415151, 26.364851], [77.407606, 26.372292], [77.395101, 26.366169], [77.380528, 26.364153], [77.349625, 26.364851], [77.335776, 26.361104], [77.323374, 26.351984], [77.305287, 26.331339], [77.301359, 26.32444], [77.294435, 26.308265], [77.28813, 26.299997], [77.281102, 26.294183], [77.266323, 26.284468], [77.254231, 26.274676], [77.230149, 26.262454], [77.209686, 26.241964], [77.181057, 26.237391], [77.152325, 26.239587], [77.124729, 26.237856], [77.099821, 26.221449], [77.097031, 26.214886], [77.094964, 26.19866], [77.0899, 26.190443], [77.082458, 26.185275], [77.07574, 26.1845], [77.061891, 26.186722], [77.049075, 26.184268], [77.018896, 26.171659], [77.010421, 26.166233], [77.003703, 26.156259], [76.998639, 26.145045], [76.991921, 26.135899], [76.96939, 26.129387], [76.959882, 26.122876], [76.945516, 26.1082], [76.937454, 26.104247], [76.907998, 26.098588], [76.89911, 26.090656], [76.895286, 26.082517], [76.892702, 26.073706], [76.887535, 26.06381], [76.873375, 26.05195], [76.815498, 26.018826], [76.80878, 26.008232], [76.80754, 25.996837], [76.80754, 25.985339], [76.804336, 25.974436], [76.796067, 25.964539], [76.787696, 25.96025], [76.779117, 25.957925], [76.770229, 25.953972], [76.759997, 25.945858], [76.740153, 25.923224], [76.727028, 25.9163], [76.715555, 25.916067], [76.70429, 25.918703], [76.651787, 25.922656], [76.641141, 25.920434], [76.63618, 25.914232], [76.627499, 25.893045], [76.620574, 25.885061], [76.610549, 25.881444], [76.591945, 25.880591], [76.582747, 25.875449], [76.559389, 25.85434], [76.554842, 25.851549], [76.545953, 25.848293], [76.523112, 25.812146], [76.517945, 25.799252], [76.516705, 25.785326], [76.517531, 25.757395], [76.512674, 25.74463], [76.505956, 25.740445], [76.487456, 25.737112], [76.481151, 25.732151], [76.478361, 25.7198], [76.481771, 25.70887], [76.487662, 25.698225], [76.49221, 25.686753], [76.521459, 25.550172], [76.541303, 25.49431], [76.546987, 25.470797], [76.551431, 25.460126], [76.559079, 25.452529], [76.567554, 25.448034], [76.577063, 25.446457], [76.591635, 25.443796], [76.602901, 25.437414], [76.610652, 25.430799], [76.63339, 25.392662], [76.641451, 25.384859], [76.652304, 25.379175], [76.661915, 25.377624], [76.682379, 25.377495], [76.693748, 25.376203], [76.705944, 25.372638], [76.717106, 25.368038], [76.75917, 25.338402], [76.765888, 25.334655], [76.773123, 25.332175], [76.780151, 25.33202], [76.811777, 25.342769], [76.819115, 25.344474], [76.827797, 25.344629], [76.869655, 25.337937], [76.878646, 25.334087], [76.913476, 25.309308], [76.922778, 25.306388], [76.928669, 25.307603], [76.946963, 25.318558], [77.001533, 25.317551], [77.029645, 25.327886], [77.05755, 25.343776], [77.080598, 25.353181], [77.095791, 25.355378], [77.107676, 25.354267], [77.126486, 25.345921], [77.141266, 25.341968], [77.16483, 25.339746], [77.181057, 25.342536], [77.193562, 25.348401], [77.201624, 25.35561], [77.208135, 25.364809], [77.212786, 25.373723], [77.222501, 25.402739], [77.228392, 25.413178], [77.237074, 25.422247], [77.255471, 25.433512], [77.281206, 25.442659], [77.30198, 25.445605], [77.311798, 25.445605], [77.327714, 25.443202], [77.334536, 25.440334], [77.341254, 25.436148], [77.346525, 25.431342], [77.351486, 25.425373], [77.355516, 25.418914], [77.358514, 25.41186], [77.358617, 25.407106], [77.354896, 25.401318], [77.350866, 25.39597], [77.346215, 25.38827], [77.343424, 25.379123], [77.342804, 25.367677], [77.344664, 25.35791], [77.349109, 25.34866], [77.361408, 25.332175], [77.365335, 25.324424], [77.365955, 25.316672], [77.364715, 25.311479], [77.361097, 25.303779], [77.358307, 25.296415], [77.357583, 25.289594], [77.357894, 25.27993], [77.360064, 25.269802], [77.362958, 25.262128], [77.370089, 25.251534], [77.391173, 25.22877], [77.396651, 25.220657], [77.398925, 25.212234], [77.397374, 25.205025], [77.391793, 25.198152], [77.387969, 25.190892], [77.386522, 25.182804], [77.389209, 25.161953], [77.387969, 25.151592], [77.382388, 25.14291], [77.37443, 25.138492], [77.366265, 25.136631], [77.360477, 25.134538], [77.355516, 25.129733], [77.350659, 25.123247], [77.341254, 25.113997], [77.328851, 25.108623], [77.309731, 25.109966], [77.294952, 25.117227], [77.279759, 25.12689], [77.266013, 25.130456], [77.254334, 25.13012], [77.234904, 25.12255], [77.217747, 25.123971], [77.200384, 25.129345], [77.187361, 25.12751], [77.088039, 25.093688], [77.038326, 25.087487], [77.017449, 25.089141], [77.007011, 25.08896], [76.999362, 25.08772], [76.915026, 25.052786], [76.883504, 25.046714], [76.869034, 25.040151], [76.860973, 25.033795], [76.851051, 25.019248], [76.84733, 25.012375], [76.84547, 25.006588], [76.845573, 25.002221], [76.845883, 25.000154], [76.848364, 24.99434], [76.863763, 24.967184], [76.878233, 24.935403], [76.882264, 24.919513], [76.883194, 24.896956], [76.881747, 24.890522], [76.877613, 24.882719], [76.868621, 24.872952], [76.857562, 24.866441], [76.84733, 24.86241], [76.826556, 24.857785], [76.805472, 24.85639], [76.797204, 24.854995], [76.791933, 24.851688], [76.786972, 24.846468], [76.780564, 24.837141], [76.782735, 24.826754], [76.795241, 24.81678], [76.848054, 24.759703], [76.877819, 24.743916], [76.921434, 24.739705], [76.931046, 24.7411], [76.938178, 24.743141], [76.945722, 24.744226], [76.956368, 24.742599], [76.966806, 24.737483], [77.014555, 24.699165], [77.027371, 24.685961], [77.037396, 24.670303], [77.046181, 24.649581], [77.0591, 24.602323], [77.060857, 24.577854], [77.058894, 24.561628], [77.051866, 24.55261], [77.048765, 24.547391], [77.035226, 24.538399], [76.942932, 24.500236], [76.938591, 24.499022], [76.922261, 24.496076], [76.912029, 24.496205], [76.903968, 24.497549], [76.90035, 24.499151], [76.8988, 24.500081], [76.89787, 24.503879], [76.8988, 24.520442], [76.898077, 24.52641], [76.89632, 24.533929], [76.889085, 24.550001], [76.885054, 24.556253], [76.880507, 24.56186], [76.875752, 24.565297], [76.869655, 24.56726], [76.855392, 24.567338], [76.849087, 24.568733], [76.842059, 24.571214], [76.835031, 24.574934], [76.828417, 24.57664], [76.821699, 24.57633], [76.810743, 24.571446], [76.806713, 24.5654], [76.806196, 24.555788], [76.813637, 24.521165], [76.814464, 24.512949], [76.814464, 24.505843], [76.814154, 24.501864], [76.806403, 24.475948], [76.805576, 24.469075], [76.805783, 24.462099], [76.808366, 24.452978], [76.816428, 24.426055], [76.814567, 24.360115], [76.820459, 24.3373], [76.831621, 24.316165], [76.878026, 24.261103], [76.891565, 24.240924], [76.894149, 24.229658], [76.891875, 24.220227], [76.885364, 24.212605], [76.878646, 24.203071], [76.874305, 24.190358], [76.870275, 24.181651], [76.86273, 24.175036], [76.851981, 24.172866], [76.839682, 24.173047], [76.82945, 24.17452], [76.822216, 24.174494], [76.814464, 24.172013], [76.794724, 24.161445], [76.766612, 24.160334], [76.742944, 24.174726], [76.725064, 24.188886], [76.66915, 24.223586], [76.655817, 24.2348], [76.653957, 24.240536], [76.655094, 24.248236], [76.658815, 24.256763], [76.668737, 24.273842], [76.672871, 24.283815], [76.674111, 24.294771], [76.66977, 24.305881], [76.660778, 24.309602], [76.649203, 24.309395], [76.621504, 24.301101], [76.592979, 24.289345], [76.581713, 24.282446], [76.572515, 24.273247], [76.566004, 24.262085], [76.555875, 24.227798], [76.552051, 24.22139], [76.542749, 24.215189], [76.53045, 24.211106], [76.511537, 24.209091], [76.502028, 24.210512], [76.494794, 24.214414], [76.490763, 24.221183], [76.483632, 24.242422], [76.477534, 24.253455], [76.466888, 24.262034], [76.45614, 24.265031], [76.408184, 24.259553], [76.381519, 24.260018], [76.358575, 24.265057], [76.304728, 24.283143], [76.286848, 24.284926], [76.253775, 24.27888], [76.230314, 24.277872], [76.214501, 24.283764], [76.202305, 24.292523], [76.194967, 24.301799], [76.190213, 24.310609], [76.188973, 24.31725], [76.189386, 24.323399], [76.192487, 24.338489], [76.192177, 24.345517], [76.188973, 24.35208], [76.182461, 24.352958], [76.173573, 24.351486], [76.15497, 24.343243], [76.140707, 24.335285], [76.132749, 24.329394], [76.127168, 24.321901], [76.123964, 24.312005], [76.122827, 24.282446], [76.117659, 24.261724], [76.116729, 24.25144], [76.119519, 24.231777], [76.116005, 24.196094], [76.116109, 24.183434], [76.119106, 24.160024], [76.119209, 24.150283], [76.116626, 24.134031], [76.083243, 24.098142], [75.99901, 24.051116], [75.984747, 24.036854], [75.9802, 24.02595], [75.986091, 24.018043], [76.00025, 24.004065], [76.001594, 24.000603], [76.001801, 23.997967], [76.000974, 23.99391], [75.997873, 23.983937], [75.994152, 23.976366], [75.986711, 23.964894], [75.973379, 23.955386], [75.899378, 23.918334], [75.847598, 23.904665], [75.812355, 23.886914], [75.792511, 23.881876], [75.776491, 23.883142], [75.766363, 23.892805], [75.757268, 23.903503], [75.748276, 23.912313], [75.739698, 23.916938], [75.728742, 23.916241], [75.723265, 23.912236], [75.720267, 23.906474], [75.720887, 23.898981], [75.726985, 23.877768], [75.728536, 23.867432], [75.726675, 23.858777], [75.711792, 23.831052], [75.709622, 23.822629], [75.708072, 23.813172], [75.705385, 23.803457], [75.699804, 23.793199], [75.692879, 23.789143], [75.684817, 23.78984], [75.6658, 23.804671], [75.653088, 23.810382], [75.637585, 23.813818], [75.597071, 23.8179], [75.590146, 23.836091], [75.589009, 23.855469], [75.583428, 23.867897], [75.578157, 23.875726], [75.524207, 23.905001], [75.507464, 23.916654], [75.501366, 23.921744], [75.490307, 23.939934], [75.487207, 23.979622], [75.48607, 23.988924], [75.503123, 24.014271], [75.513045, 24.036027], [75.523587, 24.04122], [75.529478, 24.04259], [75.538883, 24.041375], [75.548702, 24.035458], [75.566685, 24.020834], [75.574126, 24.016906], [75.589319, 24.013186], [75.596657, 24.009465], [75.609163, 23.999491], [75.621772, 23.995228], [75.633554, 23.995487], [75.644923, 23.999517], [75.672828, 24.022384], [75.683577, 24.024632], [75.692982, 24.021609], [75.712723, 24.00546], [75.722644, 24.001042], [75.726779, 24.00006], [75.729983, 24.00068], [75.738768, 24.009956], [75.742695, 24.020756], [75.75117, 24.035407], [75.765329, 24.055354], [75.794061, 24.080443], [75.806154, 24.097703], [75.810804, 24.10827], [75.805017, 24.119122], [75.763469, 24.141007], [75.75179, 24.15341], [75.746416, 24.171884], [75.747759, 24.190048], [75.759231, 24.211597], [75.794785, 24.251647], [75.802536, 24.272214], [75.803983, 24.292523], [75.800883, 24.306269], [75.796645, 24.314072], [75.789514, 24.320661], [75.780625, 24.324795], [75.76967, 24.328541], [75.759128, 24.333967], [75.75179, 24.342261], [75.746416, 24.35717], [75.741145, 24.399596], [75.737424, 24.410552], [75.734427, 24.423962], [75.735357, 24.439981], [75.744969, 24.468843], [75.754167, 24.483622], [75.765433, 24.493363], [75.777215, 24.496205], [75.792201, 24.494164], [75.825377, 24.473158], [75.837573, 24.46998], [75.849458, 24.472615], [75.861034, 24.480728], [75.869406, 24.491839], [75.872816, 24.497446], [75.873953, 24.501089], [75.874883, 24.514266], [75.869406, 24.599377], [75.83995, 24.632812], [75.820106, 24.651286], [75.813698, 24.663895], [75.813698, 24.675109], [75.817626, 24.685238], [75.818556, 24.697537], [75.813388, 24.717665], [75.781866, 24.759083], [75.76781, 24.771589], [75.758818, 24.777377], [75.747036, 24.78009], [75.732153, 24.77947], [75.717477, 24.774664], [75.648954, 24.738335], [75.598518, 24.727483], [75.549942, 24.725778], [75.448036, 24.703144], [75.416513, 24.700973], [75.387574, 24.704746], [75.341893, 24.719732], [75.308613, 24.724693], [75.279054, 24.724176], [75.242364, 24.720197], [75.220763, 24.720817], [75.20371, 24.724951], [75.192238, 24.731902], [75.182006, 24.74079], [75.175081, 24.750531], [75.17198, 24.762546], [75.173634, 24.774664], [75.180662, 24.785903], [75.201539, 24.80107], [75.208051, 24.809494], [75.210428, 24.821043], [75.207327, 24.834893], [75.201849, 24.846081], [75.188103, 24.867061], [75.183866, 24.877965], [75.183246, 24.88613], [75.186863, 24.892899], [75.193685, 24.895768], [75.20247, 24.892925], [75.212701, 24.88489], [75.234819, 24.861713], [75.247325, 24.852049], [75.262207, 24.845254], [75.279364, 24.840991], [75.297451, 24.839389], [75.318845, 24.839983], [75.337035, 24.842412], [75.355018, 24.847321], [75.370831, 24.85484], [75.384371, 24.863806], [75.394189, 24.873262], [75.401424, 24.882254], [75.405765, 24.890212], [75.407005, 24.895768], [75.405144, 24.901891], [75.39791, 24.904527], [75.387264, 24.904578], [75.344166, 24.891659], [75.321532, 24.888249], [75.297658, 24.887628], [75.268099, 24.893287], [75.253216, 24.901039], [75.245154, 24.911425], [75.244224, 24.919513], [75.245464, 24.92698], [75.247841, 24.932199], [75.251355, 24.93654], [75.258177, 24.938194], [75.267995, 24.936954], [75.283188, 24.93052], [75.29497, 24.926954], [75.305202, 24.926024], [75.314194, 24.929486], [75.320292, 24.935248], [75.321635, 24.944576], [75.317915, 24.955247], [75.299518, 24.975866], [75.294557, 24.983437], [75.293007, 24.986666], [75.29156, 24.996278], [75.30975, 25.029713], [75.320602, 25.043872], [75.323806, 25.053768], [75.323702, 25.058083], [75.319362, 25.059556], [75.313574, 25.059427], [75.304892, 25.058006], [75.271199, 25.048265], [75.235129, 25.040229], [75.20619, 25.040668], [75.157821, 25.04581], [75.142732, 25.044027], [75.133326, 25.040022], [75.130846, 25.035423], [75.129296, 25.031341], [75.125678, 25.018034], [75.122888, 25.012505], [75.119167, 25.007363], [75.113586, 25.001601], [75.100874, 24.991266], [75.097876, 24.987674], [75.095913, 24.984315], [75.093846, 24.977778], [75.103147, 24.940416], [75.103768, 24.927497], [75.099633, 24.905147], [75.095396, 24.896594], [75.090642, 24.891659], [75.084441, 24.888895], [75.078033, 24.888869], [75.071521, 24.890807], [75.054985, 24.898119], [75.048887, 24.898481], [75.042996, 24.895871], [75.014264, 24.87272], [75.003102, 24.866312], [74.995144, 24.864116], [74.981398, 24.863031], [74.966825, 24.866209], [74.951942, 24.872849], [74.930135, 24.887163], [74.919799, 24.89122], [74.909671, 24.893313], [74.899646, 24.897163], [74.891998, 24.902821], [74.875874, 24.919358], [74.861715, 24.927032], [74.845592, 24.93238], [74.824301, 24.932509], [74.817067, 24.927497], [74.81531, 24.916516], [74.83412, 24.87148], [74.837531, 24.859413], [74.838357, 24.848277], [74.83722, 24.836443], [74.831226, 24.806316], [74.83257, 24.800528], [74.837841, 24.797143], [74.849209, 24.795438], [74.879388, 24.795722], [74.895098, 24.794353], [74.918663, 24.787609], [74.928894, 24.785774], [74.939023, 24.786989], [74.948842, 24.789598], [74.958143, 24.791019], [74.966515, 24.790218], [74.974266, 24.785748], [74.979227, 24.777454], [74.978401, 24.763398], [74.971269, 24.748748], [74.967755, 24.737405], [74.967135, 24.72539], [74.968169, 24.712394], [74.965378, 24.694049], [74.956903, 24.683016], [74.944811, 24.674644], [74.932305, 24.669089], [74.918973, 24.666583], [74.881145, 24.664877], [74.869673, 24.665575], [74.858511, 24.671931], [74.85107, 24.681698], [74.839908, 24.704436], [74.833396, 24.711076], [74.816757, 24.720455], [74.810349, 24.726734], [74.806525, 24.735777], [74.802494, 24.761383], [74.797636, 24.774509], [74.791332, 24.781563], [74.78141, 24.781743], [74.775829, 24.775439], [74.771385, 24.763631], [74.769214, 24.730971], [74.770455, 24.70472], [74.773142, 24.695211], [74.78358, 24.678907], [74.784304, 24.668133], [74.748957, 24.591161], [74.719295, 24.54522], [74.715264, 24.536435], [74.711853, 24.523852], [74.711957, 24.514964], [74.714644, 24.506515], [74.720225, 24.500314], [74.817067, 24.474553], [74.8335, 24.466362], [74.844869, 24.454993], [74.846832, 24.435511], [74.838357, 24.420034], [74.823681, 24.40448], [74.766424, 24.35872], [74.761153, 24.348385], [74.759602, 24.335698], [74.758982, 24.320996], [74.754021, 24.304124], [74.74565, 24.291437], [74.733454, 24.27733], [74.730974, 24.26777], [74.735005, 24.260612], [74.74565, 24.257279], [74.759292, 24.256685], [74.807248, 24.263041], [74.823888, 24.261258], [74.840528, 24.255962], [74.856031, 24.247177], [74.869983, 24.236118], [74.879595, 24.221778], [74.88497, 24.204983], [74.888277, 24.155348], [74.893134, 24.134496], [74.900266, 24.117391], [74.909361, 24.101682], [74.919179, 24.088297], [74.929205, 24.077161], [74.951115, 24.06109], [74.961037, 24.052279], [74.968479, 24.041298], [74.968169, 24.032771], [74.962174, 24.023934], [74.955043, 24.015201], [74.946775, 24.001998], [74.908327, 23.896733], [74.903056, 23.855263], [74.902229, 23.824153], [74.90378, 23.80555], [74.90657, 23.791313], [74.916699, 23.779272], [74.932202, 23.752426], [74.938506, 23.721679], [74.939747, 23.705168], [74.939023, 23.687366], [74.934992, 23.666411], [74.926724, 23.651812], [74.917112, 23.639953], [74.908121, 23.630961], [74.899439, 23.620393], [74.893548, 23.609567], [74.879905, 23.569905], [74.871844, 23.551922], [74.862955, 23.538279], [74.853344, 23.526962], [74.822958, 23.500116], [74.814896, 23.496499], [74.789885, 23.491331], [74.779033, 23.48743], [74.722395, 23.452186], [74.699554, 23.444822], [74.648188, 23.43056], [74.631445, 23.420354], [74.569537, 23.36785], [74.556514, 23.35134], [74.521271, 23.289742], [74.519927, 23.276306], [74.523028, 23.265479], [74.530469, 23.255945], [74.53636, 23.250907], [74.542045, 23.247832], [74.55052, 23.244809], [74.581215, 23.239305], [74.611498, 23.228117], [74.62204, 23.226645], [74.646018, 23.227781], [74.65842, 23.226464], [74.669685, 23.221219], [74.676817, 23.215121], [74.687462, 23.200109], [74.69542, 23.192667], [74.715884, 23.179206], [74.719605, 23.169439], [74.710717, 23.161946], [74.667205, 23.14727], [74.611911, 23.112672], [74.550003, 23.098745], [74.476106, 23.062365], [74.456262, 23.060298], [74.437968, 23.06345], [74.422569, 23.068773], [74.407893, 23.072339], [74.387429, 23.072597], [74.37482, 23.070013], [74.363348, 23.065052], [74.355286, 23.05929], [74.341127, 23.046578], [74.323453, 23.036062], [74.316115, 23.054872], [74.308054, 23.069471], [74.301543, 23.075749], [74.292861, 23.080943], [74.281595, 23.085439], [74.274154, 23.09009], [74.256377, 23.118408], [74.252553, 23.128821], [74.244905, 23.141301], [74.23333, 23.1559], [74.205941, 23.172074], [74.193125, 23.177164], [74.184754, 23.1775], [74.171731, 23.166493], [74.16522, 23.162773], [74.157262, 23.160008], [74.14672, 23.15807], [74.134731, 23.161429], [74.121915, 23.170214], [74.108996, 23.191117], [74.106102, 23.207266], [74.106102, 23.222278], [74.107446, 23.235533], [74.105792, 23.247677], [74.097524, 23.260028], [74.083675, 23.271526], [74.030035, 23.297674], [73.995721, 23.330308], [73.959548, 23.358833], [73.946422, 23.362269], [73.938464, 23.362192], [73.93557, 23.357567], [73.931643, 23.34842], [73.929162, 23.344079], [73.925442, 23.340126], [73.91986, 23.336974], [73.911592, 23.334571], [73.904461, 23.333382], [73.895676, 23.335113], [73.885444, 23.339222], [73.855575, 23.369556], [73.818161, 23.424255], [73.811857, 23.434616], [73.803485, 23.438802], [73.789533, 23.43981], [73.710674, 23.415031], [73.698375, 23.416323], [73.676878, 23.436528], [73.666129, 23.441825], [73.627165, 23.438699], [73.618794, 23.451876], [73.629646, 23.474459], [73.631713, 23.48774], [73.629542, 23.498153], [73.621791, 23.512338], [73.61652, 23.524973], [73.615383, 23.544455], [73.619104, 23.56156], [73.620551, 23.582592], [73.615383, 23.60179], [73.594402, 23.627395], [73.57983, 23.635173], [73.566394, 23.635405], [73.556472, 23.628971], [73.536525, 23.611143], [73.524432, 23.603107], [73.51358, 23.599852], [73.504175, 23.602642], [73.500765, 23.607319], [73.499834, 23.619541], [73.501695, 23.634268], [73.502005, 23.659306], [73.504485, 23.669512], [73.508619, 23.678038], [73.51079, 23.684498], [73.50986, 23.691397], [73.502728, 23.701706], [73.497974, 23.706357], [73.489086, 23.710491], [73.462731, 23.714703], [73.449708, 23.719793], [73.43896, 23.729405], [73.430898, 23.74284], [73.424387, 23.7601], [73.418599, 23.770927], [73.411674, 23.779221], [73.403303, 23.783949], [73.394931, 23.785887], [73.361652, 23.784233], [73.358138, 23.78736], [73.356897, 23.794362], [73.365062, 23.839579], [73.365579, 23.851929], [73.363409, 23.876837], [73.364029, 23.889085], [73.368163, 23.899627], [73.375398, 23.908954], [73.391314, 23.919393], [73.405783, 23.926705], [73.418289, 23.935568], [73.42387, 23.940942], [73.418186, 23.968615], [73.406197, 23.98572], [73.399375, 23.999827], [73.398755, 24.002308], [73.398342, 24.007527], [73.398755, 24.02905], [73.395965, 24.042228], [73.388523, 24.057472], [73.354107, 24.104731], [73.346769, 24.108115], [73.338087, 24.103025], [73.331266, 24.093827], [73.31969, 24.067524], [73.312662, 24.056], [73.303671, 24.045458], [73.294679, 24.038817], [73.255818, 24.014917], [73.245586, 24.015537], [73.229773, 24.029515], [73.207966, 24.054036], [73.203935, 24.062795], [73.200731, 24.078634], [73.196597, 24.086566], [73.189466, 24.093749], [73.169415, 24.101914], [73.161974, 24.106823], [73.148228, 24.122843], [73.140063, 24.128657], [73.117325, 24.138992], [73.107197, 24.149586], [73.101616, 24.15943], [73.094381, 24.179558], [73.079292, 24.204311], [73.077535, 24.214336], [73.080325, 24.226842], [73.107507, 24.29229], [73.113708, 24.299318], [73.12239, 24.305364], [73.130761, 24.313477], [73.134069, 24.321539], [73.135102, 24.330557], [73.137169, 24.335931], [73.141613, 24.336706], [73.151742, 24.334691], [73.165695, 24.33327], [73.180887, 24.33327], [73.19267, 24.336138], [73.200318, 24.3396], [73.207966, 24.34668], [73.21334, 24.356136], [73.216648, 24.36903], [73.216027, 24.379701], [73.211997, 24.387426], [73.203935, 24.391095], [73.1967, 24.390475], [73.186158, 24.384713], [73.179544, 24.379649], [73.173446, 24.377711], [73.165695, 24.378383], [73.115155, 24.394351], [73.105026, 24.398744], [73.097275, 24.404299], [73.091591, 24.410965], [73.089834, 24.4159], [73.090144, 24.420784], [73.098722, 24.442514], [73.100996, 24.463417], [73.100996, 24.485095], [73.099652, 24.492743], [73.097275, 24.499719], [73.096552, 24.501115], [73.095001, 24.503647], [73.091074, 24.507212], [73.079705, 24.509124], [73.062032, 24.507367], [73.029786, 24.497368], [73.014903, 24.49481], [73.004981, 24.494164], [72.99971, 24.493286], [72.994542, 24.490056], [72.98431, 24.480108], [72.978833, 24.472176], [72.974492, 24.464192], [72.972838, 24.458223], [72.972218, 24.453443], [72.972011, 24.439645], [72.971081, 24.43254], [72.969738, 24.42807], [72.96705, 24.423962], [72.96395, 24.420396], [72.961986, 24.415513], [72.961366, 24.411327], [72.961469, 24.401043], [72.960746, 24.396031], [72.958679, 24.390062], [72.954958, 24.384946], [72.949687, 24.379417], [72.924572, 24.363397], [72.91124, 24.360115], [72.897391, 24.360581], [72.860907, 24.371898], [72.835689, 24.37691], [72.796208, 24.377479], [72.747012, 24.380657], [72.73368, 24.384274], [72.717557, 24.390243], [72.703914, 24.399906], [72.696163, 24.407554], [72.690581, 24.416675], [72.679109, 24.444322], [72.673528, 24.453521], [72.667637, 24.460936], [72.658335, 24.466801], [72.648827, 24.46967], [72.629913, 24.471762], [72.615651, 24.474656], [72.599528, 24.480056], [72.555706, 24.50667], [72.544544, 24.510132], [72.525114, 24.511605], [72.514882, 24.509615], [72.50806, 24.506463], [72.50558, 24.50375], [72.503616, 24.500805], [72.500929, 24.49605], [72.484806, 24.443754], [72.482636, 24.440266], [72.479535, 24.436648], [72.476434, 24.433961], [72.471577, 24.431403], [72.464962, 24.429698], [72.457004, 24.43055], [72.449149, 24.434814], [72.440778, 24.446157], [72.432096, 24.46445], [72.421967, 24.481297], [72.418763, 24.488816], [72.41742, 24.499022], [72.41773, 24.50096], [72.419694, 24.50977], [72.418557, 24.517289], [72.413596, 24.522974], [72.397266, 24.525222], [72.385691, 24.524369], [72.373081, 24.522044], [72.3644, 24.522044], [72.356028, 24.524679], [72.349207, 24.532379], [72.34528, 24.539924], [72.342386, 24.548321], [72.338458, 24.552714], [72.330707, 24.555866], [72.314894, 24.557571], [72.303112, 24.557726], [72.288952, 24.561214], [72.275206, 24.568397], [72.255363, 24.584055], [72.248748, 24.592711], [72.247198, 24.599532], [72.250712, 24.603641], [72.255776, 24.606535], [72.261667, 24.60824], [72.308589, 24.61147], [72.320061, 24.613821], [72.328433, 24.617154], [72.332154, 24.621185], [72.333394, 24.627076], [72.332464, 24.635086], [72.327503, 24.642165], [72.318511, 24.645421], [72.302491, 24.643664], [72.265905, 24.635422], [72.20627, 24.630073], [72.172784, 24.634001], [72.099403, 24.656557], [72.080696, 24.668598], [72.068811, 24.690328], [72.061059, 24.701645], [72.050931, 24.708363], [72.034498, 24.706503], [71.986748, 24.695289], [71.97879, 24.691491], [71.973416, 24.687589], [71.957396, 24.669786], [71.947888, 24.662629], [71.934762, 24.658159], [71.920499, 24.656945], [71.901482, 24.661828], [71.893317, 24.667771], [71.883086, 24.681853], [71.876678, 24.685574], [71.867376, 24.686555], [71.856834, 24.684928], [71.841434, 24.678442], [71.83358, 24.671182], [71.829652, 24.663327], [71.829342, 24.657022], [71.830479, 24.643767], [71.828722, 24.638264], [71.821487, 24.635706], [71.807845, 24.636119], [71.784797, 24.64307], [71.775805, 24.650434], [71.771464, 24.661131], [71.768881, 24.671001], [71.762783, 24.676582], [71.750897, 24.678132], [71.651885, 24.658004], [71.637002, 24.657643], [71.620053, 24.662087], [71.609614, 24.6679], [71.59101, 24.681905], [71.57189, 24.686245], [71.545845, 24.688054], [71.469054, 24.686426], [71.449624, 24.681853], [71.438978, 24.676194], [71.408696, 24.655317], [71.393503, 24.648935], [71.378414, 24.646661], [71.35826, 24.650485], [71.335936, 24.660045], [71.321983, 24.662319], [71.296041, 24.658263], [71.280022, 24.653508], [71.266999, 24.647359], [71.251496, 24.636817], [71.235063, 24.635964], [71.222351, 24.636817], [71.129747, 24.66095], [71.086752, 24.687434], [71.056632, 24.69282], [71.036935, 24.72074], [71.00319, 24.808203], [70.943039, 24.894063], [70.915237, 24.946618], [70.893326, 25.001886], [70.859891, 25.139449], [70.848574, 25.163323], [70.831418, 25.183322], [70.768372, 25.233086], [70.734886, 25.267348], [70.723104, 25.287295], [70.718556, 25.310808], [70.710495, 25.335871], [70.670394, 25.375558], [70.654478, 25.39659], [70.646623, 25.431369], [70.652824, 25.545884], [70.657475, 25.63363], [70.653857, 25.674455], [70.632308, 25.701378], [70.592259, 25.708819], [70.554432, 25.698794], [70.516657, 25.68386], [70.477227, 25.676315], [70.360129, 25.673473], [70.303698, 25.684583], [70.264579, 25.697296], [70.249231, 25.707683], [70.234452, 25.730989], [70.213988, 25.786334], [70.195591, 25.806953], [70.15425, 25.839406], [70.114976, 25.881729], [70.083246, 25.929943], [70.064643, 25.980327], [70.064281, 25.99552], [70.072911, 26.047455], [70.073893, 26.083112], [70.078285, 26.099648], [70.132029, 26.18047], [70.146912, 26.217419], [70.151614, 26.254058], [70.144018, 26.294313], [70.142467, 26.313692], [70.147945, 26.333226], [70.157144, 26.354], [70.160503, 26.371311], [70.156989, 26.410947], [70.162931, 26.493319], [70.158074, 26.530113], [70.1296, 26.562514], [70.093685, 26.580394], [70.056064, 26.589076], [69.815562, 26.580291], [69.772258, 26.59507], [69.700221, 26.653], [69.659396, 26.677701], [69.50416, 26.735165], [69.472844, 26.766584], [69.465093, 26.80777], [69.48597, 26.926833], [69.507571, 27.050081], [69.534443, 27.125581], [69.575577, 27.188419], [69.666114, 27.270016], [69.730606, 27.310324], [69.848015, 27.410369], [69.908063, 27.497289], [69.993536, 27.571083], [70.016894, 27.60059], [70.090688, 27.79355], [70.101953, 27.81174], [70.189028, 27.89179], [70.199002, 27.90096], [70.267731, 27.945272], [70.323852, 28.000437], [70.341939, 28.01147], [70.359509, 28.016327], [70.398266, 28.02165], [70.43692, 28.035344], [70.456247, 28.039788], [70.477227, 28.037256], [70.506786, 28.028962], [70.534898, 28.015965], [70.559806, 27.998447], [70.592879, 27.964496], [70.621198, 27.944135], [70.633187, 27.93163], [70.64161, 27.911269], [70.637631, 27.874217], [70.640732, 27.854787], [70.671738, 27.791095], [70.710391, 27.74115], [70.761758, 27.709783], [70.831573, 27.701463], [70.91379, 27.717818], [71.027581, 27.768048], [71.150675, 27.822411], [71.226329, 27.845356], [71.31144, 27.861711], [71.397791, 27.868378], [71.477115, 27.862435]]]}}, {"type": "Feature", "properties": {"name": "Himachal Pradesh"}, "geometry": {"type": "Polygon", "coordinates": [[[78.380983, 32.528041], [78.409198, 32.476623], [78.448782, 32.426782], [78.452193, 32.416782], [78.448162, 32.410658], [78.441444, 32.404948], [78.43638, 32.396163], [78.434519, 32.383761], [78.435966, 32.377973], [78.43886, 32.373296], [78.462735, 32.281803], [78.461391, 32.260151], [78.456327, 32.242116], [78.457981, 32.229662], [78.468541, 32.226668], [78.469017, 32.226533], [78.476481, 32.224417], [78.513068, 32.20757], [78.534978, 32.181344], [78.551825, 32.15039], [78.649287, 32.036444], [78.678329, 32.016755], [78.722151, 31.994586], [78.733829, 31.984664], [78.744578, 31.9642], [78.741994, 31.945338], [78.720187, 31.902912], [78.714192, 31.883016], [78.706648, 31.840797], [78.700343, 31.821676], [78.674091, 31.78695], [78.670887, 31.770517], [78.695589, 31.746694], [78.695175, 31.737961], [78.692592, 31.7284], [78.693212, 31.71853], [78.698069, 31.711037], [78.710472, 31.69817], [78.71843, 31.6806], [78.724011, 31.673313], [78.731349, 31.668042], [78.739824, 31.666027], [78.758117, 31.666595], [78.795324, 31.633781], [78.818889, 31.607374], [78.814031, 31.595023], [78.796978, 31.578849], [78.699516, 31.510016], [78.695382, 31.488105], [78.733003, 31.467744], [78.762561, 31.44511], [78.760081, 31.412037], [78.745508, 31.373538], [78.73848, 31.334988], [78.740857, 31.317728], [78.745095, 31.308116], [78.753156, 31.301966], [78.784472, 31.288272], [78.796048, 31.288117], [78.821989, 31.293698], [78.848654, 31.290908], [78.861987, 31.291476], [78.886972, 31.284171], [78.89261, 31.281772], [78.897748, 31.27512], [78.905189, 31.267678], [78.936298, 31.240367], [78.963584, 31.203134], [78.993349, 31.163395], [78.99707, 31.147272], [78.993246, 31.130787], [78.961517, 31.121847], [78.947039, 31.120143], [78.946955, 31.120134], [78.933198, 31.118514], [78.869533, 31.121977], [78.846278, 31.135154], [78.833566, 31.146833], [78.819716, 31.164325], [78.800596, 31.199879], [78.792741, 31.20701], [78.778479, 31.209697], [78.753467, 31.209181], [78.722565, 31.213806], [78.687218, 31.215847], [78.666547, 31.214297], [78.651561, 31.215382], [78.633371, 31.220808], [78.621899, 31.22626], [78.605156, 31.230032], [78.581695, 31.231066], [78.53994, 31.226518], [78.518856, 31.221557], [78.500976, 31.219568], [78.490951, 31.222177], [78.473691, 31.231918], [78.442685, 31.261968], [78.433693, 31.268066], [78.425012, 31.270236], [78.411163, 31.267678], [78.401654, 31.268143], [78.391112, 31.274345], [78.386048, 31.282613], [78.37871, 31.287703], [78.368685, 31.290028], [78.348427, 31.289873], [78.312977, 31.294498], [78.297371, 31.294266], [78.284245, 31.290338], [78.234533, 31.261193], [78.186163, 31.248093], [78.117227, 31.214193], [78.070822, 31.185203], [78.039712, 31.17218], [78.027723, 31.169855], [78.008913, 31.16908], [77.963748, 31.176134], [77.952793, 31.176289], [77.941114, 31.172904], [77.928918, 31.165256], [77.897809, 31.137996], [77.865873, 31.102779], [77.806032, 31.050508], [77.798487, 31.041361], [77.796006, 31.031362], [77.806962, 31.013069], [77.808202, 31.003999], [77.802104, 30.992165], [77.793216, 30.984052], [77.784121, 30.980151], [77.775542, 30.980151], [77.765207, 30.983897], [77.756526, 30.985422], [77.749704, 30.979918], [77.750118, 30.96904], [77.76221, 30.949972], [77.771512, 30.941652], [77.781434, 30.93713], [77.789082, 30.930645], [77.792906, 30.919793], [77.793422, 30.895737], [77.787221, 30.873775], [77.773992, 30.874007], [77.769341, 30.876875], [77.76035, 30.883903], [77.751875, 30.883051], [77.741746, 30.869744], [77.729137, 30.836387], [77.705779, 30.791454], [77.703402, 30.7736], [77.707019, 30.759415], [77.734925, 30.735902], [77.739266, 30.719469], [77.740196, 30.697687], [77.74433, 30.685388], [77.76035, 30.668568], [77.76469, 30.660842], [77.770788, 30.635055], [77.769031, 30.625573], [77.763347, 30.616452], [77.74526, 30.605858], [77.743296, 30.600561], [77.765827, 30.566171], [77.773579, 30.557644], [77.784741, 30.554673], [77.798487, 30.553691], [77.808925, 30.55196], [77.813783, 30.546663], [77.815023, 30.540229], [77.815333, 30.531418], [77.812956, 30.521057], [77.801794, 30.508371], [77.791665, 30.507285], [77.768514, 30.49819], [77.688623, 30.455196], [77.664955, 30.445971], [77.644491, 30.442173], [77.623304, 30.441114], [77.597776, 30.437031], [77.575865, 30.428737], [77.565323, 30.414862], [77.567493, 30.406361], [77.581446, 30.388921], [77.585063, 30.382926], [77.583823, 30.382177], [77.538451, 30.403803], [77.513336, 30.424939], [77.497006, 30.424629], [77.487911, 30.420934], [77.474682, 30.418376], [77.46135, 30.417317], [77.441816, 30.418118], [77.434375, 30.421218], [77.433444, 30.425482], [77.449671, 30.441476], [77.453908, 30.44871], [77.452048, 30.454782], [77.44471, 30.454317], [77.412154, 30.43561], [77.396961, 30.430029], [77.380528, 30.429254], [77.370606, 30.435714], [77.365335, 30.442948], [77.359134, 30.449847], [77.350555, 30.453154], [77.303427, 30.460312], [77.292058, 30.464394], [77.276245, 30.47398], [77.241001, 30.489328], [77.21444, 30.475608], [77.208135, 30.476951], [77.204104, 30.482972], [77.202658, 30.487829], [77.201314, 30.500154], [77.147777, 30.538679], [77.134135, 30.554363], [77.130104, 30.568677], [77.139199, 30.583457], [77.145297, 30.595859], [77.148191, 30.60976], [77.146227, 30.637536], [77.150258, 30.663994], [77.148397, 30.678955], [77.140956, 30.693036], [77.12597, 30.711382], [77.115118, 30.722104], [77.086902, 30.738227], [77.043287, 30.7605], [77.012695, 30.770499], [77.001533, 30.777347], [76.998329, 30.784039], [76.998742, 30.790188], [76.994608, 30.802048], [76.98665, 30.808327], [76.977245, 30.8129], [76.964016, 30.815949], [76.956574, 30.820755], [76.948926, 30.829462], [76.943965, 30.840883], [76.939314, 30.859512], [76.93394, 30.870364], [76.923708, 30.882275], [76.905725, 30.899303], [76.889705, 30.901706], [76.876476, 30.900466], [76.86211, 30.896745], [76.84702, 30.898683], [76.837719, 30.903308], [76.829037, 30.911938], [76.820459, 30.929404], [76.816428, 30.932815], [76.810123, 30.934262], [76.803095, 30.933048], [76.796274, 30.930335], [76.781495, 30.920439], [76.7724, 30.912868], [76.768162, 30.907597], [76.721757, 30.941161], [76.700259, 30.961883], [76.645172, 30.999271], [76.625638, 31.016608], [76.615303, 31.030148], [76.610859, 31.041206], [76.607552, 31.052058], [76.605691, 31.062265], [76.605898, 31.0726], [76.607862, 31.08123], [76.611582, 31.08893], [76.623055, 31.107275], [76.621711, 31.116525], [76.602487, 31.127248], [76.5998, 31.134896], [76.601351, 31.177529], [76.602797, 31.185668], [76.606518, 31.192799], [76.621814, 31.208276], [76.628429, 31.220084], [76.623571, 31.226492], [76.61427, 31.228999], [76.590085, 31.226596], [76.582334, 31.227422], [76.581403, 31.231091], [76.586984, 31.249798], [76.584194, 31.259927], [76.576753, 31.272303], [76.571895, 31.277574], [76.567244, 31.28052], [76.564247, 31.280029], [76.561146, 31.276722], [76.554842, 31.26543], [76.550604, 31.259824], [76.54647, 31.256671], [76.542233, 31.255689], [76.536652, 31.259875], [76.533758, 31.2668], [76.531587, 31.278737], [76.526316, 31.285765], [76.520529, 31.289176], [76.506886, 31.291114], [76.503269, 31.290881], [76.500995, 31.288866], [76.499238, 31.286282], [76.496344, 31.283078], [76.491693, 31.284525], [76.483425, 31.290674], [76.475363, 31.303361], [76.469369, 31.307986], [76.463788, 31.307133], [76.459757, 31.302896], [76.452832, 31.298219], [76.447458, 31.297056], [76.439397, 31.299692], [76.433505, 31.317804], [76.412835, 31.355115], [76.373561, 31.419245], [76.359918, 31.430304], [76.356094, 31.426299], [76.352994, 31.422113], [76.349583, 31.419865], [76.345035, 31.418186], [76.322091, 31.412812], [76.316923, 31.401701], [76.322815, 31.364158], [76.319611, 31.353797], [76.31434, 31.349921], [76.30111, 31.351782], [76.294496, 31.347518], [76.290879, 31.33925], [76.287778, 31.324471], [76.28199, 31.31566], [76.275376, 31.310441], [76.268348, 31.309226], [76.261113, 31.310932], [76.242819, 31.31814], [76.231141, 31.317494], [76.223079, 31.315634], [76.201065, 31.307004], [76.179464, 31.318476], [76.158484, 31.338553], [76.147011, 31.354417], [76.141017, 31.369584], [76.125927, 31.430537], [76.07053, 31.564172], [75.943096, 31.771756], [75.923252, 31.806276], [75.921599, 31.814286], [75.922632, 31.824699], [75.927593, 31.829944], [75.934931, 31.832889], [75.942476, 31.833122], [75.955395, 31.831313], [75.961906, 31.831572], [75.968314, 31.835215], [75.968108, 31.841054], [75.964283, 31.848754], [75.92749, 31.907923], [75.89142, 31.953941], [75.879741, 31.97239], [75.861241, 31.98257], [75.801813, 32.005644], [75.752927, 32.03236], [75.706521, 32.049827], [75.699804, 32.056106], [75.684301, 32.053083], [75.66239, 32.060446], [75.601618, 32.068947], [75.5918, 32.0721], [75.580948, 32.076699], [75.577847, 32.083701], [75.582188, 32.092253], [75.639445, 32.146849], [75.649264, 32.161474], [75.656189, 32.174651], [75.661046, 32.188785], [75.659806, 32.195348], [75.654018, 32.198009], [75.647714, 32.197622], [75.642133, 32.19558], [75.637895, 32.193358], [75.632314, 32.191033], [75.625183, 32.190904], [75.614641, 32.196769], [75.608543, 32.209998], [75.606269, 32.225863], [75.60844, 32.239919], [75.613401, 32.250926], [75.618878, 32.256042], [75.622909, 32.258522], [75.692672, 32.272268], [75.711792, 32.279089], [75.727605, 32.287926], [75.742695, 32.299347], [75.779282, 32.336579], [75.85752, 32.389961], [75.905786, 32.413319], [75.912607, 32.419055], [75.913847, 32.425411], [75.911677, 32.431354], [75.870646, 32.499722], [75.866305, 32.504864], [75.85659, 32.514579], [75.847391, 32.516749], [75.85504, 32.526284], [75.867132, 32.547471], [75.865892, 32.560571], [75.895554, 32.596848], [75.912917, 32.610542], [75.920462, 32.61447], [75.922632, 32.617338], [75.925733, 32.630567], [75.926043, 32.641186], [75.924699, 32.651961], [75.904856, 32.691312], [75.901445, 32.702862], [75.903409, 32.736374], [75.913227, 32.755675], [75.9124, 32.761902], [75.9093, 32.772703], [75.903305, 32.781617], [75.886665, 32.79973], [75.880878, 32.80885], [75.876537, 32.81761], [75.869612, 32.827402], [75.858554, 32.839546], [75.82424, 32.870449], [75.811735, 32.884298], [75.804913, 32.898612], [75.803363, 32.911997], [75.806877, 32.923675], [75.814629, 32.931789], [75.826411, 32.938067], [75.846048, 32.942227], [75.858554, 32.94215], [75.869612, 32.940005], [75.893797, 32.930807], [75.903099, 32.928921], [75.911677, 32.925898], [75.919842, 32.920265], [75.935965, 32.903237], [75.943613, 32.898121], [75.954672, 32.901377], [75.972448, 32.911041], [76.05141, 32.969461], [76.075491, 32.993284], [76.081692, 33.000803], [76.100813, 33.01305], [76.152799, 33.032299], [76.194657, 33.043281], [76.215948, 33.051084], [76.237032, 33.063486], [76.261733, 33.086456], [76.270828, 33.103535], [76.274239, 33.116609], [76.274755, 33.12679], [76.28106, 33.136453], [76.294289, 33.147899], [76.353304, 33.180094], [76.396712, 33.197716], [76.512157, 33.217223], [76.542439, 33.232856], [76.558562, 33.23146], [76.611893, 33.193917], [76.625949, 33.189292], [76.739843, 33.197406], [76.754519, 33.194563], [76.768679, 33.186812], [76.82945, 33.125549], [76.848364, 33.114801], [76.903038, 33.07377], [76.927532, 33.045864], [76.940141, 33.034289], [76.956058, 33.02509], [76.999879, 33.007236], [77.088453, 32.950211], [77.135788, 32.92675], [77.219917, 32.901997], [77.348695, 32.867245], [77.371329, 32.867038], [77.377737, 32.872206], [77.384972, 32.88404], [77.389003, 32.887683], [77.393964, 32.889931], [77.443986, 32.894478], [77.477679, 32.901248], [77.497833, 32.909258], [77.538968, 32.918353], [77.55354, 32.923417], [77.566873, 32.929877], [77.581032, 32.939049], [77.607491, 32.962407], [77.615759, 32.968298], [77.624854, 32.971476], [77.643354, 32.97605], [77.652036, 32.980468], [77.659994, 32.986488], [77.67343, 32.999407], [77.675187, 33.000415], [77.69441, 33.008089], [77.703299, 33.013257], [77.71229, 33.014523], [77.721075, 33.012636], [77.732548, 33.001578], [77.742159, 32.986953], [77.765207, 32.962562], [77.823808, 32.910343], [77.857915, 32.873007], [77.893468, 32.802959], [77.910521, 32.790738], [77.922717, 32.775183], [77.928918, 32.762445], [77.932329, 32.710872], [77.93853, 32.695343], [77.949382, 32.682708], [77.973877, 32.660358], [77.983178, 32.648059], [77.988346, 32.633771], [77.994651, 32.620361], [78.008913, 32.61031], [78.043226, 32.611395], [78.059039, 32.618345], [78.069891, 32.63036], [78.077023, 32.640463], [78.084051, 32.645139], [78.093042, 32.648989], [78.09883, 32.653769], [78.104101, 32.661857], [78.114643, 32.667722], [78.131696, 32.671494], [78.154537, 32.674052], [78.178515, 32.688754], [78.191538, 32.69201], [78.208074, 32.692165], [78.227918, 32.690175], [78.243731, 32.69294], [78.253859, 32.697901], [78.268742, 32.715704], [78.279388, 32.721491], [78.305123, 32.729475], [78.314321, 32.735444], [78.317628, 32.743609], [78.315458, 32.760507], [78.317732, 32.764667], [78.325173, 32.766734], [78.333855, 32.767845], [78.353285, 32.76862], [78.360416, 32.767613], [78.366617, 32.76521], [78.370338, 32.761127], [78.373439, 32.75397], [78.38088, 32.729295], [78.383361, 32.714438], [78.384291, 32.699374], [78.38057, 32.669195], [78.37778, 32.657335], [78.374679, 32.648783], [78.368374, 32.639817], [78.358556, 32.631678], [78.332924, 32.617906], [78.313391, 32.605039], [78.304089, 32.59615], [78.299438, 32.588657], [78.292927, 32.575402], [78.286519, 32.545094], [78.281868, 32.532381], [78.274013, 32.518868], [78.270396, 32.504166], [78.274013, 32.491144], [78.282178, 32.480653], [78.29365, 32.473289], [78.302952, 32.470654], [78.313391, 32.471739], [78.358866, 32.515587], [78.380983, 32.528041]]]}}, {"type": "Feature", "properties": {"name": "Jammu and Kashmir"}, "geometry": {"type": "Polygon", "coordinates": [[[74.724978, 32.46081], [74.689322, 32.471352], [74.662553, 32.498379], [74.632581, 32.568168], [74.629584, 32.588089], [74.636922, 32.606254], [74.647981, 32.623617], [74.656042, 32.64067], [74.657282, 32.660592], [74.650151, 32.701235], [74.649738, 32.723146], [74.656972, 32.745341], [74.682294, 32.787328], [74.689115, 32.808825], [74.685291, 32.831227], [74.671752, 32.840581], [74.653562, 32.837428], [74.635888, 32.82208], [74.626276, 32.80265], [74.622039, 32.785416], [74.614081, 32.770404], [74.59341, 32.757872], [74.573773, 32.75255], [74.52096, 32.745289], [74.500909, 32.746013], [74.484476, 32.753532], [74.455331, 32.778595], [74.438691, 32.785984], [74.418951, 32.784615], [74.386394, 32.767768], [74.367688, 32.763531], [74.34619, 32.76689], [74.329344, 32.776424], [74.316321, 32.791075], [74.306503, 32.809911], [74.315939, 32.82175], [74.316989, 32.823067], [74.322936, 32.830529], [74.333788, 32.849262], [74.336682, 32.870139], [74.324486, 32.921402], [74.322006, 32.972045], [74.311257, 32.994292], [74.283972, 33.008813], [74.190851, 33.022094], [74.153851, 33.040181], [74.098453, 33.104828], [74.065794, 33.132604], [74.029414, 33.154153], [74.002335, 33.177692], [73.988486, 33.20862], [73.991793, 33.252571], [74.001715, 33.270167], [74.017838, 33.279494], [74.055355, 33.292026], [74.071995, 33.302284], [74.085121, 33.314324], [74.095973, 33.328484], [74.105481, 33.345201], [74.136281, 33.418013], [74.157778, 33.494236], [74.141552, 33.549374], [74.088118, 33.58529], [74.024246, 33.614254], [73.976704, 33.648387], [73.968332, 33.662081], [73.963061, 33.676757], [73.960787, 33.692286], [73.963061, 33.72156], [73.966162, 33.734531], [73.970709, 33.747063], [73.976704, 33.758922], [74.011327, 33.81047], [74.034581, 33.828608], [74.142275, 33.84424], [74.177518, 33.857547], [74.212555, 33.878424], [74.23953, 33.901007], [74.262474, 33.929946], [74.272293, 33.96214], [74.259684, 33.994386], [74.228368, 34.012886], [74.192091, 34.011853], [74.154264, 34.004101], [74.118401, 34.002525], [74.065277, 34.018338], [74.04502, 34.019423], [73.976704, 34.004592], [73.945801, 34.009786], [73.916242, 34.02795], [73.893711, 34.054305], [73.88441, 34.0842], [73.893298, 34.11474], [73.916862, 34.135256], [73.976704, 34.161559], [73.995411, 34.176442], [73.998304, 34.196803], [73.990553, 34.218507], [73.976704, 34.23755], [73.95438, 34.287185], [73.93774, 34.304212], [73.907457, 34.306796], [73.879035, 34.30429], [73.8533, 34.307416], [73.829116, 34.315348], [73.804208, 34.327492], [73.78271, 34.346819], [73.774856, 34.370952], [73.779817, 34.396067], [73.79625, 34.418546], [73.806792, 34.425161], [73.831596, 34.4364], [73.840381, 34.44441], [73.845549, 34.456477], [73.846996, 34.494175], [73.846996, 34.49433], [73.863119, 34.517067], [73.910971, 34.544973], [73.925957, 34.564971], [73.925441, 34.593393], [73.917483, 34.619283], [73.919343, 34.642538], [73.948592, 34.662743], [73.962234, 34.668169], [74.120881, 34.690855], [74.146823, 34.701862], [74.221753, 34.747751], [74.285832, 34.768887], [74.348877, 34.773434], [74.412129, 34.764494], [74.66493, 34.688323], [75.017777, 34.629722], [75.111001, 34.633649], [75.17632, 34.64538], [75.212907, 34.644967], [75.224544, 34.638622], [75.236885, 34.631892], [75.251355, 34.613082], [75.267478, 34.598303], [75.306958, 34.574015], [75.348093, 34.55722], [75.344128, 34.469013], [75.374549, 34.370981], [75.469487, 34.280052], [75.584564, 34.210116], [75.6634, 34.19923], [75.69129, 34.163725], [75.699541, 34.117676], [75.741656, 34.066434], [75.784892, 34.0311], [75.836681, 33.994557], [75.879592, 33.963696], [75.977853, 33.971267], [76.024367, 33.982089], [76.05115, 33.952652], [76.073332, 33.92202], [76.166381, 33.873232], [76.209792, 33.794304], [76.235838, 33.728794], [76.232681, 33.649865], [76.246099, 33.574094], [76.305295, 33.551994], [76.385747, 33.53866], [76.488031, 33.502231], [76.577838, 33.427705], [76.646566, 33.352107], [76.688729, 33.270763], [76.739843, 33.197406], [76.625949, 33.189292], [76.611893, 33.193917], [76.558562, 33.23146], [76.542439, 33.232856], [76.512157, 33.217223], [76.396712, 33.197716], [76.353304, 33.180094], [76.294289, 33.147899], [76.28106, 33.136453], [76.274755, 33.12679], [76.274239, 33.116609], [76.270828, 33.103535], [76.261733, 33.086456], [76.237032, 33.063486], [76.215948, 33.051084], [76.194657, 33.043281], [76.152799, 33.032299], [76.100813, 33.01305], [76.081692, 33.000803], [76.075491, 32.993284], [76.05141, 32.969461], [75.972448, 32.911041], [75.954672, 32.901377], [75.943613, 32.898121], [75.935965, 32.903237], [75.919842, 32.920265], [75.911677, 32.925898], [75.903099, 32.928921], [75.893797, 32.930807], [75.869612, 32.940005], [75.858554, 32.94215], [75.846048, 32.942227], [75.826411, 32.938067], [75.814629, 32.931789], [75.806877, 32.923675], [75.803363, 32.911997], [75.804913, 32.898612], [75.811735, 32.884298], [75.82424, 32.870449], [75.858554, 32.839546], [75.869612, 32.827402], [75.876537, 32.81761], [75.880878, 32.80885], [75.886665, 32.79973], [75.903305, 32.781617], [75.9093, 32.772703], [75.9124, 32.761902], [75.913227, 32.755675], [75.903409, 32.736374], [75.901445, 32.702862], [75.904856, 32.691312], [75.924699, 32.651961], [75.926043, 32.641186], [75.925733, 32.630567], [75.922632, 32.617338], [75.920462, 32.61447], [75.912917, 32.610542], [75.895554, 32.596848], [75.865892, 32.560571], [75.867132, 32.547471], [75.85504, 32.526284], [75.847391, 32.516749], [75.839123, 32.506569], [75.828581, 32.497887], [75.818039, 32.494787], [75.797679, 32.481118], [75.743005, 32.464375], [75.736804, 32.4559], [75.732566, 32.437168], [75.729362, 32.429623], [75.723161, 32.424223], [75.705695, 32.412802], [75.698253, 32.406033], [75.682647, 32.399806], [75.611954, 32.395465], [75.5733, 32.374639], [75.537953, 32.345184], [75.5024, 32.300587], [75.480695, 32.30746], [75.474184, 32.312137], [75.464779, 32.317743], [75.451447, 32.324022], [75.444729, 32.330301], [75.442041, 32.336192], [75.444419, 32.353193], [75.441938, 32.359756], [75.43677, 32.360221], [75.422714, 32.353994], [75.414136, 32.34601], [75.390365, 32.335494], [75.327113, 32.339964], [75.298403, 32.332427], [75.230167, 32.380195], [75.196164, 32.3973], [75.125988, 32.411744], [75.092191, 32.429339], [75.054881, 32.455539], [75.023668, 32.466262], [74.990699, 32.463368], [74.948427, 32.44877], [74.906983, 32.445178], [74.83815, 32.474866], [74.799393, 32.47267], [74.763529, 32.462671], [74.724978, 32.46081]]]}}, {"type": "Feature", "properties": {"name": "Uttar Pradesh"}, "geometry": {"type": "Polygon", "coordinates": [[[82.673891, 27.696458], [82.679687, 27.694409], [82.69705, 27.669397], [82.709246, 27.630924], [82.718857, 27.556123], [82.72971, 27.518166], [82.752137, 27.494964], [82.876264, 27.487548], [82.901275, 27.480365], [82.947164, 27.457317], [83.010468, 27.443391], [83.132786, 27.444217], [83.169631, 27.431195], [83.21924, 27.393781], [83.231591, 27.381224], [83.243115, 27.362155], [83.249419, 27.348099], [83.259496, 27.338126], [83.282441, 27.330943], [83.304868, 27.331925], [83.32435, 27.341691], [83.341145, 27.356936], [83.362746, 27.385616], [83.369567, 27.398174], [83.370962, 27.410214], [83.355821, 27.428663], [83.353857, 27.44029], [83.355925, 27.452486], [83.360989, 27.462201], [83.387034, 27.470469], [83.480981, 27.469746], [83.590432, 27.45662], [83.663399, 27.43228], [83.801995, 27.365928], [83.847988, 27.351045], [83.85334, 27.346194], [83.853311, 27.346083], [83.851141, 27.337815], [83.848867, 27.332699], [83.84804, 27.329004], [83.849177, 27.326653], [83.883283, 27.330063], [83.890105, 27.328126], [83.892792, 27.323966], [83.892172, 27.313734], [83.88411, 27.286552], [83.885764, 27.280144], [83.890725, 27.27309], [83.904264, 27.261721], [83.912739, 27.256786], [83.924108, 27.248337], [83.929585, 27.242368], [83.942401, 27.222499], [83.942401, 27.20604], [83.938991, 27.189529], [83.938267, 27.164389], [83.941368, 27.154028], [83.948189, 27.144054], [83.97196, 27.128034], [83.979712, 27.119844], [83.992217, 27.091189], [83.998315, 27.082068], [84.015782, 27.069562], [84.02343, 27.059951], [84.027977, 27.044344], [84.028908, 27.030573], [84.027047, 27.002306], [84.027151, 26.999618], [84.059707, 26.93895], [84.070559, 26.923602], [84.086578, 26.915179], [84.098567, 26.911226], [84.11066, 26.905283], [84.122442, 26.893578], [84.149004, 26.876344], [84.158719, 26.876525], [84.16492, 26.880504], [84.171948, 26.886163], [84.178769, 26.890374], [84.187761, 26.893966], [84.197683, 26.895775], [84.207915, 26.89593], [84.216803, 26.894586], [84.226105, 26.891511], [84.23396, 26.884923], [84.240781, 26.8742], [84.246362, 26.853452], [84.247602, 26.836321], [84.247189, 26.821619], [84.240161, 26.772216], [84.241918, 26.763483], [84.246362, 26.757049], [84.256697, 26.754181], [84.274681, 26.755887], [84.283362, 26.755576], [84.293698, 26.75214], [84.306307, 26.744363], [84.381444, 26.677442], [84.388369, 26.669354], [84.39271, 26.661732], [84.39395, 26.65442], [84.39364, 26.649201], [84.382994, 26.641656], [84.229515, 26.640596], [84.191792, 26.6461], [84.16492, 26.653748], [84.154585, 26.653981], [84.137841, 26.650441], [84.106422, 26.650983], [84.099187, 26.649588], [84.092366, 26.644989], [84.086165, 26.637573], [84.080377, 26.624422], [84.071386, 26.591685], [84.066528, 26.581789], [84.060223, 26.571815], [84.054022, 26.564761], [84.045444, 26.559671], [84.034799, 26.555925], [83.994388, 26.54776], [83.990564, 26.545951], [83.987463, 26.543703], [83.983536, 26.538923], [83.971443, 26.520914], [83.967723, 26.51771], [83.963485, 26.515927], [83.959454, 26.517116], [83.95625, 26.520759], [83.95408, 26.527477], [83.95253, 26.53497], [83.950669, 26.541378], [83.947879, 26.546184], [83.944158, 26.549672], [83.939197, 26.551248], [83.932789, 26.550318], [83.925865, 26.546364], [83.922144, 26.540034], [83.920077, 26.53267], [83.919974, 26.501173], [83.919664, 26.500166], [83.918423, 26.484559], [83.920077, 26.473992], [83.926278, 26.464638], [83.941471, 26.456964], [83.955114, 26.453915], [83.969066, 26.45314], [83.980745, 26.454432], [83.990667, 26.4573], [83.997798, 26.460995], [84.002139, 26.464173], [84.006377, 26.468669], [84.010717, 26.471925], [84.015988, 26.473449], [84.026117, 26.46916], [84.04007, 26.459677], [84.067355, 26.436578], [84.086165, 26.426062], [84.103528, 26.41862], [84.177632, 26.40428], [84.184144, 26.400818], [84.186211, 26.394617], [84.185901, 26.383041], [84.179079, 26.368158], [84.162956, 26.345937], [84.161716, 26.337928], [84.163266, 26.328497], [84.171328, 26.312787], [84.187244, 26.292788], [84.186831, 26.287879], [84.18559, 26.284856], [84.166987, 26.274521], [84.146006, 26.276717], [84.137531, 26.278965], [84.127403, 26.280515], [84.120581, 26.280282], [84.11376, 26.278164], [84.107972, 26.274546], [84.096087, 26.26509], [84.089886, 26.261705], [84.080377, 26.25925], [84.02312, 26.254909], [84.00772, 26.25093], [84.001519, 26.247985], [83.997695, 26.245453], [83.992734, 26.241138], [83.988497, 26.235014], [83.985086, 26.227443], [83.984466, 26.217625], [83.988083, 26.208556], [83.998005, 26.199667], [84.022293, 26.18388], [84.038313, 26.161969], [84.064874, 26.103549], [84.073659, 26.100242], [84.087715, 26.091741], [84.09619, 26.091121], [84.107972, 26.086832], [84.129677, 26.073473], [84.140942, 26.070657], [84.150347, 26.066006], [84.160476, 26.055025], [84.168641, 26.042442], [84.175875, 26.022753], [84.185177, 26.020247], [84.196442, 26.019704], [84.206054, 26.015415], [84.210705, 26.006992], [84.219697, 25.974436], [84.225588, 25.963583], [84.230446, 25.956762], [84.243571, 25.943714], [84.261451, 25.931312], [84.279952, 25.927074], [84.298348, 25.928624], [84.332972, 25.938572], [84.344961, 25.940458], [84.374313, 25.940303], [84.383925, 25.935446], [84.396534, 25.923689], [84.407489, 25.909142], [84.41214, 25.895939], [84.419685, 25.889557], [84.456582, 25.869972], [84.470121, 25.865812], [84.50247, 25.867672], [84.519524, 25.866871], [84.531616, 25.862091], [84.605513, 25.799795], [84.610577, 25.791578], [84.612438, 25.78685], [84.610474, 25.773879], [84.599312, 25.761193], [84.600656, 25.747008], [84.592181, 25.738352], [84.585669, 25.735044], [84.542158, 25.705382], [84.535853, 25.703134], [84.524174, 25.700215], [84.49875, 25.699052], [84.486657, 25.700731], [84.479733, 25.703444], [84.464023, 25.711919], [84.438081, 25.718689], [84.419168, 25.730704], [84.387645, 25.759384], [84.372762, 25.765068], [84.355916, 25.760547], [84.33969, 25.752666], [84.32615, 25.748506], [84.314678, 25.74215], [84.312714, 25.719722], [84.324807, 25.692076], [84.32646, 25.68621], [84.327597, 25.680164], [84.328217, 25.674066], [84.328011, 25.668279], [84.32646, 25.663318], [84.324187, 25.658899], [84.318296, 25.654352], [84.309407, 25.649701], [84.289977, 25.643732], [84.276024, 25.641484], [84.258971, 25.641717], [84.250496, 25.643422], [84.243881, 25.645722], [84.238921, 25.64797], [84.229929, 25.653499], [84.226105, 25.65691], [84.222384, 25.660837], [84.219387, 25.665643], [84.216803, 25.670966], [84.214736, 25.676857], [84.213392, 25.68311], [84.212876, 25.68913], [84.213186, 25.694582], [84.214116, 25.699284], [84.215253, 25.708638], [84.215046, 25.721479], [84.212876, 25.728042], [84.179803, 25.745948], [84.143422, 25.736207], [84.058156, 25.67373], [84.003379, 25.60823], [83.981882, 25.589317], [83.918113, 25.549268], [83.908398, 25.538131], [83.904264, 25.529476], [83.886901, 25.517022], [83.854861, 25.501984], [83.817654, 25.490227], [83.81135, 25.486042], [83.805872, 25.476042], [83.801324, 25.464131], [83.774866, 25.444959], [83.670066, 25.388476], [83.531987, 25.315742], [83.515554, 25.306802], [83.483618, 25.284193], [83.469975, 25.27701], [83.416128, 25.254376], [83.384089, 25.235928], [83.371997, 25.226833], [83.357321, 25.212828], [83.345952, 25.198979], [83.341404, 25.191615], [83.337684, 25.183295], [83.334273, 25.172624], [83.329829, 25.145778], [83.325488, 25.089683], [83.323007, 25.079012], [83.323317, 25.068005], [83.326521, 25.058419], [83.33758, 25.03855], [83.359904, 25.008965], [83.363522, 25.000774], [83.364245, 24.998397], [83.366622, 24.968657], [83.365692, 24.931295], [83.363315, 24.914939], [83.359284, 24.903364], [83.355564, 24.897163], [83.352773, 24.888016], [83.35484, 24.875045], [83.360214, 24.863263], [83.381919, 24.843626], [83.391737, 24.840758], [83.398248, 24.837141], [83.404139, 24.831715], [83.423983, 24.802362], [83.432561, 24.792492], [83.444447, 24.783423], [83.45778, 24.775904], [83.471836, 24.770349], [83.508836, 24.762081], [83.517828, 24.755414], [83.523615, 24.746345], [83.529817, 24.726321], [83.531884, 24.713815], [83.530953, 24.703583], [83.512247, 24.675419], [83.510903, 24.667435], [83.512453, 24.660407], [83.523305, 24.638367], [83.525372, 24.62891], [83.522375, 24.61594], [83.520205, 24.592634], [83.525166, 24.558501], [83.523099, 24.529666], [83.437832, 24.520933], [83.421193, 24.512096], [83.40693, 24.502794], [83.401659, 24.498298], [83.398352, 24.493311], [83.395871, 24.487705], [83.394528, 24.481452], [83.394218, 24.474424], [83.395251, 24.466905], [83.397938, 24.457215], [83.408584, 24.432876], [83.415198, 24.422334], [83.421709, 24.413652], [83.436075, 24.398046], [83.448685, 24.380424], [83.452405, 24.371278], [83.453956, 24.361588], [83.451578, 24.353682], [83.446824, 24.345956], [83.420469, 24.313917], [83.416232, 24.305364], [83.415508, 24.296786], [83.415818, 24.288931], [83.415302, 24.276736], [83.412098, 24.26808], [83.407653, 24.260716], [83.380575, 24.232165], [83.366726, 24.210667], [83.360214, 24.198342], [83.337063, 24.140232], [83.326211, 24.124471], [83.314946, 24.093568], [83.309778, 24.084318], [83.301923, 24.077575], [83.269161, 24.059152], [83.259962, 24.047783], [83.255001, 24.034451], [83.253038, 24.005615], [83.251797, 23.999957], [83.248697, 23.99391], [83.227716, 23.961303], [83.221308, 23.954223], [83.215004, 23.948978], [83.206322, 23.944017], [83.183584, 23.936446], [83.156196, 23.930865], [83.145964, 23.927765], [83.116405, 23.915104], [83.104003, 23.91221], [83.08881, 23.911047], [83.041474, 23.916964], [83.005197, 23.917791], [82.975432, 23.91376], [82.964373, 23.913915], [82.936468, 23.920168], [82.912283, 23.93071], [82.894093, 23.942156], [82.839419, 23.989647], [82.800869, 23.998716], [82.769656, 24.041298], [82.749296, 24.058299], [82.741234, 24.061917], [82.734516, 24.06587], [82.732656, 24.072639], [82.734826, 24.082277], [82.73865, 24.093904], [82.738754, 24.107495], [82.736067, 24.11504], [82.730485, 24.121034], [82.71798, 24.128812], [82.700306, 24.142118], [82.687077, 24.155813], [82.679429, 24.166768], [82.673848, 24.180333], [82.674985, 24.186896], [82.680669, 24.190979], [82.688524, 24.192632], [82.708988, 24.194234], [82.7217, 24.201185], [82.732863, 24.21413], [82.741131, 24.277795], [82.757564, 24.304512], [82.762215, 24.317353], [82.764799, 24.33004], [82.766969, 24.386031], [82.763455, 24.399054], [82.756944, 24.40696], [82.739684, 24.413911], [82.734103, 24.419698], [82.732553, 24.427295], [82.732863, 24.440369], [82.742784, 24.48618], [82.743301, 24.506696], [82.735343, 24.527237], [82.733896, 24.542352], [82.734413, 24.551628], [82.739684, 24.559897], [82.744955, 24.565245], [82.750226, 24.567958], [82.756014, 24.568346], [82.782989, 24.559586], [82.796941, 24.560904], [82.808414, 24.566408], [82.817612, 24.580929], [82.818025, 24.589404], [82.814821, 24.596303], [82.801489, 24.60731], [82.794771, 24.616766], [82.78919, 24.628135], [82.783402, 24.651571], [82.778958, 24.661492], [82.772137, 24.668314], [82.764695, 24.669838], [82.731726, 24.671492], [82.723561, 24.673559], [82.716533, 24.680432], [82.715293, 24.687667], [82.717463, 24.710869], [82.714569, 24.717768], [82.708161, 24.721515], [82.70072, 24.721515], [82.692245, 24.719809], [82.623929, 24.691878], [82.611526, 24.688907], [82.595093, 24.687744], [82.549101, 24.691878], [82.453396, 24.722006], [82.441408, 24.721437], [82.427145, 24.718569], [82.424664, 24.710637], [82.423424, 24.701955], [82.423321, 24.692731], [82.424044, 24.683868], [82.427765, 24.667539], [82.427455, 24.658779], [82.423631, 24.647514], [82.409678, 24.635628], [82.395209, 24.632166], [82.357072, 24.636714], [82.307049, 24.632011], [82.302708, 24.638135], [82.308806, 24.646661], [82.326169, 24.679915], [82.323379, 24.693764], [82.319038, 24.702033], [82.310046, 24.706503], [82.301984, 24.709319], [82.294956, 24.709474], [82.289272, 24.707691], [82.285138, 24.705056], [82.280797, 24.704591], [82.276146, 24.705443], [82.268085, 24.710869], [82.265191, 24.715443], [82.263744, 24.7226], [82.267155, 24.76606], [82.266431, 24.785128], [82.26302, 24.791174], [82.257853, 24.791717], [82.253202, 24.786989], [82.249791, 24.782338], [82.24235, 24.768824], [82.238319, 24.763915], [82.233255, 24.758747], [82.22602, 24.756267], [82.218785, 24.757275], [82.208037, 24.764303], [82.204936, 24.770659], [82.205143, 24.778152], [82.209174, 24.785516], [82.212894, 24.794585], [82.216408, 24.806264], [82.215375, 24.827296], [82.212378, 24.836908], [82.208657, 24.843109], [82.204833, 24.845331], [82.201422, 24.845926], [82.195531, 24.843936], [82.155017, 24.816315], [82.146645, 24.812388], [82.137447, 24.809184], [82.129695, 24.807633], [82.122151, 24.808098], [82.118223, 24.808796], [82.105511, 24.813369], [82.056625, 24.849285], [82.033164, 24.859491], [82.023862, 24.860317], [81.999781, 24.85993], [81.980247, 24.861894], [81.968982, 24.864994], [81.956062, 24.871015], [81.881132, 24.921528], [81.873173, 24.929977], [81.868729, 24.936954], [81.866559, 24.942871], [81.866869, 24.947702], [81.869349, 24.954136], [81.873484, 24.961862], [81.875241, 24.970905], [81.874, 24.980207], [81.861701, 24.997699], [81.859738, 25.000051], [81.859738, 25.000981], [81.85395, 25.013616], [81.842064, 25.027077], [81.831005, 25.032865], [81.817156, 25.035759], [81.808061, 25.035501], [81.8, 25.034415], [81.792972, 25.032012], [81.777469, 25.024003], [81.76579, 25.020669], [81.752767, 25.020489], [81.734474, 25.0247], [81.726722, 25.029842], [81.721555, 25.038059], [81.719591, 25.049117], [81.71463, 25.060512], [81.707602, 25.065292], [81.665124, 25.064465], [81.624817, 25.07431], [81.599495, 25.076377], [81.585232, 25.079632], [81.577894, 25.084542], [81.57345, 25.091544], [81.57345, 25.098158], [81.575104, 25.103378], [81.578514, 25.10839], [81.580581, 25.111853], [81.579961, 25.116503], [81.576344, 25.123712], [81.567352, 25.134487], [81.563322, 25.143039], [81.558464, 25.170996], [81.536967, 25.199754], [81.444466, 25.174691], [81.425345, 25.164821], [81.428343, 25.16079], [81.433407, 25.156423], [81.462036, 25.140094], [81.467927, 25.133789], [81.469167, 25.126942], [81.46555, 25.117382], [81.456868, 25.111413], [81.445706, 25.107383], [81.418421, 25.104127], [81.391446, 25.10516], [81.379147, 25.10777], [81.369638, 25.11162], [81.365608, 25.115883], [81.364884, 25.121232], [81.366228, 25.128492], [81.370568, 25.141127], [81.371395, 25.144512], [81.370775, 25.148698], [81.367675, 25.153271], [81.360543, 25.156966], [81.337909, 25.163348], [81.3253, 25.168102], [81.309177, 25.171926], [81.296775, 25.169963], [81.281065, 25.164588], [81.268766, 25.16464], [81.256984, 25.168257], [81.243238, 25.169523], [81.23652, 25.165028], [81.234039, 25.156372], [81.241067, 25.125624], [81.241481, 25.115186], [81.240447, 25.104618], [81.239, 25.098081], [81.235486, 25.089115], [81.222567, 25.068496], [81.206237, 25.049298], [81.180503, 25.025139], [81.177092, 25.018732], [81.174611, 25.011083], [81.173371, 25.001291], [81.173371, 25.000361], [81.173888, 24.99943], [81.177402, 24.993565], [81.181433, 24.985349], [81.183293, 24.980181], [81.184843, 24.97292], [81.184533, 24.96628], [81.181433, 24.958141], [81.175232, 24.953748], [81.170477, 24.951733], [81.148256, 24.950932], [81.137404, 24.948684], [81.131203, 24.945377], [81.124382, 24.939021], [81.09813, 24.908609], [81.068675, 24.921296], [81.030951, 24.952973], [81.014931, 24.962378], [81.004699, 24.966435], [80.998808, 24.96566], [80.972453, 24.955971], [80.960464, 24.953361], [80.943721, 24.953258], [80.932559, 24.957133], [80.924911, 24.962249], [80.915196, 24.974445], [80.907548, 24.981344], [80.900416, 24.983902], [80.892975, 24.984134], [80.840368, 24.970569], [80.833237, 24.969665], [80.805022, 24.968812], [80.778667, 24.971499], [80.767091, 24.977003], [80.761717, 24.983307], [80.762027, 24.991033], [80.764507, 24.999198], [80.764921, 25.000051], [80.776496, 25.010773], [80.783111, 25.018732], [80.786521, 25.024519], [80.790552, 25.032555], [80.791792, 25.03948], [80.792413, 25.050745], [80.793859, 25.055344], [80.79572, 25.059944], [80.799751, 25.065292], [80.804091, 25.07002], [80.822075, 25.083327], [80.824349, 25.087358], [80.827449, 25.116038], [80.82993, 25.124849], [80.858868, 25.187558], [80.859489, 25.200684], [80.856181, 25.207997], [80.848326, 25.214017], [80.843055, 25.216187], [80.835407, 25.217738], [80.828689, 25.217893], [80.819904, 25.216704], [80.811843, 25.214379], [80.806055, 25.212156], [80.802231, 25.209831], [80.79882, 25.206524], [80.79634, 25.202777], [80.79417, 25.197894], [80.787762, 25.174226], [80.783628, 25.168128], [80.777426, 25.16309], [80.769778, 25.160015], [80.761097, 25.158387], [80.686579, 25.156217], [80.676244, 25.154589], [80.670043, 25.152263], [80.666425, 25.149706], [80.665805, 25.146192], [80.668286, 25.142393], [80.673247, 25.138698], [80.717275, 25.112163], [80.72575, 25.104153], [80.729161, 25.095394], [80.72637, 25.087823], [80.717895, 25.081984], [80.70787, 25.080227], [80.686166, 25.079787], [80.675624, 25.077694], [80.657227, 25.071803], [80.647202, 25.070098], [80.63883, 25.073431], [80.630872, 25.07847], [80.605861, 25.101362], [80.599659, 25.110018], [80.594699, 25.119139], [80.586224, 25.139112], [80.579506, 25.147923], [80.573304, 25.151488], [80.564623, 25.152444], [80.558628, 25.150946], [80.552427, 25.14738], [80.550877, 25.142342], [80.5516, 25.135029], [80.553771, 25.125883], [80.554288, 25.117434], [80.5516, 25.111232], [80.546433, 25.107538], [80.538681, 25.10529], [80.530206, 25.104127], [80.520595, 25.103739], [80.488245, 25.108778], [80.472432, 25.116038], [80.46282, 25.117899], [80.458479, 25.117046], [80.457446, 25.113894], [80.457756, 25.109501], [80.46034, 25.098727], [80.46251, 25.092991], [80.465301, 25.081389], [80.470262, 25.073741], [80.478323, 25.067643], [80.504575, 25.056998], [80.511086, 25.053329], [80.513877, 25.050461], [80.515117, 25.040668], [80.47822, 25.018344], [80.469538, 25.016225], [80.458376, 25.01514], [80.451968, 25.018654], [80.446904, 25.023589], [80.430057, 25.0455], [80.413521, 25.062424], [80.4067, 25.063768], [80.404012, 25.061752], [80.403702, 25.057153], [80.404529, 25.051133], [80.411351, 25.027362], [80.411144, 25.019507], [80.40701, 25.013357], [80.400292, 25.011239], [80.391817, 25.012065], [80.384686, 25.014365], [80.376211, 25.017956], [80.367116, 25.020669], [80.351303, 25.023202], [80.337453, 25.021057], [80.308308, 25.011368], [80.297146, 25.012065], [80.288257, 25.016225], [80.277095, 25.031418], [80.271824, 25.041082], [80.265313, 25.063819], [80.265313, 25.072268], [80.266967, 25.084464], [80.26986, 25.088598], [80.273891, 25.089425], [80.276785, 25.086944], [80.282056, 25.085704], [80.289187, 25.084877], [80.30469, 25.08927], [80.312028, 25.095006], [80.31978, 25.105626], [80.339624, 25.124203], [80.345721, 25.131464], [80.350166, 25.139577], [80.354506, 25.143814], [80.360088, 25.14676], [80.366599, 25.148879], [80.3728, 25.151902], [80.385926, 25.159602], [80.402359, 25.165751], [80.413314, 25.171125], [80.418585, 25.175854], [80.421996, 25.180737], [80.421996, 25.185982], [80.420342, 25.191331], [80.411971, 25.206498], [80.409904, 25.212079], [80.40763, 25.229468], [80.405769, 25.235075], [80.402979, 25.24001], [80.399362, 25.244041], [80.395021, 25.246676], [80.39006, 25.247296], [80.384996, 25.245901], [80.380241, 25.244118], [80.375797, 25.244118], [80.37187, 25.246806], [80.363395, 25.261921], [80.359777, 25.266158], [80.355747, 25.269569], [80.342104, 25.277165], [80.326498, 25.282256], [80.322054, 25.288276], [80.318953, 25.298585], [80.317093, 25.337317], [80.312338, 25.368659], [80.309238, 25.377805], [80.305827, 25.384704], [80.290118, 25.404496], [80.283606, 25.41447], [80.275752, 25.416485], [80.267897, 25.417183], [80.253531, 25.414728], [80.234927, 25.409664], [80.227899, 25.408656], [80.220975, 25.409586], [80.205575, 25.415865], [80.198134, 25.416433], [80.191106, 25.413333], [80.187282, 25.408294], [80.180874, 25.394213], [80.175189, 25.387262], [80.167748, 25.38026], [80.124546, 25.350959], [80.121342, 25.349693], [80.116485, 25.349616], [80.110594, 25.351166], [80.087029, 25.361631], [80.015302, 25.330909], [79.999076, 25.32016], [79.973134, 25.29719], [79.93479, 25.270422], [79.91536, 25.259802], [79.901097, 25.255771], [79.876396, 25.254686], [79.852108, 25.247839], [79.840429, 25.240682], [79.834745, 25.2343], [79.833815, 25.228796], [79.833815, 25.223603], [79.834848, 25.217712], [79.837019, 25.211123], [79.841566, 25.203087], [79.847767, 25.195103], [79.8642, 25.17743], [79.867714, 25.170583], [79.869161, 25.163865], [79.866991, 25.155829], [79.86327, 25.153245], [79.850971, 25.150946], [79.838466, 25.147225], [79.814488, 25.1349], [79.801672, 25.131929], [79.791853, 25.133841], [79.779348, 25.148853], [79.77356, 25.153555], [79.767566, 25.156191], [79.762501, 25.156914], [79.736663, 25.152341], [79.661112, 25.148078], [79.648503, 25.149266], [79.61729, 25.157354], [79.578223, 25.174639], [79.566131, 25.17836], [79.560033, 25.179368], [79.553728, 25.179032], [79.541636, 25.176551], [79.531198, 25.168722], [79.522206, 25.158439], [79.505876, 25.127562], [79.500812, 25.120224], [79.493784, 25.113997], [79.479521, 25.105548], [79.468152, 25.103843], [79.45854, 25.105987], [79.453269, 25.111103], [79.450789, 25.117304], [79.449549, 25.124436], [79.448205, 25.130223], [79.445518, 25.136347], [79.438077, 25.141644], [79.426915, 25.14508], [79.408621, 25.144667], [79.399009, 25.141334], [79.393842, 25.136812], [79.392601, 25.13074], [79.393532, 25.113945], [79.396012, 25.099476], [79.396219, 25.085498], [79.391981, 25.074129], [79.357668, 25.071106], [79.347126, 25.075214], [79.337411, 25.081105], [79.332553, 25.088986], [79.3309, 25.099347], [79.3309, 25.11193], [79.33307, 25.1272], [79.335861, 25.138363], [79.339065, 25.147406], [79.344232, 25.154201], [79.368727, 25.175001], [79.377719, 25.18792], [79.390328, 25.214792], [79.424744, 25.257192], [79.439627, 25.286338], [79.441797, 25.297268], [79.437973, 25.302203], [79.430325, 25.299335], [79.422574, 25.293831], [79.4049, 25.277863], [79.397769, 25.27484], [79.389087, 25.275538], [79.379476, 25.279672], [79.369967, 25.280989], [79.358908, 25.278716], [79.348056, 25.273496], [79.340615, 25.266391], [79.335861, 25.25957], [79.332553, 25.253317], [79.328523, 25.247968], [79.323872, 25.244428], [79.317567, 25.242413], [79.310332, 25.243808], [79.303511, 25.248459], [79.294519, 25.259415], [79.290695, 25.269698], [79.289559, 25.279543], [79.291005, 25.287372], [79.292866, 25.293314], [79.297, 25.302849], [79.321701, 25.339358], [79.324802, 25.349797], [79.323562, 25.355765], [79.317567, 25.362173], [79.311573, 25.36455], [79.302478, 25.364576], [79.275916, 25.334035], [79.26434, 25.308946], [79.261963, 25.295924], [79.26186, 25.287191], [79.2631, 25.274737], [79.287285, 25.205568], [79.290695, 25.188773], [79.290489, 25.177507], [79.286768, 25.169032], [79.279533, 25.164278], [79.268991, 25.164123], [79.24553, 25.172314], [79.234678, 25.175079], [79.226307, 25.175234], [79.218555, 25.174536], [79.209977, 25.172934], [79.192097, 25.180324], [79.182382, 25.182288], [79.17153, 25.181667], [79.160161, 25.174691], [79.152409, 25.166139], [79.142797, 25.150713], [79.133909, 25.145365], [79.125848, 25.14384], [79.119233, 25.147845], [79.115926, 25.153814], [79.111895, 25.186008], [79.109001, 25.195026], [79.100319, 25.196731], [79.084713, 25.195258], [79.051537, 25.18128], [79.034897, 25.176396], [79.024045, 25.174639], [79.017224, 25.178386], [79.012159, 25.18407], [79.008749, 25.191589], [79.008232, 25.202932], [79.011333, 25.213991], [79.017844, 25.225902], [79.043992, 25.250552], [79.047403, 25.256934], [79.045852, 25.260422], [79.043372, 25.262825], [79.032107, 25.26776], [79.028386, 25.271404], [79.026215, 25.274142], [79.021565, 25.277398], [79.01433, 25.281248], [78.99862, 25.282695], [78.990869, 25.280783], [78.986735, 25.276235], [78.985804, 25.268484], [78.986425, 25.258407], [78.986115, 25.247503], [78.983427, 25.237375], [78.972989, 25.228176], [78.961517, 25.225747], [78.947771, 25.224145], [78.937849, 25.21965], [78.930407, 25.213784], [78.916868, 25.196188], [78.90767, 25.186396], [78.891133, 25.175389], [78.879454, 25.174794], [78.869843, 25.180505], [78.863951, 25.191615], [78.862091, 25.206834], [78.863125, 25.221071], [78.867672, 25.237736], [78.87501, 25.252283], [78.885035, 25.265538], [78.899195, 25.27701], [78.923069, 25.291402], [78.929167, 25.296079], [78.935472, 25.304063], [78.937539, 25.312796], [78.937229, 25.32184], [78.934231, 25.337239], [78.934128, 25.346489], [78.936609, 25.357212], [78.954902, 25.385712], [78.957486, 25.397727], [78.959966, 25.426536], [78.959966, 25.433332], [78.958106, 25.437776], [78.953145, 25.442349], [78.948184, 25.443098], [78.939399, 25.441858], [78.928857, 25.438939], [78.916661, 25.437982], [78.909117, 25.441393], [78.906119, 25.446587], [78.908497, 25.454467], [78.913147, 25.462891], [78.917488, 25.474078], [78.919349, 25.485344], [78.919142, 25.504593], [78.916971, 25.51436], [78.913147, 25.525341], [78.901158, 25.536194], [78.891133, 25.538106], [78.879351, 25.533868], [78.869739, 25.525057], [78.861781, 25.515032], [78.85527, 25.502087], [78.853513, 25.497255], [78.852479, 25.491003], [78.851859, 25.481262], [78.854753, 25.444726], [78.853099, 25.434029], [78.846381, 25.425942], [78.835529, 25.419741], [78.816926, 25.417183], [78.806694, 25.420645], [78.800803, 25.426872], [78.799253, 25.438939], [78.800286, 25.477618], [78.797185, 25.499762], [78.795532, 25.503896], [78.792431, 25.509658], [78.781889, 25.524024], [78.763079, 25.510872], [78.754811, 25.508314], [78.744165, 25.506686], [78.734244, 25.501984], [78.726906, 25.494465], [78.724115, 25.484414], [78.722565, 25.461728], [78.726182, 25.455552], [78.745199, 25.4393], [78.747886, 25.433745], [78.748816, 25.426149], [78.745716, 25.416795], [78.735174, 25.402739], [78.731453, 25.395918], [78.730316, 25.387882], [78.732073, 25.380803], [78.737448, 25.368297], [78.738274, 25.359796], [78.736207, 25.351735], [78.727526, 25.346386], [78.718844, 25.347807], [78.710989, 25.353517], [78.698794, 25.366721], [78.691042, 25.373154], [78.675229, 25.382508], [78.670165, 25.388657], [78.664894, 25.401628], [78.660863, 25.405891], [78.652285, 25.409457], [78.631511, 25.415503], [78.611667, 25.415426], [78.597094, 25.414005], [78.588516, 25.410827], [78.582108, 25.406744], [78.577767, 25.401008], [78.575804, 25.394032], [78.576734, 25.387495], [78.578698, 25.381965], [78.580455, 25.37517], [78.579318, 25.369925], [78.575597, 25.364421], [78.562264, 25.354422], [78.55503, 25.347626], [78.530432, 25.315664], [78.5202, 25.298818], [78.515756, 25.289232], [78.513379, 25.281093], [78.513585, 25.273367], [78.515859, 25.26621], [78.521647, 25.258484], [78.528881, 25.252077], [78.548622, 25.237762], [78.561851, 25.226057], [78.573737, 25.212156], [78.609807, 25.136321], [78.617868, 25.108881], [78.619522, 25.064672], [78.640192, 24.96411], [78.648874, 24.940726], [78.659106, 24.924319], [78.697553, 24.888636], [78.709749, 24.873728], [78.723702, 24.848716], [78.729593, 24.830526], [78.732073, 24.81492], [78.731556, 24.768592], [78.735794, 24.737638], [78.736207, 24.725545], [78.734347, 24.71583], [78.731143, 24.708156], [78.719464, 24.693609], [78.715433, 24.685109], [78.715123, 24.668701], [78.719774, 24.656402], [78.726802, 24.643406], [78.733107, 24.635422], [78.740135, 24.631003], [78.750367, 24.629841], [78.762149, 24.632166], [78.791501, 24.642088], [78.814135, 24.646274], [78.827054, 24.647101], [78.842041, 24.644646], [78.85651, 24.6386], [78.871083, 24.625732], [78.878731, 24.613201], [78.883795, 24.598602], [78.887826, 24.582712], [78.893407, 24.571291], [78.913147, 24.547546], [78.922449, 24.533309], [78.921622, 24.523361], [78.914801, 24.508117], [78.913768, 24.502794], [78.913561, 24.500546], [78.913768, 24.498092], [78.914181, 24.494681], [78.916248, 24.4868], [78.920382, 24.483131], [78.928547, 24.480651], [78.938882, 24.480289], [78.959863, 24.477059], [78.97826, 24.467422], [78.978466, 24.440033], [78.972369, 24.422566], [78.964617, 24.40541], [78.955005, 24.392542], [78.946944, 24.384507], [78.935678, 24.375463], [78.901985, 24.34637], [78.889066, 24.324149], [78.879661, 24.296373], [78.866845, 24.272136], [78.851652, 24.254515], [78.825814, 24.230149], [78.809795, 24.220227], [78.792121, 24.217385], [78.775378, 24.224568], [78.762149, 24.235653], [78.755844, 24.249192], [78.754087, 24.260328], [78.753777, 24.269966], [78.7514, 24.276581], [78.746646, 24.279423], [78.736207, 24.28043], [78.720911, 24.28012], [78.688768, 24.282911], [78.673265, 24.287071], [78.655902, 24.29459], [78.640503, 24.304744], [78.61084, 24.332908], [78.590376, 24.345362], [78.535806, 24.388589], [78.509244, 24.403007], [78.489401, 24.410784], [78.477722, 24.411637], [78.468833, 24.408045], [78.463252, 24.401767], [78.457361, 24.393111], [78.45271, 24.384481], [78.449196, 24.373681], [78.447956, 24.363397], [78.447439, 24.353837], [78.446199, 24.345569], [78.442375, 24.337378], [78.435037, 24.328076], [78.423462, 24.318258], [78.408062, 24.308439], [78.385531, 24.30123], [78.370545, 24.30247], [78.356489, 24.309163], [78.345844, 24.318904], [78.335715, 24.331022], [78.330134, 24.342029], [78.329204, 24.353682], [78.331891, 24.363707], [78.350184, 24.392568], [78.352148, 24.400733], [78.350494, 24.407968], [78.344397, 24.414737], [78.334991, 24.420241], [78.309257, 24.430835], [78.291997, 24.441919], [78.277527, 24.453107], [78.272256, 24.467422], [78.269879, 24.477679], [78.263265, 24.480651], [78.254273, 24.482072], [78.244351, 24.487885], [78.242284, 24.493001], [78.227401, 24.518194], [78.223887, 24.519227], [78.228848, 24.532741], [78.254273, 24.564857], [78.264815, 24.583487], [78.270396, 24.603176], [78.272256, 24.62444], [78.270086, 24.628678], [78.260577, 24.639039], [78.257994, 24.64493], [78.263781, 24.662707], [78.264815, 24.669141], [78.261301, 24.692653], [78.252309, 24.707226], [78.241147, 24.719034], [78.230708, 24.734305], [78.226884, 24.752727], [78.227091, 24.773294], [78.224921, 24.79412], [78.197842, 24.83944], [78.193088, 24.843548], [78.181926, 24.846572], [78.173658, 24.854478], [78.16911, 24.865459], [78.169213, 24.877681], [78.180376, 24.892512], [78.225954, 24.926334], [78.25727, 24.940209], [78.312667, 24.987545], [78.324863, 25.002169], [78.336542, 25.022995], [78.340676, 25.04581], [78.330341, 25.066377], [78.330444, 25.081984], [78.335095, 25.087978], [78.338712, 25.114721], [78.342226, 25.130534], [78.345533, 25.139241], [78.359589, 25.15893], [78.366307, 25.186008], [78.364757, 25.196757], [78.36052, 25.210451], [78.348117, 25.228254], [78.297681, 25.327808], [78.284245, 25.344681], [78.272256, 25.356205], [78.256443, 25.37672], [78.251792, 25.388425], [78.251172, 25.39783], [78.254893, 25.403979], [78.261921, 25.411705], [78.330031, 25.464777], [78.346567, 25.486429], [78.356696, 25.539604], [78.370545, 25.552678], [78.460669, 25.574641], [78.481753, 25.577664], [78.495705, 25.578258], [78.526401, 25.572935], [78.546451, 25.572574], [78.55844, 25.575545], [78.572083, 25.582444], [78.582625, 25.59035], [78.616111, 25.60761], [78.714503, 25.62593], [78.747576, 25.642725], [78.75171, 25.649236], [78.753467, 25.653938], [78.754397, 25.658124], [78.754501, 25.6651], [78.753571, 25.674273], [78.750057, 25.686107], [78.744889, 25.69807], [78.731866, 25.720782], [78.728456, 25.730523], [78.727112, 25.740212], [78.727836, 25.750186], [78.729593, 25.760702], [78.733313, 25.774164], [78.739825, 25.789796], [78.748816, 25.800544], [78.760909, 25.808761], [78.774551, 25.815634], [78.790984, 25.826796], [78.808348, 25.84155], [78.823954, 25.876535], [78.835219, 25.905732], [78.879661, 25.95609], [78.886792, 25.969242], [78.890513, 25.978931], [78.893407, 26.000041], [78.914388, 26.042752], [78.94653, 26.088253], [78.953145, 26.100319], [78.954075, 26.109983], [78.949011, 26.115305], [78.932681, 26.124659], [78.924826, 26.133186], [78.919969, 26.144658], [78.918418, 26.163442], [78.921312, 26.172666], [78.9271, 26.178067], [78.94529, 26.184319], [78.954075, 26.191967], [78.956556, 26.197807], [78.955625, 26.203905], [78.94436, 26.219666], [78.938572, 26.230466], [78.935782, 26.244781], [78.938159, 26.254599], [78.942293, 26.261524], [78.955832, 26.273229], [78.963274, 26.278086], [78.971128, 26.28129], [78.980637, 26.284003], [79.008232, 26.2893], [79.019291, 26.293796], [79.028386, 26.301108], [79.036344, 26.310074], [79.058565, 26.343044], [79.061149, 26.349374], [79.060839, 26.355084], [79.057738, 26.358624], [79.053294, 26.362267], [79.049366, 26.364541], [79.039651, 26.375057], [79.052054, 26.411489], [79.049263, 26.44066], [79.040995, 26.467997], [79.028076, 26.497556], [78.974436, 26.571583], [78.959966, 26.596671], [78.945704, 26.635584], [78.938159, 26.66814], [78.938469, 26.675943], [78.937745, 26.677726], [78.937745, 26.68695], [78.935782, 26.694443], [78.926067, 26.706225], [78.919349, 26.707827], [78.905086, 26.708086], [78.87346, 26.700567], [78.861264, 26.701265], [78.842351, 26.711936], [78.812172, 26.74767], [78.792431, 26.762088], [78.781993, 26.763845], [78.770831, 26.76356], [78.761942, 26.76524], [78.758325, 26.772966], [78.754501, 26.78573], [78.745406, 26.789218], [78.734244, 26.785445], [78.724115, 26.776376], [78.710059, 26.798881], [78.693213, 26.797874], [78.655282, 26.776376], [78.64257, 26.775136], [78.622519, 26.777306], [78.614251, 26.776376], [78.606603, 26.771131], [78.601745, 26.764336], [78.595234, 26.758393], [78.583245, 26.755887], [78.563505, 26.758496], [78.518029, 26.783198], [78.498702, 26.78821], [78.461599, 26.792267], [78.446096, 26.799967], [78.438344, 26.8087], [78.433487, 26.816684], [78.428112, 26.822549], [78.418707, 26.824797], [78.39597, 26.824177], [78.384911, 26.826812], [78.371475, 26.851049], [78.350598, 26.858464], [78.326103, 26.859808], [78.286002, 26.854847], [78.280318, 26.851436], [78.272256, 26.844641], [78.2582, 26.821335], [78.254893, 26.81733], [78.233912, 26.819784], [78.219236, 26.823893], [78.200116, 26.823583], [78.197842, 26.831153], [78.193605, 26.839835], [78.187197, 26.847741], [78.177585, 26.856991], [78.173451, 26.863503], [78.172624, 26.868619], [78.175311, 26.873476], [78.179755, 26.875027], [78.188437, 26.87482], [78.197532, 26.876138], [78.208074, 26.88221], [78.241354, 26.911484], [78.246521, 26.91784], [78.246005, 26.922905], [78.242594, 26.927271], [78.23691, 26.931354], [78.231019, 26.934661], [78.22306, 26.937064], [78.200736, 26.939183], [78.190918, 26.941663], [78.181202, 26.945901], [78.1688, 26.948924], [78.15185, 26.950939], [78.122085, 26.949544], [78.106892, 26.947296], [78.094283, 26.940036], [78.088392, 26.934687], [78.078883, 26.928667], [78.074749, 26.923447], [78.071028, 26.917039], [78.066067, 26.912311], [78.058109, 26.910063], [78.037025, 26.911252], [78.029274, 26.910012], [78.023176, 26.905412], [78.021316, 26.899935], [78.020902, 26.892803], [78.021316, 26.874872], [78.019145, 26.86836], [78.016251, 26.866655], [78.009843, 26.870066], [78.006433, 26.874742], [78.003849, 26.880608], [78.000748, 26.890659], [77.997441, 26.895077], [77.989069, 26.901278], [77.976564, 26.904379], [77.917446, 26.907738], [77.888817, 26.915024], [77.879102, 26.915024], [77.8698, 26.913086], [77.857295, 26.904896], [77.852644, 26.90288], [77.847063, 26.905671], [77.843652, 26.909288], [77.838898, 26.912957], [77.832076, 26.916187], [77.821845, 26.919365], [77.76066, 26.926729], [77.733788, 26.933498], [77.720455, 26.933964], [77.704642, 26.929752], [77.69224, 26.92231], [77.665058, 26.896782], [77.64139, 26.883243], [77.510546, 26.833324], [77.500624, 26.831179], [77.492252, 26.830998], [77.4783, 26.835856], [77.472098, 26.836553], [77.466311, 26.833401], [77.454528, 26.807408], [77.44626, 26.795341], [77.431894, 26.781234], [77.406986, 26.775136], [77.397891, 26.778883], [77.395824, 26.782422], [77.394894, 26.788546], [77.399235, 26.810431], [77.400475, 26.832394], [77.399131, 26.848129], [77.399545, 26.855519], [77.402232, 26.8642], [77.408743, 26.872649], [77.423316, 26.88438], [77.460833, 26.904224], [77.628471, 26.97316], [77.649555, 26.97918], [77.699991, 26.988715], [77.71229, 26.994735], [77.719112, 27.002926], [77.719215, 27.015793], [77.713841, 27.023364], [77.707433, 27.026309], [77.701438, 27.025276], [77.695961, 27.02202], [77.69193, 27.018093], [77.683352, 27.007163], [77.678597, 27.00507], [77.67405, 27.006259], [77.668159, 27.011969], [77.652553, 27.039125], [77.647902, 27.044344], [77.643044, 27.046618], [77.638393, 27.046463], [77.633949, 27.044086], [77.630332, 27.039771], [77.627851, 27.035482], [77.623614, 27.031322], [77.618963, 27.029953], [77.594158, 27.031115], [77.559742, 27.0368], [77.55075, 27.040081], [77.543412, 27.045171], [77.540208, 27.05238], [77.536591, 27.066539], [77.532767, 27.07026], [77.528426, 27.071164], [77.517987, 27.070958], [77.511786, 27.07256], [77.507135, 27.075789], [77.503414, 27.080466], [77.500934, 27.085582], [77.499797, 27.089174], [77.499487, 27.095091], [77.500727, 27.099483], [77.505068, 27.104883], [77.51344, 27.109224], [77.574728, 27.123719], [77.591368, 27.130747], [77.598809, 27.143356], [77.600359, 27.152193], [77.60408, 27.160668], [77.617309, 27.165706], [77.640254, 27.177256], [77.657307, 27.202707], [77.652242, 27.214541], [77.645214, 27.217305], [77.64046, 27.220819], [77.635499, 27.225444], [77.629195, 27.246477], [77.624854, 27.256941], [77.615862, 27.268413], [77.610488, 27.279291], [77.605527, 27.298334], [77.607181, 27.308773], [77.607181, 27.317894], [77.606147, 27.32363], [77.602116, 27.329495], [77.593538, 27.332001], [77.570697, 27.333061], [77.562325, 27.335851], [77.556434, 27.338512], [77.501967, 27.374867], [77.494733, 27.3782], [77.484914, 27.380345], [77.467448, 27.382644], [77.459799, 27.385073], [77.450601, 27.390189], [77.44254, 27.396183], [77.434065, 27.406131], [77.427657, 27.417552], [77.415254, 27.45928], [77.403265, 27.473104], [77.387762, 27.496849], [77.345595, 27.541885], [77.340117, 27.550463], [77.336706, 27.560411], [77.338153, 27.576172], [77.340944, 27.585784], [77.341977, 27.592502], [77.340324, 27.598445], [77.334432, 27.604879], [77.32203, 27.612914], [77.318309, 27.616868], [77.317483, 27.621984], [77.31955, 27.629735], [77.323374, 27.634825], [77.331332, 27.642499], [77.334122, 27.647357], [77.334742, 27.653248], [77.332882, 27.671024], [77.327404, 27.690016], [77.319653, 27.701617], [77.314899, 27.706371], [77.309421, 27.70911], [77.30446, 27.710428], [77.300429, 27.711823], [77.296812, 27.715776], [77.294228, 27.722003], [77.295468, 27.744172], [77.293401, 27.76877], [77.280689, 27.80944], [77.306837, 27.8321], [77.313348, 27.836079], [77.320893, 27.839386], [77.326371, 27.839774], [77.333502, 27.841712], [77.341667, 27.845742], [77.353036, 27.853778], [77.390243, 27.860677], [77.397581, 27.864527], [77.424453, 27.890753], [77.435615, 27.892251], [77.446777, 27.889435], [77.459179, 27.884991], [77.469928, 27.888065], [77.47985, 27.898039], [77.488842, 27.920027], [77.493803, 27.925815], [77.508169, 27.943282], [77.529253, 27.952506], [77.526462, 27.974468], [77.512303, 27.999609], [77.503828, 28.020228], [77.495766, 28.028315], [77.479747, 28.036454], [77.468068, 28.046815], [77.476439, 28.071491], [77.470651, 28.09937], [77.469721, 28.112729], [77.503828, 28.092859], [77.495766, 28.125984], [77.494939, 28.151848], [77.507238, 28.170245], [77.538658, 28.180993], [77.528632, 28.192931], [77.501554, 28.196677], [77.497006, 28.208924], [77.501657, 28.211612], [77.511166, 28.213472], [77.520674, 28.217219], [77.525015, 28.225693], [77.525842, 28.232773], [77.528322, 28.237837], [77.53256, 28.241171], [77.538658, 28.243057], [77.528942, 28.25347], [77.503621, 28.256725], [77.490805, 28.263546], [77.488842, 28.272538], [77.489462, 28.286362], [77.487911, 28.298996], [77.466517, 28.315223], [77.472098, 28.340441], [77.497006, 28.393254], [77.475716, 28.391316], [77.468171, 28.396691], [77.469721, 28.424932], [77.465794, 28.434285], [77.456699, 28.434595], [77.438715, 28.428653], [77.428173, 28.430668], [77.425176, 28.435629], [77.424556, 28.441908], [77.417425, 28.453948], [77.417115, 28.459762], [77.415461, 28.464955], [77.407606, 28.468986], [77.402335, 28.467332], [77.385075, 28.457617], [77.37722, 28.455344], [77.37598, 28.460692], [77.378564, 28.472397], [77.37691, 28.484127], [77.363268, 28.489476], [77.352829, 28.491853], [77.343527, 28.498287], [77.335156, 28.507873], [77.327404, 28.519707], [77.30322, 28.562908], [77.297845, 28.569393], [77.301049, 28.583553], [77.30508, 28.590452], [77.310971, 28.596498], [77.326164, 28.608487], [77.331332, 28.613525], [77.335673, 28.61952], [77.337533, 28.626186], [77.336913, 28.633911], [77.333812, 28.644428], [77.318929, 28.68104], [77.317689, 28.687319], [77.317069, 28.696001], [77.313142, 28.707266], [77.306941, 28.720599], [77.227152, 28.783592], [77.220021, 28.80509], [77.206275, 28.821859], [77.216713, 28.843511], [77.200797, 28.876791], [77.213096, 28.89728], [77.219917, 28.90604], [77.220744, 28.914385], [77.21692, 28.923635], [77.209686, 28.935133], [77.202244, 28.942471], [77.175476, 28.963064], [77.177646, 28.980609], [77.189842, 28.988205], [77.195733, 28.997584], [77.169378, 29.036471], [77.148191, 29.099619], [77.144987, 29.102643], [77.140129, 29.104735], [77.135788, 29.108456], [77.133928, 29.116363], [77.135065, 29.118998], [77.137649, 29.120988], [77.140232, 29.124166], [77.141369, 29.130341], [77.130724, 29.28059], [77.134031, 29.289272], [77.14478, 29.301648], [77.150051, 29.313327], [77.145607, 29.323843], [77.137959, 29.333533], [77.133928, 29.342602], [77.132894, 29.372213], [77.133928, 29.380171], [77.138785, 29.388672], [77.1454, 29.395519], [77.149844, 29.403374], [77.148191, 29.414923], [77.130621, 29.426395], [77.102715, 29.426938], [77.07698, 29.423915], [77.065612, 29.424845], [77.072743, 29.44009], [77.107366, 29.469235], [77.120285, 29.483782], [77.105196, 29.495409], [77.077497, 29.492231], [77.065612, 29.503677], [77.068712, 29.50298], [77.070883, 29.511119], [77.072433, 29.527888], [77.070262, 29.536389], [77.060444, 29.548533], [77.05817, 29.555483], [77.064681, 29.569513], [77.079047, 29.576335], [77.09331, 29.58114], [77.099821, 29.589021], [77.095894, 29.600777], [77.088969, 29.611526], [77.085869, 29.624006], [77.09362, 29.640853], [77.087832, 29.6585], [77.113877, 29.68222], [77.106643, 29.702296], [77.12814, 29.714233], [77.137545, 29.722786], [77.141369, 29.733328], [77.139302, 29.739942], [77.135065, 29.747564], [77.132274, 29.755833], [77.133928, 29.764359], [77.140542, 29.769734], [77.148501, 29.769966], [77.156149, 29.769062], [77.161833, 29.771206], [77.180437, 29.804253], [77.209686, 29.928845], [77.220951, 29.96073], [77.229943, 29.976646], [77.240071, 29.983467], [77.277278, 30.0176], [77.279139, 30.021656], [77.279139, 30.027082], [77.280069, 30.032896], [77.28472, 30.038089], [77.289267, 30.038761], [77.301049, 30.037004], [77.305287, 30.038089], [77.310868, 30.040415], [77.315209, 30.039459], [77.317896, 30.040415], [77.319136, 30.054471], [77.320273, 30.060103], [77.32327, 30.064367], [77.33898, 30.069664], [77.370089, 30.096432], [77.403265, 30.112839], [77.405746, 30.141597], [77.414324, 30.152449], [77.444297, 30.173714], [77.509409, 30.232367], [77.55137, 30.261383], [77.570077, 30.27823], [77.585063, 30.325204], [77.587957, 30.370446], [77.586407, 30.380704], [77.585063, 30.382926], [77.618963, 30.402021], [77.636533, 30.401426], [77.661544, 30.394915], [77.750634, 30.325617], [77.811613, 30.29226], [77.928918, 30.24433], [77.946075, 30.228336], [77.939873, 30.215081], [77.920547, 30.198725], [77.86918, 30.165756], [77.83497, 30.131391], [77.790632, 30.039485], [77.746397, 29.977344], [77.74309, 29.959955], [77.748154, 29.919854], [77.747017, 29.877996], [77.750944, 29.860193], [77.767688, 29.819369], [77.776369, 29.767486], [77.783811, 29.741751], [77.831456, 29.659895], [77.923027, 29.700952], [77.953723, 29.723199], [77.966539, 29.724413], [77.982765, 29.718755], [78.040022, 29.688188], [78.076093, 29.664055], [78.084361, 29.660722], [78.107202, 29.654521], [78.154951, 29.674985], [78.189057, 29.706688], [78.197842, 29.748159], [78.190504, 29.7926], [78.160739, 29.877143], [78.156398, 29.899907], [78.154951, 29.925435], [78.159808, 29.93856], [78.167663, 29.946932], [78.177275, 29.952591], [78.193605, 29.956208], [78.208694, 29.955536], [78.217686, 29.953676], [78.228331, 29.947423], [78.286519, 29.89231], [78.32538, 29.843088], [78.352665, 29.787769], [78.361657, 29.775496], [78.38057, 29.761569], [78.478652, 29.721959], [78.514825, 29.689144], [78.536116, 29.647803], [78.554203, 29.620905], [78.589033, 29.580107], [78.643086, 29.537577], [78.806384, 29.453086], [78.833049, 29.443862], [78.906429, 29.430452], [78.919969, 29.422184], [78.919039, 29.41252], [78.915111, 29.400092], [78.906946, 29.388362], [78.860024, 29.35025], [78.847518, 29.345263], [78.838217, 29.346039], [78.831395, 29.350328], [78.824987, 29.352627], [78.816306, 29.349992], [78.809484, 29.342137], [78.796772, 29.320769], [78.78778, 29.318986], [78.776618, 29.321983], [78.767317, 29.327564], [78.761115, 29.330303], [78.755948, 29.328675], [78.74923, 29.323843], [78.730936, 29.320071], [78.726182, 29.316273], [78.724942, 29.310304], [78.726595, 29.304439], [78.726285, 29.297876], [78.716054, 29.292889], [78.71409, 29.29059], [78.721531, 29.284027], [78.867672, 29.215168], [78.885656, 29.197365], [78.898265, 29.177367], [78.905086, 29.158789], [78.913768, 29.105588], [78.950354, 29.127008], [79.0134, 29.14202], [79.036654, 29.15388], [79.043165, 29.154784], [79.055878, 29.151761], [79.130395, 29.115252], [79.13918, 29.106906], [79.142797, 29.097707], [79.143211, 29.08732], [79.145278, 29.077812], [79.15489, 29.065125], [79.170599, 29.051121], [79.29638, 28.971565], [79.320048, 28.964537], [79.340615, 28.962987], [79.351984, 28.965726], [79.361285, 28.970325], [79.371207, 28.969886], [79.378959, 28.963142], [79.38578, 28.954615], [79.401283, 28.940792], [79.409965, 28.931258], [79.416683, 28.921775], [79.430532, 28.876326], [79.443658, 28.849583], [79.526237, 28.878418], [79.566544, 28.879349], [79.574812, 28.87108], [79.580394, 28.859479], [79.588248, 28.849118], [79.600237, 28.84904], [79.61233, 28.853278], [79.632793, 28.863329], [79.699353, 28.850436], [79.725604, 28.858911], [79.729222, 28.866378], [79.730255, 28.873458], [79.729945, 28.879607], [79.743278, 28.88524], [79.763638, 28.884387], [79.812627, 28.876868], [79.832058, 28.86599], [79.841049, 28.855293], [79.837949, 28.844751], [79.828647, 28.82452], [79.827924, 28.814495], [79.834125, 28.805787], [79.84446, 28.804857], [79.873192, 28.815812], [79.887041, 28.818009], [79.893553, 28.814185], [79.895103, 28.80509], [79.891176, 28.79323], [79.890142, 28.782507], [79.895723, 28.775195], [79.906575, 28.776151], [79.918771, 28.780156], [79.931483, 28.782197], [79.934067, 28.776616], [79.929933, 28.768554], [79.928899, 28.757702], [79.93479, 28.7476], [79.953601, 28.736282], [79.971998, 28.732872], [79.98719, 28.733569], [80.000626, 28.737316], [80.014269, 28.743569], [80.028015, 28.75225], [80.055507, 28.779096], [80.064705, 28.793798], [80.069666, 28.805167], [80.073054, 28.820925], [80.081861, 28.819353], [80.11421, 28.802584], [80.147593, 28.76331], [80.162063, 28.753285], [80.181183, 28.74729], [80.216426, 28.741942], [80.233273, 28.732718], [80.238957, 28.726258], [80.249396, 28.710213], [80.257044, 28.702745], [80.265209, 28.699283], [80.283399, 28.695356], [80.291047, 28.689671], [80.318332, 28.640113], [80.329701, 28.627479], [80.349751, 28.620218], [80.369078, 28.622647], [80.388302, 28.627246], [80.408352, 28.626342], [80.426543, 28.616807], [80.468814, 28.571849], [80.488451, 28.562444], [80.493412, 28.575647], [80.484937, 28.639287], [80.487624, 28.656469], [80.497546, 28.670137], [80.517596, 28.680033], [80.534444, 28.679555], [80.555837, 28.678948], [80.559041, 28.673031], [80.557387, 28.66435], [80.556871, 28.655022], [80.563589, 28.647038], [80.581365, 28.638951], [80.598522, 28.633783], [80.635625, 28.627866], [80.648338, 28.619753], [80.668182, 28.586344], [80.67862, 28.574717], [80.695777, 28.567508], [80.727093, 28.559679], [80.743526, 28.549964], [80.781663, 28.514746], [80.798406, 28.505703], [80.81701, 28.502551], [80.857989, 28.502447], [80.872252, 28.496866], [80.880365, 28.48188], [80.881864, 28.466842], [80.88667, 28.452786], [80.905273, 28.440849], [80.921344, 28.436198], [80.941188, 28.432684], [80.960515, 28.432271], [80.976018, 28.436922], [80.9878, 28.430979], [80.991314, 28.420256], [80.993175, 28.407828], [81.000409, 28.397002], [81.047066, 28.389088], [81.146344, 28.372249], [81.169701, 28.361319], [81.190372, 28.338116], [81.210732, 28.278637], [81.224323, 28.250783], [81.282356, 28.191588], [81.295947, 28.167455], [81.280754, 28.161977], [81.276775, 28.153787], [81.283079, 28.146087], [81.299409, 28.142521], [81.296205, 28.12831], [81.307057, 28.123814], [81.323697, 28.126243], [81.338115, 28.132728], [81.347262, 28.144433], [81.351447, 28.15681], [81.357907, 28.165982], [81.373203, 28.167843], [81.396044, 28.160634], [81.417335, 28.147017], [81.435267, 28.129783], [81.448237, 28.111412], [81.45294, 28.097046], [81.454025, 28.086607], [81.458211, 28.07728], [81.473455, 28.066402], [81.561925, 28.025991], [81.582183, 28.013278], [81.595102, 27.994881], [81.59536, 27.994726], [81.615049, 27.981239], [81.665433, 27.9708], [81.688946, 27.963204], [81.710392, 27.94752], [81.750131, 27.909667], [81.800154, 27.884087], [81.827852, 27.865639], [81.855654, 27.850937], [81.883198, 27.849051], [81.906091, 27.863107], [81.946398, 27.905352], [81.975905, 27.916953], [82.02722, 27.912406], [82.050212, 27.905586], [82.051611, 27.905171], [82.071662, 27.89003], [82.090369, 27.872331], [82.107422, 27.863572], [82.151037, 27.848275], [82.270409, 27.760477], [82.347924, 27.726009], [82.401926, 27.677175], [82.440683, 27.666426], [82.526156, 27.675211], [82.652143, 27.70415], [82.673891, 27.696458]]]}}, {"type": "Feature", "properties": {"name": "Delhi"}, "geometry": {"type": "Polygon", "coordinates": [[[77.200797, 28.876791], [77.216713, 28.843511], [77.206275, 28.821859], [77.220021, 28.80509], [77.227152, 28.783592], [77.306941, 28.720599], [77.313142, 28.707266], [77.317069, 28.696001], [77.317689, 28.687319], [77.318929, 28.68104], [77.333812, 28.644428], [77.336913, 28.633911], [77.337533, 28.626186], [77.335673, 28.61952], [77.331332, 28.613525], [77.326164, 28.608487], [77.310971, 28.596498], [77.30508, 28.590452], [77.301049, 28.583553], [77.297845, 28.569393], [77.30322, 28.562908], [77.327404, 28.519707], [77.269734, 28.510276], [77.257641, 28.505935], [77.241311, 28.49746], [77.226222, 28.48436], [77.222708, 28.477384], [77.225809, 28.470769], [77.23263, 28.465343], [77.237901, 28.458547], [77.240485, 28.452631], [77.239865, 28.44754], [77.2348, 28.442838], [77.225188, 28.437619], [77.193562, 28.432606], [77.152428, 28.44599], [77.137028, 28.455421], [77.113567, 28.467177], [77.100545, 28.475601], [77.093414, 28.482887], [77.089383, 28.489708], [77.079151, 28.517717], [77.07574, 28.523918], [77.070883, 28.528569], [77.003393, 28.558903], [76.997502, 28.559601], [76.991198, 28.557973], [76.985306, 28.549576], [76.984996, 28.53769], [76.977555, 28.534589], [76.962672, 28.532006], [76.907275, 28.528104], [76.872652, 28.519422], [76.870275, 28.528569], [76.869551, 28.533323], [76.867484, 28.538827], [76.86335, 28.544899], [76.857769, 28.550609], [76.842783, 28.562805], [76.835031, 28.571176], [76.833688, 28.578928], [76.836892, 28.587222], [76.857769, 28.605541], [76.867381, 28.622853], [76.872342, 28.62815], [76.883297, 28.632206], [76.901487, 28.634712], [76.910376, 28.636779], [76.915957, 28.642154], [76.91854, 28.662489], [76.922261, 28.67086], [76.939624, 28.684839], [76.947273, 28.696156], [76.944482, 28.707757], [76.938074, 28.718816], [76.936421, 28.725095], [76.937764, 28.740313], [76.934043, 28.791886], [76.934974, 28.804547], [76.936524, 28.81465], [76.943552, 28.826277], [76.954404, 28.835475], [76.978588, 28.847154], [77.0036, 28.854441], [77.036156, 28.853278], [77.054449, 28.86661], [77.05972, 28.873768], [77.067989, 28.882088], [77.07698, 28.88201], [77.122869, 28.870745], [77.135788, 28.865603], [77.149017, 28.861934], [77.155219, 28.861649], [77.200797, 28.876791]]]}}, {"type": "Feature", "properties": {"name": "Chandigarh"}, "geometry": {"type": "Polygon", "coordinates": [[[76.77395, 30.799025], [76.814567, 30.789129], [76.811674, 30.777657], [76.813327, 30.770267], [76.819425, 30.756779], [76.824076, 30.749751], [76.826246, 30.742956], [76.826556, 30.735282], [76.822009, 30.722104], [76.818805, 30.703191], [76.82728, 30.680712], [76.811674, 30.683218], [76.806816, 30.683295], [76.800305, 30.682675], [76.794724, 30.67973], [76.785215, 30.672288], [76.780564, 30.673451], [76.775603, 30.677404], [76.769609, 30.684665], [76.760101, 30.692003], [76.730748, 30.723164], [76.70181, 30.744558], [76.698089, 30.74926], [76.695402, 30.755875], [76.693748, 30.763523], [76.694368, 30.771507], [76.696952, 30.776339], [76.703773, 30.781403], [76.741497, 30.796493], [76.75793, 30.79856], [76.77395, 30.799025]]]}}, {"type": "Feature", "properties": {"name": "Haryana"}, "geometry": {"type": "Polygon", "coordinates": [[[76.810123, 30.934262], [76.816428, 30.932815], [76.820459, 30.929404], [76.829037, 30.911938], [76.837719, 30.903308], [76.84702, 30.898683], [76.86211, 30.896745], [76.876476, 30.900466], [76.889705, 30.901706], [76.905725, 30.899303], [76.923708, 30.882275], [76.93394, 30.870364], [76.939314, 30.859512], [76.943965, 30.840883], [76.948926, 30.829462], [76.956574, 30.820755], [76.964016, 30.815949], [76.977245, 30.8129], [76.98665, 30.808327], [76.994608, 30.802048], [76.998742, 30.790188], [76.998329, 30.784039], [77.001533, 30.777347], [77.012695, 30.770499], [77.043287, 30.7605], [77.086902, 30.738227], [77.115118, 30.722104], [77.12597, 30.711382], [77.140956, 30.693036], [77.148397, 30.678955], [77.150258, 30.663994], [77.146227, 30.637536], [77.148191, 30.60976], [77.145297, 30.595859], [77.139199, 30.583457], [77.130104, 30.568677], [77.134135, 30.554363], [77.147777, 30.538679], [77.201314, 30.500154], [77.202658, 30.487829], [77.204104, 30.482972], [77.208135, 30.476951], [77.21444, 30.475608], [77.241001, 30.489328], [77.276245, 30.47398], [77.292058, 30.464394], [77.303427, 30.460312], [77.350555, 30.453154], [77.359134, 30.449847], [77.365335, 30.442948], [77.370606, 30.435714], [77.380528, 30.429254], [77.396961, 30.430029], [77.412154, 30.43561], [77.44471, 30.454317], [77.452048, 30.454782], [77.453908, 30.44871], [77.449671, 30.441476], [77.433444, 30.425482], [77.434375, 30.421218], [77.441816, 30.418118], [77.46135, 30.417317], [77.474682, 30.418376], [77.487911, 30.420934], [77.497006, 30.424629], [77.513336, 30.424939], [77.538451, 30.403803], [77.583823, 30.382177], [77.585063, 30.382926], [77.586407, 30.380704], [77.587957, 30.370446], [77.585063, 30.325204], [77.570077, 30.27823], [77.55137, 30.261383], [77.509409, 30.232367], [77.444297, 30.173714], [77.414324, 30.152449], [77.405746, 30.141597], [77.403265, 30.112839], [77.370089, 30.096432], [77.33898, 30.069664], [77.32327, 30.064367], [77.320273, 30.060103], [77.319136, 30.054471], [77.317896, 30.040415], [77.315209, 30.039459], [77.310868, 30.040415], [77.305287, 30.038089], [77.301049, 30.037004], [77.289267, 30.038761], [77.28472, 30.038089], [77.280069, 30.032896], [77.279139, 30.027082], [77.279139, 30.021656], [77.277278, 30.0176], [77.240071, 29.983467], [77.229943, 29.976646], [77.220951, 29.96073], [77.209686, 29.928845], [77.180437, 29.804253], [77.161833, 29.771206], [77.156149, 29.769062], [77.148501, 29.769966], [77.140542, 29.769734], [77.133928, 29.764359], [77.132274, 29.755833], [77.135065, 29.747564], [77.139302, 29.739942], [77.141369, 29.733328], [77.137545, 29.722786], [77.12814, 29.714233], [77.106643, 29.702296], [77.113877, 29.68222], [77.087832, 29.6585], [77.09362, 29.640853], [77.085869, 29.624006], [77.088969, 29.611526], [77.095894, 29.600777], [77.099821, 29.589021], [77.09331, 29.58114], [77.079047, 29.576335], [77.064681, 29.569513], [77.05817, 29.555483], [77.060444, 29.548533], [77.070262, 29.536389], [77.072433, 29.527888], [77.070883, 29.511119], [77.068712, 29.50298], [77.065612, 29.503677], [77.077497, 29.492231], [77.105196, 29.495409], [77.120285, 29.483782], [77.107366, 29.469235], [77.072743, 29.44009], [77.065612, 29.424845], [77.07698, 29.423915], [77.102715, 29.426938], [77.130621, 29.426395], [77.148191, 29.414923], [77.149844, 29.403374], [77.1454, 29.395519], [77.138785, 29.388672], [77.133928, 29.380171], [77.132894, 29.372213], [77.133928, 29.342602], [77.137959, 29.333533], [77.145607, 29.323843], [77.150051, 29.313327], [77.14478, 29.301648], [77.134031, 29.289272], [77.130724, 29.28059], [77.141369, 29.130341], [77.140232, 29.124166], [77.137649, 29.120988], [77.135065, 29.118998], [77.133928, 29.116363], [77.135788, 29.108456], [77.140129, 29.104735], [77.144987, 29.102643], [77.148191, 29.099619], [77.169378, 29.036471], [77.195733, 28.997584], [77.189842, 28.988205], [77.177646, 28.980609], [77.175476, 28.963064], [77.202244, 28.942471], [77.209686, 28.935133], [77.21692, 28.923635], [77.220744, 28.914385], [77.219917, 28.90604], [77.213096, 28.89728], [77.200797, 28.876791], [77.155219, 28.861649], [77.149017, 28.861934], [77.135788, 28.865603], [77.122869, 28.870745], [77.07698, 28.88201], [77.067989, 28.882088], [77.05972, 28.873768], [77.054449, 28.86661], [77.036156, 28.853278], [77.0036, 28.854441], [76.978588, 28.847154], [76.954404, 28.835475], [76.943552, 28.826277], [76.936524, 28.81465], [76.934974, 28.804547], [76.934043, 28.791886], [76.937764, 28.740313], [76.936421, 28.725095], [76.938074, 28.718816], [76.944482, 28.707757], [76.947273, 28.696156], [76.939624, 28.684839], [76.922261, 28.67086], [76.91854, 28.662489], [76.915957, 28.642154], [76.910376, 28.636779], [76.901487, 28.634712], [76.883297, 28.632206], [76.872342, 28.62815], [76.867381, 28.622853], [76.857769, 28.605541], [76.836892, 28.587222], [76.833688, 28.578928], [76.835031, 28.571176], [76.842783, 28.562805], [76.857769, 28.550609], [76.86335, 28.544899], [76.867484, 28.538827], [76.869551, 28.533323], [76.870275, 28.528569], [76.872652, 28.519422], [76.907275, 28.528104], [76.962672, 28.532006], [76.977555, 28.534589], [76.984996, 28.53769], [76.985306, 28.549576], [76.991198, 28.557973], [76.997502, 28.559601], [77.003393, 28.558903], [77.070883, 28.528569], [77.07574, 28.523918], [77.079151, 28.517717], [77.089383, 28.489708], [77.093414, 28.482887], [77.100545, 28.475601], [77.113567, 28.467177], [77.137028, 28.455421], [77.152428, 28.44599], [77.193562, 28.432606], [77.225188, 28.437619], [77.2348, 28.442838], [77.239865, 28.44754], [77.240485, 28.452631], [77.237901, 28.458547], [77.23263, 28.465343], [77.225809, 28.470769], [77.222708, 28.477384], [77.226222, 28.48436], [77.241311, 28.49746], [77.257641, 28.505935], [77.269734, 28.510276], [77.327404, 28.519707], [77.335156, 28.507873], [77.343527, 28.498287], [77.352829, 28.491853], [77.363268, 28.489476], [77.37691, 28.484127], [77.378564, 28.472397], [77.37598, 28.460692], [77.37722, 28.455344], [77.385075, 28.457617], [77.402335, 28.467332], [77.407606, 28.468986], [77.415461, 28.464955], [77.417115, 28.459762], [77.417425, 28.453948], [77.424556, 28.441908], [77.425176, 28.435629], [77.428173, 28.430668], [77.438715, 28.428653], [77.456699, 28.434595], [77.465794, 28.434285], [77.469721, 28.424932], [77.468171, 28.396691], [77.475716, 28.391316], [77.497006, 28.393254], [77.472098, 28.340441], [77.466517, 28.315223], [77.487911, 28.298996], [77.489462, 28.286362], [77.488842, 28.272538], [77.490805, 28.263546], [77.503621, 28.256725], [77.528942, 28.25347], [77.538658, 28.243057], [77.53256, 28.241171], [77.528322, 28.237837], [77.525842, 28.232773], [77.525015, 28.225693], [77.520674, 28.217219], [77.511166, 28.213472], [77.501657, 28.211612], [77.497006, 28.208924], [77.501554, 28.196677], [77.528632, 28.192931], [77.538658, 28.180993], [77.507238, 28.170245], [77.494939, 28.151848], [77.495766, 28.125984], [77.503828, 28.092859], [77.469721, 28.112729], [77.470651, 28.09937], [77.476439, 28.071491], [77.468068, 28.046815], [77.479747, 28.036454], [77.495766, 28.028315], [77.503828, 28.020228], [77.512303, 27.999609], [77.526462, 27.974468], [77.529253, 27.952506], [77.508169, 27.943282], [77.493803, 27.925815], [77.488842, 27.920027], [77.47985, 27.898039], [77.469928, 27.888065], [77.459179, 27.884991], [77.446777, 27.889435], [77.435615, 27.892251], [77.424453, 27.890753], [77.397581, 27.864527], [77.390243, 27.860677], [77.353036, 27.853778], [77.341667, 27.845742], [77.333502, 27.841712], [77.326371, 27.839774], [77.320893, 27.839386], [77.313348, 27.836079], [77.306837, 27.8321], [77.280689, 27.80944], [77.252784, 27.814117], [77.238004, 27.796521], [77.233663, 27.793291], [77.229943, 27.792722], [77.223431, 27.796004], [77.218057, 27.802877], [77.211649, 27.812618], [77.205655, 27.817501], [77.199247, 27.816184], [77.193356, 27.802774], [77.188085, 27.798252], [77.177543, 27.799182], [77.172892, 27.805254], [77.169171, 27.813005], [77.164624, 27.817424], [77.158009, 27.816959], [77.14292, 27.79988], [77.133824, 27.794195], [77.117185, 27.793136], [77.098995, 27.797451], [77.065922, 27.810137], [77.052486, 27.811326], [77.040807, 27.807295], [77.031815, 27.791818], [77.032022, 27.781354], [77.037913, 27.773576], [77.068299, 27.760709], [77.07605, 27.754043], [77.077807, 27.746162], [77.071709, 27.741124], [77.020033, 27.736188], [77.005874, 27.730065], [76.993678, 27.716861], [76.981276, 27.689137], [76.973007, 27.679293], [76.940555, 27.680326], [76.910479, 27.670404], [76.89973, 27.67552], [76.895699, 27.678595], [76.891359, 27.683814], [76.890118, 27.68968], [76.893736, 27.69632], [76.898077, 27.699498], [76.917197, 27.705079], [76.919367, 27.70756], [76.918851, 27.711746], [76.91389, 27.718076], [76.908929, 27.722572], [76.904588, 27.727972], [76.900867, 27.73438], [76.900867, 27.744095], [76.91544, 27.815253], [76.919161, 27.822824], [76.937351, 27.846569], [76.940555, 27.852099], [76.942312, 27.857757], [76.943552, 27.865225], [76.939831, 27.900545], [76.942932, 27.915351], [76.942725, 27.92349], [76.940555, 27.933308], [76.93456, 27.949095], [76.933733, 27.959612], [76.934353, 27.967931], [76.936214, 27.974417], [76.937351, 27.98067], [76.93611, 27.98886], [76.933113, 27.998498], [76.925052, 28.01612], [76.920918, 28.033535], [76.920401, 28.05157], [76.923501, 28.067899], [76.940555, 28.122987], [76.941485, 28.135337], [76.939624, 28.146318], [76.93456, 28.15699], [76.925258, 28.166369], [76.886915, 28.194016], [76.878026, 28.202878], [76.868001, 28.217994], [76.86397, 28.222722], [76.856632, 28.228975], [76.849707, 28.232282], [76.842679, 28.233936], [76.833378, 28.233393], [76.825109, 28.230887], [76.803922, 28.219053], [76.796274, 28.211612], [76.789556, 28.202568], [76.783045, 28.186652], [76.758137, 28.159729], [76.736536, 28.147817], [76.729508, 28.1419], [76.710801, 28.128929], [76.700053, 28.124304], [76.693541, 28.120351], [76.683206, 28.110145], [76.674938, 28.103866], [76.659745, 28.096347], [76.651993, 28.090301], [76.646826, 28.085521], [76.644242, 28.079888], [76.642795, 28.073816], [76.642382, 28.067796], [76.644035, 28.059735], [76.647653, 28.050381], [76.657988, 28.029116], [76.659435, 28.021287], [76.657988, 28.016972], [76.649513, 28.013562], [76.636491, 28.011081], [76.614683, 28.009092], [76.603521, 28.006043], [76.590498, 28.001004], [76.587295, 27.998937], [76.583264, 27.995139], [76.567244, 27.976432], [76.559493, 27.97129], [76.553085, 27.971239], [76.54368, 27.978835], [76.539029, 27.985321], [76.535411, 27.99315], [76.5258, 28.029788], [76.521769, 28.038315], [76.516498, 28.042113], [76.51009, 28.043121], [76.496757, 28.042475], [76.486836, 28.04356], [76.449939, 28.05927], [76.445598, 28.064696], [76.446838, 28.070328], [76.452729, 28.074282], [76.471849, 28.079656], [76.475984, 28.082059], [76.4765, 28.084746], [76.4734, 28.088208], [76.469679, 28.091412], [76.446528, 28.104099], [76.44167, 28.110455], [76.440017, 28.11707], [76.441567, 28.122108], [76.445598, 28.123426], [76.451902, 28.122573], [76.463478, 28.118542], [76.471953, 28.116372], [76.479704, 28.115829], [76.483012, 28.11738], [76.482495, 28.122108], [76.478774, 28.128852], [76.453453, 28.162829], [76.444771, 28.167738], [76.432369, 28.168152], [76.414385, 28.163294], [76.36798, 28.15637], [76.362709, 28.157765], [76.357438, 28.161279], [76.353304, 28.165826], [76.349996, 28.171382], [76.347206, 28.178048], [76.343485, 28.184146], [76.338628, 28.189055], [76.332323, 28.192595], [76.320231, 28.196135], [76.308759, 28.200966], [76.302557, 28.199235], [76.297286, 28.192414], [76.299457, 28.176446], [76.305761, 28.166912], [76.31403, 28.159884], [76.331393, 28.151383], [76.337594, 28.146499], [76.340695, 28.13973], [76.338628, 28.13265], [76.333977, 28.128774], [76.315683, 28.125286], [76.309172, 28.122728], [76.304418, 28.117638], [76.306692, 28.108414], [76.312789, 28.103246], [76.327982, 28.097794], [76.336664, 28.093479], [76.343795, 28.085883], [76.346482, 28.075832], [76.343175, 28.063533], [76.332943, 28.051802], [76.31806, 28.048779], [76.304728, 28.048779], [76.266694, 28.077485], [76.253775, 28.080198], [76.24716, 28.079811], [76.241889, 28.077485], [76.231967, 28.071103], [76.224939, 28.069036], [76.216051, 28.06821], [76.208196, 28.069088], [76.186802, 28.074462], [76.181014, 28.074126], [76.175227, 28.072835], [76.169852, 28.070018], [76.166545, 28.065083], [76.163341, 28.0579], [76.15962, 28.044283], [76.157553, 28.033431], [76.15776, 28.01966], [76.165822, 27.991522], [76.179051, 27.957622], [76.181014, 27.943463], [76.179671, 27.92287], [76.180084, 27.909563], [76.185872, 27.898349], [76.198274, 27.890158], [76.201375, 27.885611], [76.203959, 27.878092], [76.205406, 27.864372], [76.20799, 27.854476], [76.211297, 27.847215], [76.215018, 27.841505], [76.213157, 27.834606], [76.209126, 27.827397], [76.179051, 27.807657], [76.143187, 27.831015], [76.120346, 27.851866], [76.092234, 27.854269], [75.99994, 27.842745], [75.987538, 27.847887], [75.9802, 27.856052], [75.975446, 27.870573], [75.973895, 27.880185], [75.973275, 27.888582], [75.969038, 27.894628], [75.963353, 27.900623], [75.931521, 27.91809], [75.926353, 27.937597], [75.931934, 27.953462], [75.935655, 27.95571], [75.958702, 27.952377], [75.968004, 27.954599], [75.973068, 27.957855], [75.976479, 27.962893], [75.986091, 27.970619], [75.987331, 27.977724], [75.981957, 27.988034], [75.975756, 27.99346], [75.966144, 27.999764], [75.966247, 28.001314], [75.967487, 28.003872], [75.971828, 28.010384], [75.976686, 28.014156], [75.982887, 28.02015], [75.986091, 28.027308], [75.988881, 28.042423], [75.992809, 28.050691], [76.011619, 28.065781], [76.026605, 28.083015], [76.030843, 28.092239], [76.030016, 28.102135], [76.022574, 28.108569], [76.01503, 28.110378], [76.007898, 28.108362], [76.002214, 28.105158], [75.998803, 28.101928], [75.990122, 28.091025], [75.985471, 28.086916], [75.97927, 28.084953], [75.973585, 28.086529], [75.948574, 28.103091], [75.942993, 28.110145], [75.941442, 28.117716], [75.946093, 28.128051], [75.952501, 28.133787], [75.961906, 28.139497], [75.973068, 28.144148], [75.994669, 28.150969], [76.000974, 28.154613], [76.008622, 28.161046], [76.019474, 28.178048], [76.025882, 28.185102], [76.032496, 28.187815], [76.039318, 28.185412], [76.054407, 28.169134], [76.063709, 28.162054], [76.073941, 28.158566], [76.080659, 28.163604], [76.081382, 28.174585], [76.07084, 28.195669], [76.063606, 28.205643], [76.052857, 28.215642], [76.047896, 28.221404], [76.039318, 28.241894], [76.026192, 28.262229], [75.957772, 28.343464], [75.91178, 28.384702], [75.887079, 28.403848], [75.873643, 28.408008], [75.858864, 28.410928], [75.834059, 28.419403], [75.818246, 28.430823], [75.806464, 28.432916], [75.799642, 28.432916], [75.791374, 28.429144], [75.781866, 28.428265], [75.772874, 28.432528], [75.76874, 28.445396], [75.771014, 28.455499], [75.774424, 28.463095], [75.773081, 28.469761], [75.763262, 28.478624], [75.743625, 28.487615], [75.698563, 28.520559], [75.672518, 28.555182], [75.661356, 28.564277], [75.656499, 28.567301], [75.649264, 28.57513], [75.624149, 28.607608], [75.6103, 28.621225], [75.593557, 28.642671], [75.580018, 28.668302], [75.550045, 28.754111], [75.530098, 28.792455], [75.526377, 28.804444], [75.528031, 28.820231], [75.525241, 28.834468], [75.507154, 28.860874], [75.501366, 28.877953], [75.492788, 28.907125], [75.485966, 28.926839], [75.487207, 28.932963], [75.489377, 28.939448], [75.494855, 28.943815], [75.507774, 28.951256], [75.516249, 28.957509], [75.5209, 28.966475], [75.52152, 28.977792], [75.518729, 28.988825], [75.515009, 28.996473], [75.510358, 29.000452], [75.503226, 29.003837], [75.460748, 29.017764], [75.452067, 29.023862], [75.423955, 29.063653], [75.406591, 29.083057], [75.39822, 29.095046], [75.392949, 29.105976], [75.392019, 29.115097], [75.392432, 29.123675], [75.394602, 29.130806], [75.393569, 29.13631], [75.390262, 29.142976], [75.381373, 29.15357], [75.377859, 29.162665], [75.376309, 29.170132], [75.377653, 29.176307], [75.380753, 29.180467], [75.386954, 29.18349], [75.40163, 29.185893], [75.405661, 29.187599], [75.408245, 29.190492], [75.409692, 29.195505], [75.410002, 29.201293], [75.409175, 29.207494], [75.407005, 29.213514], [75.394499, 29.233875], [75.391502, 29.252685], [75.388091, 29.257646], [75.381063, 29.258473], [75.36432, 29.252039], [75.355535, 29.245657], [75.349024, 29.239197], [75.343443, 29.23496], [75.338172, 29.234547], [75.329283, 29.239843], [75.324633, 29.246484], [75.323082, 29.253848], [75.323806, 29.260643], [75.330627, 29.282916], [75.331144, 29.289815], [75.328353, 29.296222], [75.322566, 29.299168], [75.313781, 29.298935], [75.276987, 29.282166], [75.27306, 29.278497], [75.270889, 29.273976], [75.269856, 29.268911], [75.267789, 29.264416], [75.261794, 29.260592], [75.249702, 29.256406], [75.228308, 29.253047], [75.214148, 29.253693], [75.197509, 29.264157], [75.189964, 29.270229], [75.181592, 29.273252], [75.174151, 29.272245], [75.159371, 29.258576], [75.150173, 29.252608], [75.130019, 29.249481], [75.121338, 29.246484], [75.106558, 29.238216], [75.098393, 29.236433], [75.088885, 29.235477], [75.079583, 29.236329], [75.071521, 29.240128], [75.064907, 29.246716], [75.055295, 29.268446], [75.049197, 29.278265], [75.042066, 29.285706], [75.029353, 29.29059], [75.017675, 29.290099], [74.997624, 29.280151], [74.993283, 29.279608], [74.985739, 29.279919], [74.97561, 29.282011], [74.969616, 29.284337], [74.962794, 29.290822], [74.956076, 29.30015], [74.944501, 29.321931], [74.935612, 29.344462], [74.933752, 29.352886], [74.930962, 29.359113], [74.925484, 29.366011], [74.90719, 29.378465], [74.897785, 29.382729], [74.884659, 29.386915], [74.865332, 29.391075], [74.856754, 29.39402], [74.841251, 29.402521], [74.831226, 29.403761], [74.821408, 29.402934], [74.808798, 29.398128], [74.798463, 29.391565], [74.786164, 29.381566], [74.776759, 29.372161], [74.767251, 29.366192], [74.758569, 29.364254], [74.743169, 29.364771], [74.709373, 29.371076], [74.704102, 29.370998], [74.67537, 29.366735], [74.662244, 29.366787], [74.65594, 29.36596], [74.649118, 29.363531], [74.644984, 29.358673], [74.642607, 29.351697], [74.639713, 29.338933], [74.636303, 29.33392], [74.631445, 29.331414], [74.622453, 29.331207], [74.612841, 29.332809], [74.605193, 29.33839], [74.598889, 29.346814], [74.589587, 29.366812], [74.581629, 29.378104], [74.566436, 29.395131], [74.561785, 29.403089], [74.555584, 29.416293], [74.544112, 29.431072], [74.539254, 29.435723], [74.537084, 29.441382], [74.537394, 29.449107], [74.542561, 29.460269], [74.55052, 29.465385], [74.557651, 29.467452], [74.586797, 29.46629], [74.594858, 29.467607], [74.602093, 29.470424], [74.606847, 29.477529], [74.610051, 29.487787], [74.613772, 29.520214], [74.611911, 29.53073], [74.602713, 29.543727], [74.58535, 29.561168], [74.578528, 29.573001], [74.574808, 29.589693], [74.583386, 29.674339], [74.58814, 29.691211], [74.602713, 29.726351], [74.606227, 29.742268], [74.60478, 29.755032], [74.597752, 29.765264], [74.591861, 29.769036], [74.584316, 29.770121], [74.579355, 29.768338], [74.575428, 29.764979], [74.568813, 29.7579], [74.565092, 29.756298], [74.560235, 29.7556], [74.547832, 29.755678], [74.540701, 29.754282], [74.53388, 29.75051], [74.523028, 29.742629], [74.515276, 29.739089], [74.506285, 29.73679], [74.498326, 29.736247], [74.488508, 29.737048], [74.477966, 29.739865], [74.468044, 29.744386], [74.46174, 29.751802], [74.459362, 29.763093], [74.461429, 29.782265], [74.466494, 29.798931], [74.476002, 29.81663], [74.481893, 29.823503], [74.485717, 29.826681], [74.494296, 29.8288], [74.524681, 29.840789], [74.5345, 29.846499], [74.541735, 29.85301], [74.547006, 29.860813], [74.549693, 29.869495], [74.548866, 29.878926], [74.544835, 29.887969], [74.53512, 29.896496], [74.526232, 29.901767], [74.518377, 29.909777], [74.514346, 29.915384], [74.516517, 29.94719], [74.577805, 29.933832], [74.632685, 29.914815], [74.650669, 29.914066], [74.654389, 29.917089], [74.65935, 29.923859], [74.667205, 29.937656], [74.672166, 29.943444], [74.678057, 29.948379], [74.710717, 29.968378], [74.719295, 29.971453], [74.726013, 29.972693], [74.745236, 29.972383], [74.767251, 29.974708], [74.806215, 29.98525], [74.81624, 29.98631], [74.823371, 29.984992], [74.826782, 29.981297], [74.832776, 29.972925], [74.83691, 29.968585], [74.841458, 29.965587], [74.852413, 29.962693], [74.90347, 29.954839], [74.913392, 29.951273], [74.918663, 29.948379], [74.927551, 29.941351], [74.931272, 29.936623], [74.932822, 29.93285], [74.935302, 29.921481], [74.937473, 29.915384], [74.941297, 29.909725], [74.945741, 29.905643], [74.969099, 29.892543], [74.974576, 29.888124], [74.979847, 29.882776], [74.984602, 29.878745], [74.99566, 29.872983], [75.004549, 29.872751], [75.019535, 29.875619], [75.04744, 29.883887], [75.059739, 29.885876], [75.067801, 29.888357], [75.072762, 29.891147], [75.076379, 29.896082], [75.078239, 29.900992], [75.07979, 29.907606], [75.079893, 29.91311], [75.081753, 29.919931], [75.085784, 29.924324], [75.095293, 29.92776], [75.102114, 29.923807], [75.105628, 29.918071], [75.106558, 29.910423], [75.106765, 29.902077], [75.106145, 29.89293], [75.104388, 29.885282], [75.101804, 29.879598], [75.098807, 29.8766], [75.095396, 29.874146], [75.093226, 29.872105], [75.092605, 29.869314], [75.093432, 29.867221], [75.099013, 29.859418], [75.100667, 29.85562], [75.101184, 29.850659], [75.098186, 29.833967], [75.100254, 29.826914], [75.105214, 29.821384], [75.128676, 29.810687], [75.13405, 29.80583], [75.140251, 29.798078], [75.144799, 29.793866], [75.147692, 29.792833], [75.149863, 29.793866], [75.15131, 29.796373], [75.155134, 29.817121], [75.156994, 29.820687], [75.160095, 29.824278], [75.165262, 29.827404], [75.179732, 29.833192], [75.187897, 29.834743], [75.193168, 29.832675], [75.196268, 29.827637], [75.197819, 29.814408], [75.200196, 29.807018], [75.203606, 29.8003], [75.212598, 29.787407], [75.230892, 29.765806], [75.236163, 29.756995], [75.238333, 29.751879], [75.23823, 29.748779], [75.236059, 29.747487], [75.232442, 29.746479], [75.227171, 29.745962], [75.221693, 29.745962], [75.218283, 29.746298], [75.214252, 29.747073], [75.210531, 29.747384], [75.207947, 29.746841], [75.206087, 29.744619], [75.205157, 29.74095], [75.204847, 29.734077], [75.20712, 29.718212], [75.207327, 29.710926], [75.20712, 29.707644], [75.20557, 29.705319], [75.199576, 29.70134], [75.184073, 29.693718], [75.179835, 29.692477], [75.174254, 29.690126], [75.172084, 29.688214], [75.17229, 29.684933], [75.174461, 29.679868], [75.192548, 29.663254], [75.193995, 29.659508], [75.193995, 29.655994], [75.192858, 29.653307], [75.189344, 29.648346], [75.190274, 29.64447], [75.194305, 29.63863], [75.20681, 29.628373], [75.213632, 29.621345], [75.217869, 29.614678], [75.219109, 29.609924], [75.219523, 29.605041], [75.220763, 29.601243], [75.226447, 29.590701], [75.228618, 29.58468], [75.234612, 29.561788], [75.248565, 29.559824], [75.267995, 29.569642], [75.29528, 29.574862], [75.301792, 29.580494], [75.303549, 29.589176], [75.299518, 29.597677], [75.293627, 29.60517], [75.289906, 29.611526], [75.29063, 29.621526], [75.296727, 29.633954], [75.31161, 29.656175], [75.321532, 29.662583], [75.329904, 29.662763], [75.335795, 29.660903], [75.342823, 29.662841], [75.344786, 29.670954], [75.344166, 29.679248], [75.345303, 29.686974], [75.353675, 29.695449], [75.376722, 29.712941], [75.384784, 29.722269], [75.408762, 29.761414], [75.431499, 29.785831], [75.445762, 29.806191], [75.45248, 29.809214], [75.461162, 29.807897], [75.477905, 29.800533], [75.511185, 29.787846], [75.530201, 29.786373], [75.539503, 29.787484], [75.548081, 29.784539], [75.575367, 29.769527], [75.604409, 29.764669], [75.623632, 29.767124], [75.641926, 29.773067], [75.663217, 29.775315], [75.698563, 29.768984], [75.710862, 29.771232], [75.717684, 29.778028], [75.718924, 29.786063], [75.717477, 29.794332], [75.720164, 29.802626], [75.727502, 29.810351], [75.759231, 29.823735], [75.786, 29.83097], [75.796955, 29.830195], [75.806257, 29.828645], [75.821036, 29.824769], [75.829821, 29.821074], [75.851939, 29.805029], [75.85814, 29.796502], [75.873126, 29.764101], [75.875503, 29.760561], [75.886665, 29.749244], [75.90806, 29.748159], [75.939892, 29.738547], [75.956945, 29.738624], [75.970588, 29.742965], [75.991569, 29.752732], [76.003971, 29.75653], [76.031773, 29.754825], [76.043865, 29.758158], [76.05203, 29.764411], [76.08438, 29.802109], [76.125824, 29.81849], [76.147321, 29.82327], [76.161274, 29.830092], [76.184115, 29.845414], [76.213881, 29.858746], [76.22556, 29.869082], [76.226283, 29.878202], [76.219048, 29.885489], [76.200135, 29.895411], [76.193313, 29.901069], [76.188146, 29.909467], [76.185355, 29.918381], [76.181014, 29.92807], [76.178431, 29.935873], [76.176984, 29.945537], [76.178121, 29.954684], [76.183702, 29.973571], [76.203339, 30.021682], [76.21047, 30.03349], [76.219048, 30.042508], [76.221942, 30.046409], [76.223079, 30.050673], [76.221322, 30.054781], [76.218738, 30.059587], [76.216981, 30.063695], [76.216258, 30.068708], [76.216568, 30.075193], [76.219668, 30.079224], [76.224629, 30.081704], [76.246333, 30.084882], [76.252741, 30.088577], [76.251294, 30.092479], [76.244783, 30.096354], [76.217188, 30.105217], [76.211607, 30.108318], [76.205819, 30.113046], [76.202408, 30.118162], [76.201375, 30.125603], [76.205819, 30.130978], [76.213881, 30.137489], [76.220702, 30.139814], [76.228763, 30.138652], [76.257702, 30.118601], [76.266694, 30.113692], [76.274239, 30.111728], [76.286538, 30.110514], [76.29956, 30.106922], [76.308138, 30.105915], [76.317234, 30.106561], [76.326845, 30.111883], [76.329946, 30.116844], [76.329636, 30.123355], [76.327776, 30.130358], [76.328086, 30.138833], [76.333357, 30.141623], [76.338938, 30.141235], [76.345966, 30.136585], [76.357748, 30.123717], [76.363639, 30.118446], [76.36829, 30.116534], [76.373457, 30.116973], [76.379349, 30.119945], [76.383173, 30.125681], [76.392474, 30.144698], [76.394025, 30.149426], [76.393921, 30.154542], [76.392061, 30.159529], [76.388444, 30.165756], [76.38617, 30.171699], [76.387824, 30.180044], [76.394541, 30.184566], [76.401983, 30.186452], [76.409321, 30.185884], [76.415315, 30.182602], [76.419346, 30.177125], [76.429578, 30.140357], [76.437536, 30.12426], [76.448698, 30.108111], [76.454589, 30.101625], [76.462031, 30.097026], [76.486526, 30.090773], [76.497067, 30.085218], [76.531381, 30.083978], [76.589775, 30.124027], [76.624812, 30.142837], [76.629359, 30.147566], [76.628532, 30.158676], [76.630083, 30.166893], [76.638661, 30.18206], [76.640831, 30.190561], [76.641451, 30.197976], [76.639694, 30.202188], [76.637421, 30.205443], [76.63339, 30.208441], [76.628222, 30.210714], [76.6152, 30.214228], [76.609309, 30.217639], [76.605278, 30.221515], [76.602487, 30.226166], [76.60042, 30.231359], [76.59918, 30.236475], [76.59763, 30.240196], [76.594736, 30.243865], [76.590809, 30.246681], [76.586364, 30.248128], [76.582437, 30.247275], [76.577476, 30.243658], [76.561146, 30.22477], [76.556082, 30.220895], [76.549881, 30.218337], [76.545333, 30.217794], [76.539339, 30.219887], [76.535411, 30.225029], [76.533138, 30.234615], [76.539132, 30.245131], [76.550191, 30.25451], [76.564557, 30.2619], [76.605588, 30.274431], [76.61675, 30.27947], [76.636904, 30.29102], [76.649926, 30.296807], [76.714315, 30.337115], [76.729715, 30.349595], [76.736846, 30.357088], [76.740153, 30.362902], [76.739017, 30.366596], [76.734056, 30.369206], [76.722273, 30.371635], [76.718966, 30.373418], [76.717106, 30.376751], [76.716382, 30.381247], [76.721447, 30.410599], [76.724237, 30.41649], [76.727648, 30.420056], [76.752866, 30.43052], [76.767129, 30.430598], [76.786456, 30.422924], [76.798444, 30.422846], [76.82945, 30.427084], [76.838752, 30.424241], [76.845263, 30.417524], [76.851051, 30.404734], [76.860043, 30.376828], [76.869241, 30.362359], [76.880507, 30.358302], [76.891049, 30.361248], [76.90035, 30.372022], [76.904898, 30.384089], [76.906965, 30.395768], [76.906345, 30.405612], [76.897146, 30.442096], [76.895699, 30.455635], [76.89601, 30.486615], [76.898077, 30.494056], [76.90004, 30.498216], [76.906035, 30.506278], [76.910376, 30.514158], [76.909755, 30.520437], [76.905518, 30.526845], [76.89787, 30.535191], [76.893116, 30.543795], [76.894459, 30.561132], [76.901487, 30.592629], [76.901487, 30.598804], [76.89942, 30.604825], [76.896216, 30.610535], [76.891049, 30.62733], [76.886604, 30.633789], [76.879266, 30.637536], [76.871722, 30.638544], [76.865934, 30.640869], [76.860663, 30.645236], [76.854358, 30.675337], [76.852808, 30.679032], [76.851258, 30.681564], [76.848881, 30.682288], [76.8464, 30.682029], [76.841853, 30.679678], [76.838132, 30.6788], [76.82728, 30.680712], [76.818805, 30.703191], [76.822009, 30.722104], [76.826556, 30.735282], [76.826246, 30.742956], [76.824076, 30.749751], [76.819425, 30.756779], [76.813327, 30.770267], [76.811674, 30.777657], [76.814567, 30.789129], [76.829657, 30.808766], [76.834721, 30.82246], [76.835858, 30.82923], [76.835238, 30.83587], [76.832758, 30.842278], [76.828727, 30.846205], [76.822319, 30.849073], [76.808573, 30.852432], [76.801855, 30.856153], [76.796894, 30.861992], [76.785525, 30.885169], [76.777774, 30.897288], [76.768162, 30.907597], [76.7724, 30.912868], [76.781495, 30.920439], [76.796274, 30.930335], [76.803095, 30.933048], [76.810123, 30.934262]]]}}]}